age,postal_code,gender,size,cust_id,embed_text
25-30,Mumbai,Male,XS,1,"Customer ID: 1, Gender: Male, postal_code: Mumbai, Age Range: 25-30, Size: XS"
30-35,Bengaluru,Male,XS,3,"Customer ID: 3, Gender: Male, postal_code: Bengaluru, Age Range: 30-35, Size: XS"
50-60,Chennai,Female,M,5,"Customer ID: 5, Gender: Female, postal_code: Chennai, Age Range: 50-60, Size: M"
60-70,Jaipur,Female,M,11,"Customer ID: 11, Gender: Female, postal_code: Jaipur, Age Range: 60-70, Size: M"
40-50,Bengaluru,Female,XL,12,"Customer ID: 12, Gender: Female, postal_code: Bengaluru, Age Range: 40-50, Size: XL"
20-25,Hyderabad,Female,L,13,"Customer ID: 13, Gender: Female, postal_code: Hyderabad, Age Range: 20-25, Size: L"
25-30,Chennai,Female,M,17,"Customer ID: 17, Gender: Female, postal_code: Chennai, Age Range: 25-30, Size: M"
50-60,Chennai,Female,M,19,"Customer ID: 19, Gender: Female, postal_code: Chennai, Age Range: 50-60, Size: M"
30-35,Delhi,Male,XS,20,"Customer ID: 20, Gender: Male, postal_code: Delhi, Age Range: 30-35, Size: XS"
15-20,Chennai,Female,S,21,"Customer ID: 21, Gender: Female, postal_code: Chennai, Age Range: 15-20, Size: S"
25-30,Bengaluru,Male,XL,22,"Customer ID: 22, Gender: Male, postal_code: Bengaluru, Age Range: 25-30, Size: XL"
30-35,Chandigarh,Female,XL,23,"Customer ID: 23, Gender: Female, postal_code: Chandigarh, Age Range: 30-35, Size: XL"
25-30,Hyderabad,Female,S,24,"Customer ID: 24, Gender: Female, postal_code: Hyderabad, Age Range: 25-30, Size: S"
20-25,Chennai,Female,XS,27,"Customer ID: 27, Gender: Female, postal_code: Chennai, Age Range: 20-25, Size: XS"
50-60,Ahmedabad,Female,M,28,"Customer ID: 28, Gender: Female, postal_code: Ahmedabad, Age Range: 50-60, Size: M"
20-25,Vadodara,Male,L,30,"Customer ID: 30, Gender: Male, postal_code: Vadodara, Age Range: 20-25, Size: L"
60-70,Nagpur,Female,L,32,"Customer ID: 32, Gender: Female, postal_code: Nagpur, Age Range: 60-70, Size: L"
30-35,Lucknow,Female,XS,33,"Customer ID: 33, Gender: Female, postal_code: Lucknow, Age Range: 30-35, Size: XS"
20-25,Coimbatore,Female,XS,35,"Customer ID: 35, Gender: Female, postal_code: Coimbatore, Age Range: 20-25, Size: XS"
20-25,Hyderabad,Male,S,36,"Customer ID: 36, Gender: Male, postal_code: Hyderabad, Age Range: 20-25, Size: S"
,Mumbai,Female,L,37,"Customer ID: 37, Gender: Female, postal_code: Mumbai, Age Range: nan, Size: L"
20-25,Delhi,Male,XS,40,"Customer ID: 40, Gender: Male, postal_code: Delhi, Age Range: 20-25, Size: XS"
50-60,Chennai,Female,M,41,"Customer ID: 41, Gender: Female, postal_code: Chennai, Age Range: 50-60, Size: M"
25-30,Hyderabad,Female,L,42,"Customer ID: 42, Gender: Female, postal_code: Hyderabad, Age Range: 25-30, Size: L"
40-50,Mumbai,Female,XL,44,"Customer ID: 44, Gender: Female, postal_code: Mumbai, Age Range: 40-50, Size: XL"
40-50,Chennai,Male,XL,45,"Customer ID: 45, Gender: Male, postal_code: Chennai, Age Range: 40-50, Size: XL"
50-60,Chennai,Female,XL,47,"Customer ID: 47, Gender: Female, postal_code: Chennai, Age Range: 50-60, Size: XL"
35-40,Surat,Female,M,48,"Customer ID: 48, Gender: Female, postal_code: Surat, Age Range: 35-40, Size: M"
35-40,Mumbai,Male,XL,49,"Customer ID: 49, Gender: Male, postal_code: Mumbai, Age Range: 35-40, Size: XL"
25-30,Chennai,Female,L,50,"Customer ID: 50, Gender: Female, postal_code: Chennai, Age Range: 25-30, Size: L"
35-40,Chandigarh,Female,L,51,"Customer ID: 51, Gender: Female, postal_code: Chandigarh, Age Range: 35-40, Size: L"
20-25,Ahmedabad,Female,XL,52,"Customer ID: 52, Gender: Female, postal_code: Ahmedabad, Age Range: 20-25, Size: XL"
25-30,Delhi,Female,S,53,"Customer ID: 53, Gender: Female, postal_code: Delhi, Age Range: 25-30, Size: S"
20-25,Hyderabad,Female,XL,54,"Customer ID: 54, Gender: Female, postal_code: Hyderabad, Age Range: 20-25, Size: XL"
25-30,Lucknow,Male,S,55,"Customer ID: 55, Gender: Male, postal_code: Lucknow, Age Range: 25-30, Size: S"
30-35,Delhi,Female,L,56,"Customer ID: 56, Gender: Female, postal_code: Delhi, Age Range: 30-35, Size: L"
50-60,Lucknow,Male,XS,58,"Customer ID: 58, Gender: Male, postal_code: Lucknow, Age Range: 50-60, Size: XS"
35-40,Vadodara,Male,XS,60,"Customer ID: 60, Gender: Male, postal_code: Vadodara, Age Range: 35-40, Size: XS"
50-60,Mumbai,Female,S,62,"Customer ID: 62, Gender: Female, postal_code: Mumbai, Age Range: 50-60, Size: S"
50-60,Bengaluru,Female,L,63,"Customer ID: 63, Gender: Female, postal_code: Bengaluru, Age Range: 50-60, Size: L"
40-50,Bengaluru,Female,XL,64,"Customer ID: 64, Gender: Female, postal_code: Bengaluru, Age Range: 40-50, Size: XL"
30-35,Delhi,Female,XL,65,"Customer ID: 65, Gender: Female, postal_code: Delhi, Age Range: 30-35, Size: XL"
20-25,Bengaluru,Male,M,66,"Customer ID: 66, Gender: Male, postal_code: Bengaluru, Age Range: 20-25, Size: M"
35-40,Mumbai,Female,XS,71,"Customer ID: 71, Gender: Female, postal_code: Mumbai, Age Range: 35-40, Size: XS"
50-60,Delhi,Male,S,73,"Customer ID: 73, Gender: Male, postal_code: Delhi, Age Range: 50-60, Size: S"
20-25,Hyderabad,Female,L,76,"Customer ID: 76, Gender: Female, postal_code: Hyderabad, Age Range: 20-25, Size: L"
50-60,Mumbai,Male,XS,77,"Customer ID: 77, Gender: Male, postal_code: Mumbai, Age Range: 50-60, Size: XS"
50-60,Patna,Male,M,80,"Customer ID: 80, Gender: Male, postal_code: Patna, Age Range: 50-60, Size: M"
40-50,Jaipur,Female,L,81,"Customer ID: 81, Gender: Female, postal_code: Jaipur, Age Range: 40-50, Size: L"
50-60,Delhi,Male,S,82,"Customer ID: 82, Gender: Male, postal_code: Delhi, Age Range: 50-60, Size: S"
25-30,Patna,Female,S,84,"Customer ID: 84, Gender: Female, postal_code: Patna, Age Range: 25-30, Size: S"
30-35,Hyderabad,Male,M,85,"Customer ID: 85, Gender: Male, postal_code: Hyderabad, Age Range: 30-35, Size: M"
25-30,Bengaluru,Female,L,86,"Customer ID: 86, Gender: Female, postal_code: Bengaluru, Age Range: 25-30, Size: L"
25-30,Hyderabad,Female,XL,87,"Customer ID: 87, Gender: Female, postal_code: Hyderabad, Age Range: 25-30, Size: XL"
50-60,Chennai,Female,M,90,"Customer ID: 90, Gender: Female, postal_code: Chennai, Age Range: 50-60, Size: M"
35-40,Chennai,Male,L,91,"Customer ID: 91, Gender: Male, postal_code: Chennai, Age Range: 35-40, Size: L"
40-50,Bengaluru,Female,XS,92,"Customer ID: 92, Gender: Female, postal_code: Bengaluru, Age Range: 40-50, Size: XS"
50-60,Pune,Female,M,94,"Customer ID: 94, Gender: Female, postal_code: Pune, Age Range: 50-60, Size: M"
50-60,Ahmedabad,Female,XL,96,"Customer ID: 96, Gender: Female, postal_code: Ahmedabad, Age Range: 50-60, Size: XL"
50-60,Surat,Female,XL,98,"Customer ID: 98, Gender: Female, postal_code: Surat, Age Range: 50-60, Size: XL"
25-30,Pune,Male,L,100,"Customer ID: 100, Gender: Male, postal_code: Pune, Age Range: 25-30, Size: L"
25-30,Delhi,Male,L,102,"Customer ID: 102, Gender: Male, postal_code: Delhi, Age Range: 25-30, Size: L"
40-50,Hyderabad,Female,XL,103,"Customer ID: 103, Gender: Female, postal_code: Hyderabad, Age Range: 40-50, Size: XL"
60-70,Delhi,Female,L,108,"Customer ID: 108, Gender: Female, postal_code: Delhi, Age Range: 60-70, Size: L"
20-25,Jaipur,Male,S,110,"Customer ID: 110, Gender: Male, postal_code: Jaipur, Age Range: 20-25, Size: S"
40-50,Delhi,Female,M,111,"Customer ID: 111, Gender: Female, postal_code: Delhi, Age Range: 40-50, Size: M"
40-50,Guwahati,Female,XS,113,"Customer ID: 113, Gender: Female, postal_code: Guwahati, Age Range: 40-50, Size: XS"
20-25,Chennai,Female,S,114,"Customer ID: 114, Gender: Female, postal_code: Chennai, Age Range: 20-25, Size: S"
50-60,Bengaluru,Female,M,115,"Customer ID: 115, Gender: Female, postal_code: Bengaluru, Age Range: 50-60, Size: M"
40-50,Pune,Male,XL,117,"Customer ID: 117, Gender: Male, postal_code: Pune, Age Range: 40-50, Size: XL"
40-50,Chennai,Female,M,118,"Customer ID: 118, Gender: Female, postal_code: Chennai, Age Range: 40-50, Size: M"
20-25,Chennai,Male,L,120,"Customer ID: 120, Gender: Male, postal_code: Chennai, Age Range: 20-25, Size: L"
25-30,Hyderabad,Male,S,121,"Customer ID: 121, Gender: Male, postal_code: Hyderabad, Age Range: 25-30, Size: S"
50-60,Delhi,Female,L,123,"Customer ID: 123, Gender: Female, postal_code: Delhi, Age Range: 50-60, Size: L"
20-25,Visakhapatnam,Female,XS,125,"Customer ID: 125, Gender: Female, postal_code: Visakhapatnam, Age Range: 20-25, Size: XS"
40-50,Bengaluru,Female,L,126,"Customer ID: 126, Gender: Female, postal_code: Bengaluru, Age Range: 40-50, Size: L"
60-70,Pune,Female,M,128,"Customer ID: 128, Gender: Female, postal_code: Pune, Age Range: 60-70, Size: M"
25-30,Delhi,Male,S,130,"Customer ID: 130, Gender: Male, postal_code: Delhi, Age Range: 25-30, Size: S"
40-50,Ahmedabad,Male,M,131,"Customer ID: 131, Gender: Male, postal_code: Ahmedabad, Age Range: 40-50, Size: M"
50-60,Hyderabad,Male,M,132,"Customer ID: 132, Gender: Male, postal_code: Hyderabad, Age Range: 50-60, Size: M"
25-30,Hyderabad,Female,S,138,"Customer ID: 138, Gender: Female, postal_code: Hyderabad, Age Range: 25-30, Size: S"
20-25,Pune,Male,XS,139,"Customer ID: 139, Gender: Male, postal_code: Pune, Age Range: 20-25, Size: XS"
30-35,Nagpur,Male,XL,140,"Customer ID: 140, Gender: Male, postal_code: Nagpur, Age Range: 30-35, Size: XL"
20-25,Kolkata,Female,M,141,"Customer ID: 141, Gender: Female, postal_code: Kolkata, Age Range: 20-25, Size: M"
40-50,Visakhapatnam,Male,L,142,"Customer ID: 142, Gender: Male, postal_code: Visakhapatnam, Age Range: 40-50, Size: L"
25-30,Visakhapatnam,Female,XS,143,"Customer ID: 143, Gender: Female, postal_code: Visakhapatnam, Age Range: 25-30, Size: XS"
25-30,Bhopal,Female,XS,144,"Customer ID: 144, Gender: Female, postal_code: Bhopal, Age Range: 25-30, Size: XS"
25-30,Mumbai,Male,XL,147,"Customer ID: 147, Gender: Male, postal_code: Mumbai, Age Range: 25-30, Size: XL"
20-25,Chennai,Female,XS,148,"Customer ID: 148, Gender: Female, postal_code: Chennai, Age Range: 20-25, Size: XS"
50-60,Chennai,Male,XL,149,"Customer ID: 149, Gender: Male, postal_code: Chennai, Age Range: 50-60, Size: XL"
25-30,Bengaluru,Male,L,150,"Customer ID: 150, Gender: Male, postal_code: Bengaluru, Age Range: 25-30, Size: L"
35-40,Surat,Male,XS,154,"Customer ID: 154, Gender: Male, postal_code: Surat, Age Range: 35-40, Size: XS"
30-35,Mumbai,Female,L,155,"Customer ID: 155, Gender: Female, postal_code: Mumbai, Age Range: 30-35, Size: L"
20-25,Ahmedabad,Female,M,159,"Customer ID: 159, Gender: Female, postal_code: Ahmedabad, Age Range: 20-25, Size: M"
35-40,Hyderabad,Male,L,160,"Customer ID: 160, Gender: Male, postal_code: Hyderabad, Age Range: 35-40, Size: L"
25-30,Chennai,Female,S,161,"Customer ID: 161, Gender: Female, postal_code: Chennai, Age Range: 25-30, Size: S"
50-60,Chennai,Female,S,162,"Customer ID: 162, Gender: Female, postal_code: Chennai, Age Range: 50-60, Size: S"
50-60,Bengaluru,Female,L,164,"Customer ID: 164, Gender: Female, postal_code: Bengaluru, Age Range: 50-60, Size: L"
35-40,Mumbai,Female,M,165,"Customer ID: 165, Gender: Female, postal_code: Mumbai, Age Range: 35-40, Size: M"
25-30,Mumbai,Male,L,168,"Customer ID: 168, Gender: Male, postal_code: Mumbai, Age Range: 25-30, Size: L"
60-70,Chennai,Female,L,169,"Customer ID: 169, Gender: Female, postal_code: Chennai, Age Range: 60-70, Size: L"
25-30,Hyderabad,Female,XS,170,"Customer ID: 170, Gender: Female, postal_code: Hyderabad, Age Range: 25-30, Size: XS"
40-50,Bengaluru,Male,L,172,"Customer ID: 172, Gender: Male, postal_code: Bengaluru, Age Range: 40-50, Size: L"
50-60,Delhi,Female,S,173,"Customer ID: 173, Gender: Female, postal_code: Delhi, Age Range: 50-60, Size: S"
50-60,Mumbai,Female,XL,175,"Customer ID: 175, Gender: Female, postal_code: Mumbai, Age Range: 50-60, Size: XL"
25-30,Ahmedabad,Male,XL,176,"Customer ID: 176, Gender: Male, postal_code: Ahmedabad, Age Range: 25-30, Size: XL"
60-70,Hyderabad,Female,S,177,"Customer ID: 177, Gender: Female, postal_code: Hyderabad, Age Range: 60-70, Size: S"
35-40,Chennai,Male,M,178,"Customer ID: 178, Gender: Male, postal_code: Chennai, Age Range: 35-40, Size: M"
40-50,Chandigarh,Female,XL,179,"Customer ID: 179, Gender: Female, postal_code: Chandigarh, Age Range: 40-50, Size: XL"
25-30,Chennai,Male,S,180,"Customer ID: 180, Gender: Male, postal_code: Chennai, Age Range: 25-30, Size: S"
20-25,Jaipur,Male,S,181,"Customer ID: 181, Gender: Male, postal_code: Jaipur, Age Range: 20-25, Size: S"
40-50,Bengaluru,Female,S,182,"Customer ID: 182, Gender: Female, postal_code: Bengaluru, Age Range: 40-50, Size: S"
35-40,Chennai,Female,L,183,"Customer ID: 183, Gender: Female, postal_code: Chennai, Age Range: 35-40, Size: L"
40-50,Guwahati,Male,M,184,"Customer ID: 184, Gender: Male, postal_code: Guwahati, Age Range: 40-50, Size: M"
25-30,Delhi,Female,XS,188,"Customer ID: 188, Gender: Female, postal_code: Delhi, Age Range: 25-30, Size: XS"
60-70,Bengaluru,Male,M,189,"Customer ID: 189, Gender: Male, postal_code: Bengaluru, Age Range: 60-70, Size: M"
50-60,Delhi,Female,XS,190,"Customer ID: 190, Gender: Female, postal_code: Delhi, Age Range: 50-60, Size: XS"
40-50,Bengaluru,Female,M,191,"Customer ID: 191, Gender: Female, postal_code: Bengaluru, Age Range: 40-50, Size: M"
50-60,Visakhapatnam,Male,M,198,"Customer ID: 198, Gender: Male, postal_code: Visakhapatnam, Age Range: 50-60, Size: M"
20-25,Visakhapatnam,Male,S,201,"Customer ID: 201, Gender: Male, postal_code: Visakhapatnam, Age Range: 20-25, Size: S"
40-50,Ahmedabad,Female,S,202,"Customer ID: 202, Gender: Female, postal_code: Ahmedabad, Age Range: 40-50, Size: S"
40-50,Nagpur,Female,XL,203,"Customer ID: 203, Gender: Female, postal_code: Nagpur, Age Range: 40-50, Size: XL"
35-40,Bengaluru,Female,M,204,"Customer ID: 204, Gender: Female, postal_code: Bengaluru, Age Range: 35-40, Size: M"
50-60,Chennai,Female,M,205,"Customer ID: 205, Gender: Female, postal_code: Chennai, Age Range: 50-60, Size: M"
,Chennai,Female,XL,206,"Customer ID: 206, Gender: Female, postal_code: Chennai, Age Range: nan, Size: XL"
50-60,Indore,Female,XL,207,"Customer ID: 207, Gender: Female, postal_code: Indore, Age Range: 50-60, Size: XL"
20-25,Patna,Female,M,208,"Customer ID: 208, Gender: Female, postal_code: Patna, Age Range: 20-25, Size: M"
40-50,Nagpur,Male,L,210,"Customer ID: 210, Gender: Male, postal_code: Nagpur, Age Range: 40-50, Size: L"
20-25,Delhi,Male,S,211,"Customer ID: 211, Gender: Male, postal_code: Delhi, Age Range: 20-25, Size: S"
40-50,Delhi,Male,XL,212,"Customer ID: 212, Gender: Male, postal_code: Delhi, Age Range: 40-50, Size: XL"
60-70,Chandigarh,Female,S,214,"Customer ID: 214, Gender: Female, postal_code: Chandigarh, Age Range: 60-70, Size: S"
25-30,Vadodara,Female,M,215,"Customer ID: 215, Gender: Female, postal_code: Vadodara, Age Range: 25-30, Size: M"
30-35,Bengaluru,Female,XL,216,"Customer ID: 216, Gender: Female, postal_code: Bengaluru, Age Range: 30-35, Size: XL"
60-70,Guwahati,Female,S,217,"Customer ID: 217, Gender: Female, postal_code: Guwahati, Age Range: 60-70, Size: S"
25-30,Nagpur,Male,S,218,"Customer ID: 218, Gender: Male, postal_code: Nagpur, Age Range: 25-30, Size: S"
60-70,Hyderabad,Female,XS,219,"Customer ID: 219, Gender: Female, postal_code: Hyderabad, Age Range: 60-70, Size: XS"
20-25,Coimbatore,Female,S,220,"Customer ID: 220, Gender: Female, postal_code: Coimbatore, Age Range: 20-25, Size: S"
70-80,Bengaluru,Male,XS,222,"Customer ID: 222, Gender: Male, postal_code: Bengaluru, Age Range: 70-80, Size: XS"
35-40,Delhi,Female,M,226,"Customer ID: 226, Gender: Female, postal_code: Delhi, Age Range: 35-40, Size: M"
40-50,Nagpur,Female,L,228,"Customer ID: 228, Gender: Female, postal_code: Nagpur, Age Range: 40-50, Size: L"
20-25,Guwahati,Female,S,229,"Customer ID: 229, Gender: Female, postal_code: Guwahati, Age Range: 20-25, Size: S"
20-25,Visakhapatnam,Female,XL,230,"Customer ID: 230, Gender: Female, postal_code: Visakhapatnam, Age Range: 20-25, Size: XL"
40-50,Chennai,Male,XS,231,"Customer ID: 231, Gender: Male, postal_code: Chennai, Age Range: 40-50, Size: XS"
50-60,Ahmedabad,Female,M,232,"Customer ID: 232, Gender: Female, postal_code: Ahmedabad, Age Range: 50-60, Size: M"
30-35,Pune,Female,XS,233,"Customer ID: 233, Gender: Female, postal_code: Pune, Age Range: 30-35, Size: XS"
20-25,Hyderabad,Male,XL,234,"Customer ID: 234, Gender: Male, postal_code: Hyderabad, Age Range: 20-25, Size: XL"
50-60,Coimbatore,Female,XL,235,"Customer ID: 235, Gender: Female, postal_code: Coimbatore, Age Range: 50-60, Size: XL"
30-35,Coimbatore,Male,M,236,"Customer ID: 236, Gender: Male, postal_code: Coimbatore, Age Range: 30-35, Size: M"
25-30,Indore,Female,S,237,"Customer ID: 237, Gender: Female, postal_code: Indore, Age Range: 25-30, Size: S"
20-25,Hyderabad,Female,XL,239,"Customer ID: 239, Gender: Female, postal_code: Hyderabad, Age Range: 20-25, Size: XL"
20-25,Surat,Male,L,240,"Customer ID: 240, Gender: Male, postal_code: Surat, Age Range: 20-25, Size: L"
20-25,Surat,Female,XL,242,"Customer ID: 242, Gender: Female, postal_code: Surat, Age Range: 20-25, Size: XL"
40-50,Mumbai,Female,M,243,"Customer ID: 243, Gender: Female, postal_code: Mumbai, Age Range: 40-50, Size: M"
25-30,Chennai,Female,L,245,"Customer ID: 245, Gender: Female, postal_code: Chennai, Age Range: 25-30, Size: L"
60-70,Hyderabad,Female,S,246,"Customer ID: 246, Gender: Female, postal_code: Hyderabad, Age Range: 60-70, Size: S"
50-60,Hyderabad,Male,M,248,"Customer ID: 248, Gender: Male, postal_code: Hyderabad, Age Range: 50-60, Size: M"
40-50,Hyderabad,Female,XL,250,"Customer ID: 250, Gender: Female, postal_code: Hyderabad, Age Range: 40-50, Size: XL"
30-35,Visakhapatnam,Male,XS,251,"Customer ID: 251, Gender: Male, postal_code: Visakhapatnam, Age Range: 30-35, Size: XS"
25-30,Mumbai,Male,XS,253,"Customer ID: 253, Gender: Male, postal_code: Mumbai, Age Range: 25-30, Size: XS"
50-60,Patna,Female,L,254,"Customer ID: 254, Gender: Female, postal_code: Patna, Age Range: 50-60, Size: L"
25-30,Delhi,Female,L,255,"Customer ID: 255, Gender: Female, postal_code: Delhi, Age Range: 25-30, Size: L"
35-40,Mumbai,Male,XS,256,"Customer ID: 256, Gender: Male, postal_code: Mumbai, Age Range: 35-40, Size: XS"
40-50,Delhi,Female,XS,258,"Customer ID: 258, Gender: Female, postal_code: Delhi, Age Range: 40-50, Size: XS"
20-25,Visakhapatnam,Female,M,260,"Customer ID: 260, Gender: Female, postal_code: Visakhapatnam, Age Range: 20-25, Size: M"
20-25,Patna,Female,XL,263,"Customer ID: 263, Gender: Female, postal_code: Patna, Age Range: 20-25, Size: XL"
25-30,Bengaluru,Female,L,264,"Customer ID: 264, Gender: Female, postal_code: Bengaluru, Age Range: 25-30, Size: L"
,Surat,Male,XL,265,"Customer ID: 265, Gender: Male, postal_code: Surat, Age Range: nan, Size: XL"
20-25,Hyderabad,Female,XS,266,"Customer ID: 266, Gender: Female, postal_code: Hyderabad, Age Range: 20-25, Size: XS"
50-60,Delhi,Female,XS,267,"Customer ID: 267, Gender: Female, postal_code: Delhi, Age Range: 50-60, Size: XS"
40-50,Delhi,Female,S,268,"Customer ID: 268, Gender: Female, postal_code: Delhi, Age Range: 40-50, Size: S"
30-35,Mumbai,Female,XL,270,"Customer ID: 270, Gender: Female, postal_code: Mumbai, Age Range: 30-35, Size: XL"
40-50,Chennai,Female,L,274,"Customer ID: 274, Gender: Female, postal_code: Chennai, Age Range: 40-50, Size: L"
50-60,Nagpur,Male,XS,276,"Customer ID: 276, Gender: Male, postal_code: Nagpur, Age Range: 50-60, Size: XS"
25-30,Bhopal,Male,XL,279,"Customer ID: 279, Gender: Male, postal_code: Bhopal, Age Range: 25-30, Size: XL"
20-25,Hyderabad,Female,M,280,"Customer ID: 280, Gender: Female, postal_code: Hyderabad, Age Range: 20-25, Size: M"
25-30,Mumbai,Female,XL,281,"Customer ID: 281, Gender: Female, postal_code: Mumbai, Age Range: 25-30, Size: XL"
20-25,Bengaluru,Female,XL,282,"Customer ID: 282, Gender: Female, postal_code: Bengaluru, Age Range: 20-25, Size: XL"
25-30,Bengaluru,Male,S,283,"Customer ID: 283, Gender: Male, postal_code: Bengaluru, Age Range: 25-30, Size: S"
25-30,Delhi,Female,XL,284,"Customer ID: 284, Gender: Female, postal_code: Delhi, Age Range: 25-30, Size: XL"
25-30,Chennai,Male,XL,287,"Customer ID: 287, Gender: Male, postal_code: Chennai, Age Range: 25-30, Size: XL"
50-60,Chennai,Male,XS,289,"Customer ID: 289, Gender: Male, postal_code: Chennai, Age Range: 50-60, Size: XS"
30-35,Bengaluru,Female,M,290,"Customer ID: 290, Gender: Female, postal_code: Bengaluru, Age Range: 30-35, Size: M"
20-25,Chennai,Female,M,291,"Customer ID: 291, Gender: Female, postal_code: Chennai, Age Range: 20-25, Size: M"
40-50,Chandigarh,Female,XL,293,"Customer ID: 293, Gender: Female, postal_code: Chandigarh, Age Range: 40-50, Size: XL"
30-35,Bhopal,Female,L,295,"Customer ID: 295, Gender: Female, postal_code: Bhopal, Age Range: 30-35, Size: L"
30-35,Pune,Female,L,296,"Customer ID: 296, Gender: Female, postal_code: Pune, Age Range: 30-35, Size: L"
50-60,Bengaluru,Male,L,298,"Customer ID: 298, Gender: Male, postal_code: Bengaluru, Age Range: 50-60, Size: L"
25-30,Visakhapatnam,Male,XS,299,"Customer ID: 299, Gender: Male, postal_code: Visakhapatnam, Age Range: 25-30, Size: XS"
20-25,Bengaluru,Female,XS,300,"Customer ID: 300, Gender: Female, postal_code: Bengaluru, Age Range: 20-25, Size: XS"
30-35,Mumbai,Female,XL,302,"Customer ID: 302, Gender: Female, postal_code: Mumbai, Age Range: 30-35, Size: XL"
25-30,Bengaluru,Female,S,303,"Customer ID: 303, Gender: Female, postal_code: Bengaluru, Age Range: 25-30, Size: S"
40-50,Bengaluru,Female,XS,305,"Customer ID: 305, Gender: Female, postal_code: Bengaluru, Age Range: 40-50, Size: XS"
25-30,Delhi,Female,L,308,"Customer ID: 308, Gender: Female, postal_code: Delhi, Age Range: 25-30, Size: L"
60-70,Surat,Female,XS,311,"Customer ID: 311, Gender: Female, postal_code: Surat, Age Range: 60-70, Size: XS"
30-35,Coimbatore,Male,XL,312,"Customer ID: 312, Gender: Male, postal_code: Coimbatore, Age Range: 30-35, Size: XL"
60-70,Nagpur,Male,XL,314,"Customer ID: 314, Gender: Male, postal_code: Nagpur, Age Range: 60-70, Size: XL"
25-30,Bengaluru,Female,XL,315,"Customer ID: 315, Gender: Female, postal_code: Bengaluru, Age Range: 25-30, Size: XL"
50-60,Mumbai,Female,L,316,"Customer ID: 316, Gender: Female, postal_code: Mumbai, Age Range: 50-60, Size: L"
30-35,Delhi,Female,S,317,"Customer ID: 317, Gender: Female, postal_code: Delhi, Age Range: 30-35, Size: S"
25-30,Hyderabad,Female,S,319,"Customer ID: 319, Gender: Female, postal_code: Hyderabad, Age Range: 25-30, Size: S"
20-25,Indore,Female,XL,321,"Customer ID: 321, Gender: Female, postal_code: Indore, Age Range: 20-25, Size: XL"
50-60,Chandigarh,Female,M,323,"Customer ID: 323, Gender: Female, postal_code: Chandigarh, Age Range: 50-60, Size: M"
15-20,Chennai,Female,XS,324,"Customer ID: 324, Gender: Female, postal_code: Chennai, Age Range: 15-20, Size: XS"
30-35,Chennai,Female,S,325,"Customer ID: 325, Gender: Female, postal_code: Chennai, Age Range: 30-35, Size: S"
25-30,Vadodara,Male,L,326,"Customer ID: 326, Gender: Male, postal_code: Vadodara, Age Range: 25-30, Size: L"
35-40,Vadodara,Female,XS,327,"Customer ID: 327, Gender: Female, postal_code: Vadodara, Age Range: 35-40, Size: XS"
35-40,Hyderabad,Female,L,328,"Customer ID: 328, Gender: Female, postal_code: Hyderabad, Age Range: 35-40, Size: L"
20-25,Kolkata,Female,L,329,"Customer ID: 329, Gender: Female, postal_code: Kolkata, Age Range: 20-25, Size: L"
50-60,Bengaluru,Female,M,330,"Customer ID: 330, Gender: Female, postal_code: Bengaluru, Age Range: 50-60, Size: M"
50-60,Hyderabad,Male,XL,333,"Customer ID: 333, Gender: Male, postal_code: Hyderabad, Age Range: 50-60, Size: XL"
50-60,Bengaluru,Female,XS,334,"Customer ID: 334, Gender: Female, postal_code: Bengaluru, Age Range: 50-60, Size: XS"
25-30,Indore,Female,L,335,"Customer ID: 335, Gender: Female, postal_code: Indore, Age Range: 25-30, Size: L"
40-50,Guwahati,Female,M,336,"Customer ID: 336, Gender: Female, postal_code: Guwahati, Age Range: 40-50, Size: M"
20-25,Hyderabad,Female,XS,337,"Customer ID: 337, Gender: Female, postal_code: Hyderabad, Age Range: 20-25, Size: XS"
,Bengaluru,Male,L,338,"Customer ID: 338, Gender: Male, postal_code: Bengaluru, Age Range: nan, Size: L"
50-60,Chennai,Female,XL,339,"Customer ID: 339, Gender: Female, postal_code: Chennai, Age Range: 50-60, Size: XL"
40-50,Surat,Female,S,340,"Customer ID: 340, Gender: Female, postal_code: Surat, Age Range: 40-50, Size: S"
30-35,Chennai,Female,L,341,"Customer ID: 341, Gender: Female, postal_code: Chennai, Age Range: 30-35, Size: L"
30-35,Chandigarh,Male,XS,342,"Customer ID: 342, Gender: Male, postal_code: Chandigarh, Age Range: 30-35, Size: XS"
35-40,Hyderabad,Female,M,345,"Customer ID: 345, Gender: Female, postal_code: Hyderabad, Age Range: 35-40, Size: M"
40-50,Mumbai,Female,M,346,"Customer ID: 346, Gender: Female, postal_code: Mumbai, Age Range: 40-50, Size: M"
15-20,Visakhapatnam,Female,M,347,"Customer ID: 347, Gender: Female, postal_code: Visakhapatnam, Age Range: 15-20, Size: M"
50-60,Surat,Male,S,348,"Customer ID: 348, Gender: Male, postal_code: Surat, Age Range: 50-60, Size: S"
50-60,Bengaluru,Female,L,349,"Customer ID: 349, Gender: Female, postal_code: Bengaluru, Age Range: 50-60, Size: L"
50-60,Delhi,Female,XS,350,"Customer ID: 350, Gender: Female, postal_code: Delhi, Age Range: 50-60, Size: XS"
60-70,Visakhapatnam,Female,L,351,"Customer ID: 351, Gender: Female, postal_code: Visakhapatnam, Age Range: 60-70, Size: L"
35-40,Delhi,Female,L,352,"Customer ID: 352, Gender: Female, postal_code: Delhi, Age Range: 35-40, Size: L"
25-30,Hyderabad,Female,S,354,"Customer ID: 354, Gender: Female, postal_code: Hyderabad, Age Range: 25-30, Size: S"
40-50,Hyderabad,Male,L,355,"Customer ID: 355, Gender: Male, postal_code: Hyderabad, Age Range: 40-50, Size: L"
25-30,Delhi,Female,M,356,"Customer ID: 356, Gender: Female, postal_code: Delhi, Age Range: 25-30, Size: M"
50-60,Mumbai,Female,XS,358,"Customer ID: 358, Gender: Female, postal_code: Mumbai, Age Range: 50-60, Size: XS"
20-25,Chennai,Female,S,362,"Customer ID: 362, Gender: Female, postal_code: Chennai, Age Range: 20-25, Size: S"
25-30,Chandigarh,Female,XL,363,"Customer ID: 363, Gender: Female, postal_code: Chandigarh, Age Range: 25-30, Size: XL"
25-30,Kolkata,Male,XL,368,"Customer ID: 368, Gender: Male, postal_code: Kolkata, Age Range: 25-30, Size: XL"
50-60,Kolkata,Male,S,369,"Customer ID: 369, Gender: Male, postal_code: Kolkata, Age Range: 50-60, Size: S"
40-50,Coimbatore,Female,S,370,"Customer ID: 370, Gender: Female, postal_code: Coimbatore, Age Range: 40-50, Size: S"
35-40,Guwahati,Female,L,371,"Customer ID: 371, Gender: Female, postal_code: Guwahati, Age Range: 35-40, Size: L"
35-40,Surat,Female,XS,373,"Customer ID: 373, Gender: Female, postal_code: Surat, Age Range: 35-40, Size: XS"
40-50,Chennai,Male,L,374,"Customer ID: 374, Gender: Male, postal_code: Chennai, Age Range: 40-50, Size: L"
40-50,Chandigarh,Female,M,376,"Customer ID: 376, Gender: Female, postal_code: Chandigarh, Age Range: 40-50, Size: M"
50-60,Mumbai,Female,XS,377,"Customer ID: 377, Gender: Female, postal_code: Mumbai, Age Range: 50-60, Size: XS"
40-50,Pune,Female,M,378,"Customer ID: 378, Gender: Female, postal_code: Pune, Age Range: 40-50, Size: M"
20-25,Delhi,Female,XS,380,"Customer ID: 380, Gender: Female, postal_code: Delhi, Age Range: 20-25, Size: XS"
20-25,Delhi,Female,M,381,"Customer ID: 381, Gender: Female, postal_code: Delhi, Age Range: 20-25, Size: M"
30-35,Mumbai,Female,XS,383,"Customer ID: 383, Gender: Female, postal_code: Mumbai, Age Range: 30-35, Size: XS"
35-40,Pune,Female,XS,388,"Customer ID: 388, Gender: Female, postal_code: Pune, Age Range: 35-40, Size: XS"
25-30,Nagpur,Male,XL,392,"Customer ID: 392, Gender: Male, postal_code: Nagpur, Age Range: 25-30, Size: XL"
20-25,Bengaluru,Male,L,393,"Customer ID: 393, Gender: Male, postal_code: Bengaluru, Age Range: 20-25, Size: L"
25-30,Hyderabad,Male,XS,394,"Customer ID: 394, Gender: Male, postal_code: Hyderabad, Age Range: 25-30, Size: XS"
20-25,Visakhapatnam,Male,S,397,"Customer ID: 397, Gender: Male, postal_code: Visakhapatnam, Age Range: 20-25, Size: S"
15-20,Nagpur,Female,S,399,"Customer ID: 399, Gender: Female, postal_code: Nagpur, Age Range: 15-20, Size: S"
25-30,Visakhapatnam,Female,XL,400,"Customer ID: 400, Gender: Female, postal_code: Visakhapatnam, Age Range: 25-30, Size: XL"
40-50,Mumbai,Male,M,406,"Customer ID: 406, Gender: Male, postal_code: Mumbai, Age Range: 40-50, Size: M"
40-50,Jaipur,Female,XS,407,"Customer ID: 407, Gender: Female, postal_code: Jaipur, Age Range: 40-50, Size: XS"
20-25,Chennai,Male,XL,409,"Customer ID: 409, Gender: Male, postal_code: Chennai, Age Range: 20-25, Size: XL"
20-25,Hyderabad,Female,XS,413,"Customer ID: 413, Gender: Female, postal_code: Hyderabad, Age Range: 20-25, Size: XS"
60-70,Pune,Female,XS,414,"Customer ID: 414, Gender: Female, postal_code: Pune, Age Range: 60-70, Size: XS"
25-30,Visakhapatnam,Female,M,415,"Customer ID: 415, Gender: Female, postal_code: Visakhapatnam, Age Range: 25-30, Size: M"
25-30,Kolkata,Male,S,416,"Customer ID: 416, Gender: Male, postal_code: Kolkata, Age Range: 25-30, Size: S"
30-35,Surat,Female,XS,418,"Customer ID: 418, Gender: Female, postal_code: Surat, Age Range: 30-35, Size: XS"
40-50,Chandigarh,Female,L,419,"Customer ID: 419, Gender: Female, postal_code: Chandigarh, Age Range: 40-50, Size: L"
20-25,Patna,Female,S,426,"Customer ID: 426, Gender: Female, postal_code: Patna, Age Range: 20-25, Size: S"
40-50,Kolkata,Male,M,427,"Customer ID: 427, Gender: Male, postal_code: Kolkata, Age Range: 40-50, Size: M"
25-30,Chennai,Male,XL,428,"Customer ID: 428, Gender: Male, postal_code: Chennai, Age Range: 25-30, Size: XL"
35-40,Mumbai,Female,XS,429,"Customer ID: 429, Gender: Female, postal_code: Mumbai, Age Range: 35-40, Size: XS"
40-50,Chennai,Female,L,431,"Customer ID: 431, Gender: Female, postal_code: Chennai, Age Range: 40-50, Size: L"
50-60,Mumbai,Male,XS,432,"Customer ID: 432, Gender: Male, postal_code: Mumbai, Age Range: 50-60, Size: XS"
20-25,Indore,Female,M,434,"Customer ID: 434, Gender: Female, postal_code: Indore, Age Range: 20-25, Size: M"
25-30,Mumbai,Female,XS,437,"Customer ID: 437, Gender: Female, postal_code: Mumbai, Age Range: 25-30, Size: XS"
20-25,Chennai,Male,L,438,"Customer ID: 438, Gender: Male, postal_code: Chennai, Age Range: 20-25, Size: L"
40-50,Surat,Male,XL,439,"Customer ID: 439, Gender: Male, postal_code: Surat, Age Range: 40-50, Size: XL"
35-40,Mumbai,Female,XL,441,"Customer ID: 441, Gender: Female, postal_code: Mumbai, Age Range: 35-40, Size: XL"
50-60,Kolkata,Female,L,442,"Customer ID: 442, Gender: Female, postal_code: Kolkata, Age Range: 50-60, Size: L"
40-50,Kolkata,Female,XL,443,"Customer ID: 443, Gender: Female, postal_code: Kolkata, Age Range: 40-50, Size: XL"
35-40,Guwahati,Female,M,444,"Customer ID: 444, Gender: Female, postal_code: Guwahati, Age Range: 35-40, Size: M"
40-50,Indore,Male,XL,447,"Customer ID: 447, Gender: Male, postal_code: Indore, Age Range: 40-50, Size: XL"
40-50,Pune,Male,XS,454,"Customer ID: 454, Gender: Male, postal_code: Pune, Age Range: 40-50, Size: XS"
50-60,Delhi,Female,M,458,"Customer ID: 458, Gender: Female, postal_code: Delhi, Age Range: 50-60, Size: M"
50-60,Delhi,Male,L,460,"Customer ID: 460, Gender: Male, postal_code: Delhi, Age Range: 50-60, Size: L"
50-60,Coimbatore,Male,XL,461,"Customer ID: 461, Gender: Male, postal_code: Coimbatore, Age Range: 50-60, Size: XL"
30-35,Hyderabad,Female,S,465,"Customer ID: 465, Gender: Female, postal_code: Hyderabad, Age Range: 30-35, Size: S"
25-30,Pune,Female,L,467,"Customer ID: 467, Gender: Female, postal_code: Pune, Age Range: 25-30, Size: L"
30-35,Mumbai,Female,XL,468,"Customer ID: 468, Gender: Female, postal_code: Mumbai, Age Range: 30-35, Size: XL"
20-25,Delhi,Female,XL,469,"Customer ID: 469, Gender: Female, postal_code: Delhi, Age Range: 20-25, Size: XL"
25-30,Chennai,Female,XS,470,"Customer ID: 470, Gender: Female, postal_code: Chennai, Age Range: 25-30, Size: XS"
30-35,Nagpur,Female,XS,472,"Customer ID: 472, Gender: Female, postal_code: Nagpur, Age Range: 30-35, Size: XS"
40-50,Mumbai,Female,XS,473,"Customer ID: 473, Gender: Female, postal_code: Mumbai, Age Range: 40-50, Size: XS"
60-70,Chandigarh,Male,L,475,"Customer ID: 475, Gender: Male, postal_code: Chandigarh, Age Range: 60-70, Size: L"
25-30,Pune,Female,S,477,"Customer ID: 477, Gender: Female, postal_code: Pune, Age Range: 25-30, Size: S"
40-50,Jaipur,Male,L,479,"Customer ID: 479, Gender: Male, postal_code: Jaipur, Age Range: 40-50, Size: L"
50-60,Hyderabad,Female,XS,480,"Customer ID: 480, Gender: Female, postal_code: Hyderabad, Age Range: 50-60, Size: XS"
50-60,Mumbai,Female,M,481,"Customer ID: 481, Gender: Female, postal_code: Mumbai, Age Range: 50-60, Size: M"
50-60,Hyderabad,Female,L,482,"Customer ID: 482, Gender: Female, postal_code: Hyderabad, Age Range: 50-60, Size: L"
25-30,Hyderabad,Female,S,486,"Customer ID: 486, Gender: Female, postal_code: Hyderabad, Age Range: 25-30, Size: S"
25-30,Kolkata,Female,L,488,"Customer ID: 488, Gender: Female, postal_code: Kolkata, Age Range: 25-30, Size: L"
25-30,Delhi,Female,L,489,"Customer ID: 489, Gender: Female, postal_code: Delhi, Age Range: 25-30, Size: L"
50-60,Hyderabad,Female,XL,490,"Customer ID: 490, Gender: Female, postal_code: Hyderabad, Age Range: 50-60, Size: XL"
25-30,Surat,Female,M,492,"Customer ID: 492, Gender: Female, postal_code: Surat, Age Range: 25-30, Size: M"
25-30,Hyderabad,Male,M,493,"Customer ID: 493, Gender: Male, postal_code: Hyderabad, Age Range: 25-30, Size: M"
30-35,Bhopal,Female,XS,494,"Customer ID: 494, Gender: Female, postal_code: Bhopal, Age Range: 30-35, Size: XS"
20-25,Chennai,Female,M,495,"Customer ID: 495, Gender: Female, postal_code: Chennai, Age Range: 20-25, Size: M"
25-30,Chennai,Female,XS,499,"Customer ID: 499, Gender: Female, postal_code: Chennai, Age Range: 25-30, Size: XS"
25-30,Mumbai,Male,XL,503,"Customer ID: 503, Gender: Male, postal_code: Mumbai, Age Range: 25-30, Size: XL"
35-40,Delhi,Male,XS,504,"Customer ID: 504, Gender: Male, postal_code: Delhi, Age Range: 35-40, Size: XS"
35-40,Hyderabad,Female,XS,506,"Customer ID: 506, Gender: Female, postal_code: Hyderabad, Age Range: 35-40, Size: XS"
40-50,Coimbatore,Female,XL,507,"Customer ID: 507, Gender: Female, postal_code: Coimbatore, Age Range: 40-50, Size: XL"
25-30,Mumbai,Female,S,508,"Customer ID: 508, Gender: Female, postal_code: Mumbai, Age Range: 25-30, Size: S"
50-60,Hyderabad,Female,S,509,"Customer ID: 509, Gender: Female, postal_code: Hyderabad, Age Range: 50-60, Size: S"
50-60,Coimbatore,Male,L,510,"Customer ID: 510, Gender: Male, postal_code: Coimbatore, Age Range: 50-60, Size: L"
20-25,Chennai,Female,M,511,"Customer ID: 511, Gender: Female, postal_code: Chennai, Age Range: 20-25, Size: M"
25-30,Coimbatore,Female,S,515,"Customer ID: 515, Gender: Female, postal_code: Coimbatore, Age Range: 25-30, Size: S"
20-25,Delhi,Male,M,516,"Customer ID: 516, Gender: Male, postal_code: Delhi, Age Range: 20-25, Size: M"
40-50,Bengaluru,Female,M,521,"Customer ID: 521, Gender: Female, postal_code: Bengaluru, Age Range: 40-50, Size: M"
20-25,Hyderabad,Female,M,522,"Customer ID: 522, Gender: Female, postal_code: Hyderabad, Age Range: 20-25, Size: M"
25-30,Mumbai,Male,L,523,"Customer ID: 523, Gender: Male, postal_code: Mumbai, Age Range: 25-30, Size: L"
40-50,Chandigarh,Female,M,524,"Customer ID: 524, Gender: Female, postal_code: Chandigarh, Age Range: 40-50, Size: M"
50-60,Hyderabad,Female,S,525,"Customer ID: 525, Gender: Female, postal_code: Hyderabad, Age Range: 50-60, Size: S"
20-25,Mumbai,Male,M,526,"Customer ID: 526, Gender: Male, postal_code: Mumbai, Age Range: 20-25, Size: M"
20-25,Delhi,Male,XS,530,"Customer ID: 530, Gender: Male, postal_code: Delhi, Age Range: 20-25, Size: XS"
40-50,Hyderabad,Female,L,532,"Customer ID: 532, Gender: Female, postal_code: Hyderabad, Age Range: 40-50, Size: L"
25-30,Nagpur,Female,XS,533,"Customer ID: 533, Gender: Female, postal_code: Nagpur, Age Range: 25-30, Size: XS"
35-40,Patna,Male,XS,534,"Customer ID: 534, Gender: Male, postal_code: Patna, Age Range: 35-40, Size: XS"
25-30,Delhi,Male,XS,535,"Customer ID: 535, Gender: Male, postal_code: Delhi, Age Range: 25-30, Size: XS"
25-30,Visakhapatnam,Male,XS,536,"Customer ID: 536, Gender: Male, postal_code: Visakhapatnam, Age Range: 25-30, Size: XS"
50-60,Indore,Female,L,537,"Customer ID: 537, Gender: Female, postal_code: Indore, Age Range: 50-60, Size: L"
20-25,Vadodara,Female,M,539,"Customer ID: 539, Gender: Female, postal_code: Vadodara, Age Range: 20-25, Size: M"
40-50,Bhopal,Female,XL,542,"Customer ID: 542, Gender: Female, postal_code: Bhopal, Age Range: 40-50, Size: XL"
25-30,Chennai,Female,M,544,"Customer ID: 544, Gender: Female, postal_code: Chennai, Age Range: 25-30, Size: M"
25-30,Bhopal,Male,L,545,"Customer ID: 545, Gender: Male, postal_code: Bhopal, Age Range: 25-30, Size: L"
25-30,Patna,Female,S,546,"Customer ID: 546, Gender: Female, postal_code: Patna, Age Range: 25-30, Size: S"
50-60,Hyderabad,Female,M,547,"Customer ID: 547, Gender: Female, postal_code: Hyderabad, Age Range: 50-60, Size: M"
50-60,Mumbai,Female,XS,549,"Customer ID: 549, Gender: Female, postal_code: Mumbai, Age Range: 50-60, Size: XS"
50-60,Pune,Female,XS,550,"Customer ID: 550, Gender: Female, postal_code: Pune, Age Range: 50-60, Size: XS"
25-30,Delhi,Female,XL,552,"Customer ID: 552, Gender: Female, postal_code: Delhi, Age Range: 25-30, Size: XL"
20-25,Indore,Male,XL,553,"Customer ID: 553, Gender: Male, postal_code: Indore, Age Range: 20-25, Size: XL"
25-30,Mumbai,Male,XS,554,"Customer ID: 554, Gender: Male, postal_code: Mumbai, Age Range: 25-30, Size: XS"
60-70,Vadodara,Female,S,555,"Customer ID: 555, Gender: Female, postal_code: Vadodara, Age Range: 60-70, Size: S"
20-25,Jaipur,Female,XS,556,"Customer ID: 556, Gender: Female, postal_code: Jaipur, Age Range: 20-25, Size: XS"
50-60,Chennai,Male,M,558,"Customer ID: 558, Gender: Male, postal_code: Chennai, Age Range: 50-60, Size: M"
20-25,Mumbai,Female,XS,561,"Customer ID: 561, Gender: Female, postal_code: Mumbai, Age Range: 20-25, Size: XS"
40-50,Bengaluru,Female,L,564,"Customer ID: 564, Gender: Female, postal_code: Bengaluru, Age Range: 40-50, Size: L"
20-25,Delhi,Female,XS,565,"Customer ID: 565, Gender: Female, postal_code: Delhi, Age Range: 20-25, Size: XS"
20-25,Bhopal,Female,XS,566,"Customer ID: 566, Gender: Female, postal_code: Bhopal, Age Range: 20-25, Size: XS"
20-25,Kolkata,Male,XL,567,"Customer ID: 567, Gender: Male, postal_code: Kolkata, Age Range: 20-25, Size: XL"
25-30,Surat,Female,XL,568,"Customer ID: 568, Gender: Female, postal_code: Surat, Age Range: 25-30, Size: XL"
30-35,Delhi,Female,L,569,"Customer ID: 569, Gender: Female, postal_code: Delhi, Age Range: 30-35, Size: L"
20-25,Bengaluru,Male,XL,570,"Customer ID: 570, Gender: Male, postal_code: Bengaluru, Age Range: 20-25, Size: XL"
20-25,Ahmedabad,Female,L,572,"Customer ID: 572, Gender: Female, postal_code: Ahmedabad, Age Range: 20-25, Size: L"
30-35,Delhi,Female,XS,576,"Customer ID: 576, Gender: Female, postal_code: Delhi, Age Range: 30-35, Size: XS"
40-50,Chennai,Female,S,577,"Customer ID: 577, Gender: Female, postal_code: Chennai, Age Range: 40-50, Size: S"
30-35,Vadodara,Female,L,578,"Customer ID: 578, Gender: Female, postal_code: Vadodara, Age Range: 30-35, Size: L"
40-50,Hyderabad,Male,L,579,"Customer ID: 579, Gender: Male, postal_code: Hyderabad, Age Range: 40-50, Size: L"
25-30,Lucknow,Male,S,580,"Customer ID: 580, Gender: Male, postal_code: Lucknow, Age Range: 25-30, Size: S"
50-60,Indore,Male,L,582,"Customer ID: 582, Gender: Male, postal_code: Indore, Age Range: 50-60, Size: L"
20-25,Delhi,Female,L,583,"Customer ID: 583, Gender: Female, postal_code: Delhi, Age Range: 20-25, Size: L"
50-60,Hyderabad,Male,XL,586,"Customer ID: 586, Gender: Male, postal_code: Hyderabad, Age Range: 50-60, Size: XL"
30-35,Hyderabad,Female,L,587,"Customer ID: 587, Gender: Female, postal_code: Hyderabad, Age Range: 30-35, Size: L"
25-30,Mumbai,Male,S,590,"Customer ID: 590, Gender: Male, postal_code: Mumbai, Age Range: 25-30, Size: S"
20-25,Bengaluru,Male,S,594,"Customer ID: 594, Gender: Male, postal_code: Bengaluru, Age Range: 20-25, Size: S"
20-25,Kolkata,Male,XS,595,"Customer ID: 595, Gender: Male, postal_code: Kolkata, Age Range: 20-25, Size: XS"
50-60,Bengaluru,Male,S,596,"Customer ID: 596, Gender: Male, postal_code: Bengaluru, Age Range: 50-60, Size: S"
25-30,Lucknow,Female,XS,598,"Customer ID: 598, Gender: Female, postal_code: Lucknow, Age Range: 25-30, Size: XS"
30-35,Lucknow,Female,S,600,"Customer ID: 600, Gender: Female, postal_code: Lucknow, Age Range: 30-35, Size: S"
25-30,Hyderabad,Male,XL,601,"Customer ID: 601, Gender: Male, postal_code: Hyderabad, Age Range: 25-30, Size: XL"
50-60,Hyderabad,Female,XL,605,"Customer ID: 605, Gender: Female, postal_code: Hyderabad, Age Range: 50-60, Size: XL"
30-35,Vadodara,Female,XL,608,"Customer ID: 608, Gender: Female, postal_code: Vadodara, Age Range: 30-35, Size: XL"
40-50,Hyderabad,Female,M,609,"Customer ID: 609, Gender: Female, postal_code: Hyderabad, Age Range: 40-50, Size: M"
20-25,Bengaluru,Female,L,610,"Customer ID: 610, Gender: Female, postal_code: Bengaluru, Age Range: 20-25, Size: L"
50-60,Hyderabad,Female,XS,611,"Customer ID: 611, Gender: Female, postal_code: Hyderabad, Age Range: 50-60, Size: XS"
20-25,Surat,Male,XS,612,"Customer ID: 612, Gender: Male, postal_code: Surat, Age Range: 20-25, Size: XS"
20-25,Chennai,Male,S,613,"Customer ID: 613, Gender: Male, postal_code: Chennai, Age Range: 20-25, Size: S"
20-25,Mumbai,Female,S,614,"Customer ID: 614, Gender: Female, postal_code: Mumbai, Age Range: 20-25, Size: S"
40-50,Lucknow,Female,M,616,"Customer ID: 616, Gender: Female, postal_code: Lucknow, Age Range: 40-50, Size: M"
20-25,Jaipur,Female,XS,617,"Customer ID: 617, Gender: Female, postal_code: Jaipur, Age Range: 20-25, Size: XS"
35-40,Lucknow,Male,XL,619,"Customer ID: 619, Gender: Male, postal_code: Lucknow, Age Range: 35-40, Size: XL"
30-35,Mumbai,Female,S,621,"Customer ID: 621, Gender: Female, postal_code: Mumbai, Age Range: 30-35, Size: S"
30-35,Patna,Female,M,623,"Customer ID: 623, Gender: Female, postal_code: Patna, Age Range: 30-35, Size: M"
20-25,Lucknow,Female,L,625,"Customer ID: 625, Gender: Female, postal_code: Lucknow, Age Range: 20-25, Size: L"
25-30,Chandigarh,Male,XL,627,"Customer ID: 627, Gender: Male, postal_code: Chandigarh, Age Range: 25-30, Size: XL"
35-40,Bengaluru,Male,L,630,"Customer ID: 630, Gender: Male, postal_code: Bengaluru, Age Range: 35-40, Size: L"
20-25,Bengaluru,Female,L,631,"Customer ID: 631, Gender: Female, postal_code: Bengaluru, Age Range: 20-25, Size: L"
60-70,Nagpur,Female,XL,634,"Customer ID: 634, Gender: Female, postal_code: Nagpur, Age Range: 60-70, Size: XL"
30-35,Bengaluru,Male,XS,635,"Customer ID: 635, Gender: Male, postal_code: Bengaluru, Age Range: 30-35, Size: XS"
20-25,Delhi,Female,XS,638,"Customer ID: 638, Gender: Female, postal_code: Delhi, Age Range: 20-25, Size: XS"
40-50,Surat,Female,S,639,"Customer ID: 639, Gender: Female, postal_code: Surat, Age Range: 40-50, Size: S"
25-30,Delhi,Male,L,640,"Customer ID: 640, Gender: Male, postal_code: Delhi, Age Range: 25-30, Size: L"
35-40,Bengaluru,Female,XL,642,"Customer ID: 642, Gender: Female, postal_code: Bengaluru, Age Range: 35-40, Size: XL"
60-70,Chennai,Female,L,645,"Customer ID: 645, Gender: Female, postal_code: Chennai, Age Range: 60-70, Size: L"
60-70,Bengaluru,Male,S,646,"Customer ID: 646, Gender: Male, postal_code: Bengaluru, Age Range: 60-70, Size: S"
70-80,Chennai,Female,L,649,"Customer ID: 649, Gender: Female, postal_code: Chennai, Age Range: 70-80, Size: L"
25-30,Hyderabad,Male,L,650,"Customer ID: 650, Gender: Male, postal_code: Hyderabad, Age Range: 25-30, Size: L"
30-35,Pune,Male,XL,651,"Customer ID: 651, Gender: Male, postal_code: Pune, Age Range: 30-35, Size: XL"
50-60,Nagpur,Male,XL,656,"Customer ID: 656, Gender: Male, postal_code: Nagpur, Age Range: 50-60, Size: XL"
40-50,Chandigarh,Female,XL,657,"Customer ID: 657, Gender: Female, postal_code: Chandigarh, Age Range: 40-50, Size: XL"
20-25,Delhi,Female,XS,658,"Customer ID: 658, Gender: Female, postal_code: Delhi, Age Range: 20-25, Size: XS"
25-30,Kolkata,Female,S,659,"Customer ID: 659, Gender: Female, postal_code: Kolkata, Age Range: 25-30, Size: S"
25-30,Nagpur,Female,M,660,"Customer ID: 660, Gender: Female, postal_code: Nagpur, Age Range: 25-30, Size: M"
20-25,Delhi,Male,XL,662,"Customer ID: 662, Gender: Male, postal_code: Delhi, Age Range: 20-25, Size: XL"
40-50,Nagpur,Female,S,663,"Customer ID: 663, Gender: Female, postal_code: Nagpur, Age Range: 40-50, Size: S"
40-50,Chennai,Male,XS,666,"Customer ID: 666, Gender: Male, postal_code: Chennai, Age Range: 40-50, Size: XS"
40-50,Delhi,Female,S,668,"Customer ID: 668, Gender: Female, postal_code: Delhi, Age Range: 40-50, Size: S"
70-80,Bengaluru,Female,S,669,"Customer ID: 669, Gender: Female, postal_code: Bengaluru, Age Range: 70-80, Size: S"
40-50,Chennai,Male,M,670,"Customer ID: 670, Gender: Male, postal_code: Chennai, Age Range: 40-50, Size: M"
15-20,Jaipur,Male,M,671,"Customer ID: 671, Gender: Male, postal_code: Jaipur, Age Range: 15-20, Size: M"
25-30,Indore,Male,M,672,"Customer ID: 672, Gender: Male, postal_code: Indore, Age Range: 25-30, Size: M"
20-25,Bengaluru,Female,XL,673,"Customer ID: 673, Gender: Female, postal_code: Bengaluru, Age Range: 20-25, Size: XL"
30-35,Chennai,Male,XS,674,"Customer ID: 674, Gender: Male, postal_code: Chennai, Age Range: 30-35, Size: XS"
30-35,Chandigarh,Male,S,675,"Customer ID: 675, Gender: Male, postal_code: Chandigarh, Age Range: 30-35, Size: S"
25-30,Surat,Female,S,676,"Customer ID: 676, Gender: Female, postal_code: Surat, Age Range: 25-30, Size: S"
30-35,Hyderabad,Female,M,678,"Customer ID: 678, Gender: Female, postal_code: Hyderabad, Age Range: 30-35, Size: M"
20-25,Hyderabad,Male,S,680,"Customer ID: 680, Gender: Male, postal_code: Hyderabad, Age Range: 20-25, Size: S"
40-50,Hyderabad,Female,XL,681,"Customer ID: 681, Gender: Female, postal_code: Hyderabad, Age Range: 40-50, Size: XL"
20-25,Guwahati,Female,M,683,"Customer ID: 683, Gender: Female, postal_code: Guwahati, Age Range: 20-25, Size: M"
50-60,Hyderabad,Male,L,684,"Customer ID: 684, Gender: Male, postal_code: Hyderabad, Age Range: 50-60, Size: L"
20-25,Bengaluru,Female,XL,685,"Customer ID: 685, Gender: Female, postal_code: Bengaluru, Age Range: 20-25, Size: XL"
25-30,Hyderabad,Female,XS,686,"Customer ID: 686, Gender: Female, postal_code: Hyderabad, Age Range: 25-30, Size: XS"
35-40,Hyderabad,Female,M,688,"Customer ID: 688, Gender: Female, postal_code: Hyderabad, Age Range: 35-40, Size: M"
40-50,Bhopal,Female,S,691,"Customer ID: 691, Gender: Female, postal_code: Bhopal, Age Range: 40-50, Size: S"
30-35,Hyderabad,Female,S,694,"Customer ID: 694, Gender: Female, postal_code: Hyderabad, Age Range: 30-35, Size: S"
20-25,Mumbai,Female,S,696,"Customer ID: 696, Gender: Female, postal_code: Mumbai, Age Range: 20-25, Size: S"
50-60,Delhi,Female,L,698,"Customer ID: 698, Gender: Female, postal_code: Delhi, Age Range: 50-60, Size: L"
25-30,Vadodara,Male,XS,699,"Customer ID: 699, Gender: Male, postal_code: Vadodara, Age Range: 25-30, Size: XS"
50-60,Mumbai,Male,L,700,"Customer ID: 700, Gender: Male, postal_code: Mumbai, Age Range: 50-60, Size: L"
50-60,Visakhapatnam,Female,L,701,"Customer ID: 701, Gender: Female, postal_code: Visakhapatnam, Age Range: 50-60, Size: L"
25-30,Bengaluru,Female,XS,704,"Customer ID: 704, Gender: Female, postal_code: Bengaluru, Age Range: 25-30, Size: XS"
50-60,Hyderabad,Female,XL,705,"Customer ID: 705, Gender: Female, postal_code: Hyderabad, Age Range: 50-60, Size: XL"
50-60,Delhi,Male,XS,706,"Customer ID: 706, Gender: Male, postal_code: Delhi, Age Range: 50-60, Size: XS"
50-60,Hyderabad,Female,S,707,"Customer ID: 707, Gender: Female, postal_code: Hyderabad, Age Range: 50-60, Size: S"
30-35,Bengaluru,Female,XS,709,"Customer ID: 709, Gender: Female, postal_code: Bengaluru, Age Range: 30-35, Size: XS"
25-30,Bengaluru,Female,XL,710,"Customer ID: 710, Gender: Female, postal_code: Bengaluru, Age Range: 25-30, Size: XL"
25-30,Chennai,Male,L,711,"Customer ID: 711, Gender: Male, postal_code: Chennai, Age Range: 25-30, Size: L"
,Delhi,Female,M,712,"Customer ID: 712, Gender: Female, postal_code: Delhi, Age Range: nan, Size: M"
50-60,Chennai,Male,XS,713,"Customer ID: 713, Gender: Male, postal_code: Chennai, Age Range: 50-60, Size: XS"
35-40,Delhi,Male,XL,714,"Customer ID: 714, Gender: Male, postal_code: Delhi, Age Range: 35-40, Size: XL"
60-70,Chennai,Female,M,718,"Customer ID: 718, Gender: Female, postal_code: Chennai, Age Range: 60-70, Size: M"
40-50,Chennai,Female,XL,721,"Customer ID: 721, Gender: Female, postal_code: Chennai, Age Range: 40-50, Size: XL"
30-35,Mumbai,Female,XL,722,"Customer ID: 722, Gender: Female, postal_code: Mumbai, Age Range: 30-35, Size: XL"
50-60,Bhopal,Male,M,723,"Customer ID: 723, Gender: Male, postal_code: Bhopal, Age Range: 50-60, Size: M"
35-40,Hyderabad,Female,S,724,"Customer ID: 724, Gender: Female, postal_code: Hyderabad, Age Range: 35-40, Size: S"
30-35,Chennai,Female,S,726,"Customer ID: 726, Gender: Female, postal_code: Chennai, Age Range: 30-35, Size: S"
50-60,Lucknow,Female,S,727,"Customer ID: 727, Gender: Female, postal_code: Lucknow, Age Range: 50-60, Size: S"
30-35,Delhi,Female,S,728,"Customer ID: 728, Gender: Female, postal_code: Delhi, Age Range: 30-35, Size: S"
20-25,Coimbatore,Female,XL,730,"Customer ID: 730, Gender: Female, postal_code: Coimbatore, Age Range: 20-25, Size: XL"
25-30,Hyderabad,Female,L,731,"Customer ID: 731, Gender: Female, postal_code: Hyderabad, Age Range: 25-30, Size: L"
25-30,Chennai,Female,XS,735,"Customer ID: 735, Gender: Female, postal_code: Chennai, Age Range: 25-30, Size: XS"
20-25,Delhi,Female,S,736,"Customer ID: 736, Gender: Female, postal_code: Delhi, Age Range: 20-25, Size: S"
40-50,Guwahati,Female,XL,737,"Customer ID: 737, Gender: Female, postal_code: Guwahati, Age Range: 40-50, Size: XL"
25-30,Bengaluru,Female,L,738,"Customer ID: 738, Gender: Female, postal_code: Bengaluru, Age Range: 25-30, Size: L"
30-35,Pune,Female,L,740,"Customer ID: 740, Gender: Female, postal_code: Pune, Age Range: 30-35, Size: L"
35-40,Indore,Female,L,741,"Customer ID: 741, Gender: Female, postal_code: Indore, Age Range: 35-40, Size: L"
25-30,Coimbatore,Male,XS,742,"Customer ID: 742, Gender: Male, postal_code: Coimbatore, Age Range: 25-30, Size: XS"
40-50,Indore,Female,XL,743,"Customer ID: 743, Gender: Female, postal_code: Indore, Age Range: 40-50, Size: XL"
20-25,Nagpur,Female,S,744,"Customer ID: 744, Gender: Female, postal_code: Nagpur, Age Range: 20-25, Size: S"
30-35,Chennai,Female,XS,747,"Customer ID: 747, Gender: Female, postal_code: Chennai, Age Range: 30-35, Size: XS"
50-60,Lucknow,Female,XL,748,"Customer ID: 748, Gender: Female, postal_code: Lucknow, Age Range: 50-60, Size: XL"
25-30,Mumbai,Male,XS,751,"Customer ID: 751, Gender: Male, postal_code: Mumbai, Age Range: 25-30, Size: XS"
50-60,Jaipur,Female,S,753,"Customer ID: 753, Gender: Female, postal_code: Jaipur, Age Range: 50-60, Size: S"
40-50,Pune,Male,L,754,"Customer ID: 754, Gender: Male, postal_code: Pune, Age Range: 40-50, Size: L"
70-80,Visakhapatnam,Male,S,758,"Customer ID: 758, Gender: Male, postal_code: Visakhapatnam, Age Range: 70-80, Size: S"
20-25,Mumbai,Female,M,760,"Customer ID: 760, Gender: Female, postal_code: Mumbai, Age Range: 20-25, Size: M"
35-40,Chandigarh,Male,L,761,"Customer ID: 761, Gender: Male, postal_code: Chandigarh, Age Range: 35-40, Size: L"
20-25,Visakhapatnam,Female,S,762,"Customer ID: 762, Gender: Female, postal_code: Visakhapatnam, Age Range: 20-25, Size: S"
25-30,Mumbai,Female,S,763,"Customer ID: 763, Gender: Female, postal_code: Mumbai, Age Range: 25-30, Size: S"
40-50,Visakhapatnam,Female,XL,765,"Customer ID: 765, Gender: Female, postal_code: Visakhapatnam, Age Range: 40-50, Size: XL"
25-30,Delhi,Female,XL,767,"Customer ID: 767, Gender: Female, postal_code: Delhi, Age Range: 25-30, Size: XL"
30-35,Mumbai,Female,XL,768,"Customer ID: 768, Gender: Female, postal_code: Mumbai, Age Range: 30-35, Size: XL"
50-60,Patna,Female,S,769,"Customer ID: 769, Gender: Female, postal_code: Patna, Age Range: 50-60, Size: S"
25-30,Jaipur,Female,XS,770,"Customer ID: 770, Gender: Female, postal_code: Jaipur, Age Range: 25-30, Size: XS"
60-70,Visakhapatnam,Female,XS,773,"Customer ID: 773, Gender: Female, postal_code: Visakhapatnam, Age Range: 60-70, Size: XS"
25-30,Ahmedabad,Female,S,774,"Customer ID: 774, Gender: Female, postal_code: Ahmedabad, Age Range: 25-30, Size: S"
50-60,Delhi,Female,L,775,"Customer ID: 775, Gender: Female, postal_code: Delhi, Age Range: 50-60, Size: L"
20-25,Vadodara,Female,L,779,"Customer ID: 779, Gender: Female, postal_code: Vadodara, Age Range: 20-25, Size: L"
20-25,Delhi,Female,XL,781,"Customer ID: 781, Gender: Female, postal_code: Delhi, Age Range: 20-25, Size: XL"
60-70,Ahmedabad,Female,M,782,"Customer ID: 782, Gender: Female, postal_code: Ahmedabad, Age Range: 60-70, Size: M"
25-30,Hyderabad,Male,M,783,"Customer ID: 783, Gender: Male, postal_code: Hyderabad, Age Range: 25-30, Size: M"
35-40,Bengaluru,Male,XL,784,"Customer ID: 784, Gender: Male, postal_code: Bengaluru, Age Range: 35-40, Size: XL"
40-50,Pune,Male,XS,787,"Customer ID: 787, Gender: Male, postal_code: Pune, Age Range: 40-50, Size: XS"
60-70,Bengaluru,Female,XL,788,"Customer ID: 788, Gender: Female, postal_code: Bengaluru, Age Range: 60-70, Size: XL"
35-40,Hyderabad,Female,L,789,"Customer ID: 789, Gender: Female, postal_code: Hyderabad, Age Range: 35-40, Size: L"
20-25,Nagpur,Female,L,792,"Customer ID: 792, Gender: Female, postal_code: Nagpur, Age Range: 20-25, Size: L"
25-30,Mumbai,Female,L,794,"Customer ID: 794, Gender: Female, postal_code: Mumbai, Age Range: 25-30, Size: L"
25-30,Guwahati,Male,S,795,"Customer ID: 795, Gender: Male, postal_code: Guwahati, Age Range: 25-30, Size: S"
20-25,Chennai,Male,L,797,"Customer ID: 797, Gender: Male, postal_code: Chennai, Age Range: 20-25, Size: L"
20-25,Bengaluru,Female,XL,799,"Customer ID: 799, Gender: Female, postal_code: Bengaluru, Age Range: 20-25, Size: XL"
25-30,Ahmedabad,Male,XS,801,"Customer ID: 801, Gender: Male, postal_code: Ahmedabad, Age Range: 25-30, Size: XS"
20-25,Mumbai,Female,L,804,"Customer ID: 804, Gender: Female, postal_code: Mumbai, Age Range: 20-25, Size: L"
50-60,Hyderabad,Female,M,806,"Customer ID: 806, Gender: Female, postal_code: Hyderabad, Age Range: 50-60, Size: M"
40-50,Mumbai,Female,XS,807,"Customer ID: 807, Gender: Female, postal_code: Mumbai, Age Range: 40-50, Size: XS"
40-50,Hyderabad,Female,L,808,"Customer ID: 808, Gender: Female, postal_code: Hyderabad, Age Range: 40-50, Size: L"
25-30,Kolkata,Female,M,810,"Customer ID: 810, Gender: Female, postal_code: Kolkata, Age Range: 25-30, Size: M"
40-50,Hyderabad,Female,S,812,"Customer ID: 812, Gender: Female, postal_code: Hyderabad, Age Range: 40-50, Size: S"
40-50,Chennai,Male,XL,813,"Customer ID: 813, Gender: Male, postal_code: Chennai, Age Range: 40-50, Size: XL"
50-60,Bhopal,Male,L,814,"Customer ID: 814, Gender: Male, postal_code: Bhopal, Age Range: 50-60, Size: L"
25-30,Mumbai,Female,S,815,"Customer ID: 815, Gender: Female, postal_code: Mumbai, Age Range: 25-30, Size: S"
25-30,Delhi,Male,L,817,"Customer ID: 817, Gender: Male, postal_code: Delhi, Age Range: 25-30, Size: L"
25-30,Delhi,Male,M,818,"Customer ID: 818, Gender: Male, postal_code: Delhi, Age Range: 25-30, Size: M"
30-35,Guwahati,Male,XL,819,"Customer ID: 819, Gender: Male, postal_code: Guwahati, Age Range: 30-35, Size: XL"
40-50,Delhi,Male,L,820,"Customer ID: 820, Gender: Male, postal_code: Delhi, Age Range: 40-50, Size: L"
40-50,Chennai,Female,M,821,"Customer ID: 821, Gender: Female, postal_code: Chennai, Age Range: 40-50, Size: M"
50-60,Delhi,Female,XS,823,"Customer ID: 823, Gender: Female, postal_code: Delhi, Age Range: 50-60, Size: XS"
20-25,Chandigarh,Male,M,824,"Customer ID: 824, Gender: Male, postal_code: Chandigarh, Age Range: 20-25, Size: M"
35-40,Vadodara,Female,S,825,"Customer ID: 825, Gender: Female, postal_code: Vadodara, Age Range: 35-40, Size: S"
25-30,Vadodara,Female,S,826,"Customer ID: 826, Gender: Female, postal_code: Vadodara, Age Range: 25-30, Size: S"
25-30,Ahmedabad,Female,S,832,"Customer ID: 832, Gender: Female, postal_code: Ahmedabad, Age Range: 25-30, Size: S"
25-30,Pune,Female,M,833,"Customer ID: 833, Gender: Female, postal_code: Pune, Age Range: 25-30, Size: M"
40-50,Delhi,Female,M,835,"Customer ID: 835, Gender: Female, postal_code: Delhi, Age Range: 40-50, Size: M"
25-30,Chennai,Male,S,837,"Customer ID: 837, Gender: Male, postal_code: Chennai, Age Range: 25-30, Size: S"
50-60,Chennai,Female,XS,840,"Customer ID: 840, Gender: Female, postal_code: Chennai, Age Range: 50-60, Size: XS"
30-35,Delhi,Female,S,842,"Customer ID: 842, Gender: Female, postal_code: Delhi, Age Range: 30-35, Size: S"
20-25,Mumbai,Female,S,843,"Customer ID: 843, Gender: Female, postal_code: Mumbai, Age Range: 20-25, Size: S"
50-60,Chennai,Female,S,845,"Customer ID: 845, Gender: Female, postal_code: Chennai, Age Range: 50-60, Size: S"
25-30,Nagpur,Male,S,846,"Customer ID: 846, Gender: Male, postal_code: Nagpur, Age Range: 25-30, Size: S"
50-60,Guwahati,Male,M,847,"Customer ID: 847, Gender: Male, postal_code: Guwahati, Age Range: 50-60, Size: M"
25-30,Mumbai,Female,M,848,"Customer ID: 848, Gender: Female, postal_code: Mumbai, Age Range: 25-30, Size: M"
40-50,Pune,Male,S,850,"Customer ID: 850, Gender: Male, postal_code: Pune, Age Range: 40-50, Size: S"
60-70,Bengaluru,Male,S,854,"Customer ID: 854, Gender: Male, postal_code: Bengaluru, Age Range: 60-70, Size: S"
25-30,Hyderabad,Female,XS,855,"Customer ID: 855, Gender: Female, postal_code: Hyderabad, Age Range: 25-30, Size: XS"
70-80,Patna,Female,S,856,"Customer ID: 856, Gender: Female, postal_code: Patna, Age Range: 70-80, Size: S"
20-25,Nagpur,Female,XS,857,"Customer ID: 857, Gender: Female, postal_code: Nagpur, Age Range: 20-25, Size: XS"
40-50,Ahmedabad,Male,XS,858,"Customer ID: 858, Gender: Male, postal_code: Ahmedabad, Age Range: 40-50, Size: XS"
40-50,Bengaluru,Female,S,859,"Customer ID: 859, Gender: Female, postal_code: Bengaluru, Age Range: 40-50, Size: S"
20-25,Guwahati,Female,L,860,"Customer ID: 860, Gender: Female, postal_code: Guwahati, Age Range: 20-25, Size: L"
40-50,Hyderabad,Female,XL,861,"Customer ID: 861, Gender: Female, postal_code: Hyderabad, Age Range: 40-50, Size: XL"
15-20,Delhi,Male,L,862,"Customer ID: 862, Gender: Male, postal_code: Delhi, Age Range: 15-20, Size: L"
20-25,Hyderabad,Female,M,863,"Customer ID: 863, Gender: Female, postal_code: Hyderabad, Age Range: 20-25, Size: M"
30-35,Chandigarh,Male,M,864,"Customer ID: 864, Gender: Male, postal_code: Chandigarh, Age Range: 30-35, Size: M"
50-60,Mumbai,Male,M,865,"Customer ID: 865, Gender: Male, postal_code: Mumbai, Age Range: 50-60, Size: M"
30-35,Chennai,Female,M,866,"Customer ID: 866, Gender: Female, postal_code: Chennai, Age Range: 30-35, Size: M"
15-20,Guwahati,Female,XL,867,"Customer ID: 867, Gender: Female, postal_code: Guwahati, Age Range: 15-20, Size: XL"
30-35,Chennai,Female,XL,873,"Customer ID: 873, Gender: Female, postal_code: Chennai, Age Range: 30-35, Size: XL"
50-60,Hyderabad,Female,M,874,"Customer ID: 874, Gender: Female, postal_code: Hyderabad, Age Range: 50-60, Size: M"
60-70,Hyderabad,Female,L,876,"Customer ID: 876, Gender: Female, postal_code: Hyderabad, Age Range: 60-70, Size: L"
15-20,Ahmedabad,Female,XS,877,"Customer ID: 877, Gender: Female, postal_code: Ahmedabad, Age Range: 15-20, Size: XS"
30-35,Mumbai,Male,XL,879,"Customer ID: 879, Gender: Male, postal_code: Mumbai, Age Range: 30-35, Size: XL"
35-40,Mumbai,Female,M,880,"Customer ID: 880, Gender: Female, postal_code: Mumbai, Age Range: 35-40, Size: M"
40-50,Coimbatore,Female,L,881,"Customer ID: 881, Gender: Female, postal_code: Coimbatore, Age Range: 40-50, Size: L"
25-30,Bengaluru,Male,XL,883,"Customer ID: 883, Gender: Male, postal_code: Bengaluru, Age Range: 25-30, Size: XL"
30-35,Bengaluru,Female,S,888,"Customer ID: 888, Gender: Female, postal_code: Bengaluru, Age Range: 30-35, Size: S"
25-30,Delhi,Female,M,889,"Customer ID: 889, Gender: Female, postal_code: Delhi, Age Range: 25-30, Size: M"
50-60,Jaipur,Female,M,891,"Customer ID: 891, Gender: Female, postal_code: Jaipur, Age Range: 50-60, Size: M"
30-35,Surat,Female,S,893,"Customer ID: 893, Gender: Female, postal_code: Surat, Age Range: 30-35, Size: S"
40-50,Surat,Male,M,895,"Customer ID: 895, Gender: Male, postal_code: Surat, Age Range: 40-50, Size: M"
35-40,Bengaluru,Male,S,898,"Customer ID: 898, Gender: Male, postal_code: Bengaluru, Age Range: 35-40, Size: S"
30-35,Delhi,Female,XS,899,"Customer ID: 899, Gender: Female, postal_code: Delhi, Age Range: 30-35, Size: XS"
25-30,Mumbai,Male,XL,902,"Customer ID: 902, Gender: Male, postal_code: Mumbai, Age Range: 25-30, Size: XL"
20-25,Hyderabad,Male,XL,903,"Customer ID: 903, Gender: Male, postal_code: Hyderabad, Age Range: 20-25, Size: XL"
25-30,Delhi,Male,XS,905,"Customer ID: 905, Gender: Male, postal_code: Delhi, Age Range: 25-30, Size: XS"
35-40,Guwahati,Male,M,907,"Customer ID: 907, Gender: Male, postal_code: Guwahati, Age Range: 35-40, Size: M"
40-50,Hyderabad,Female,XL,908,"Customer ID: 908, Gender: Female, postal_code: Hyderabad, Age Range: 40-50, Size: XL"
50-60,Patna,Female,S,909,"Customer ID: 909, Gender: Female, postal_code: Patna, Age Range: 50-60, Size: S"
40-50,Delhi,Female,M,910,"Customer ID: 910, Gender: Female, postal_code: Delhi, Age Range: 40-50, Size: M"
40-50,Mumbai,Female,M,912,"Customer ID: 912, Gender: Female, postal_code: Mumbai, Age Range: 40-50, Size: M"
50-60,Hyderabad,Female,XS,914,"Customer ID: 914, Gender: Female, postal_code: Hyderabad, Age Range: 50-60, Size: XS"
40-50,Hyderabad,Male,XL,916,"Customer ID: 916, Gender: Male, postal_code: Hyderabad, Age Range: 40-50, Size: XL"
20-25,Surat,Male,M,917,"Customer ID: 917, Gender: Male, postal_code: Surat, Age Range: 20-25, Size: M"
50-60,Chennai,Female,M,918,"Customer ID: 918, Gender: Female, postal_code: Chennai, Age Range: 50-60, Size: M"
30-35,Chandigarh,Female,XL,919,"Customer ID: 919, Gender: Female, postal_code: Chandigarh, Age Range: 30-35, Size: XL"
25-30,Guwahati,Male,M,921,"Customer ID: 921, Gender: Male, postal_code: Guwahati, Age Range: 25-30, Size: M"
40-50,Mumbai,Female,XS,923,"Customer ID: 923, Gender: Female, postal_code: Mumbai, Age Range: 40-50, Size: XS"
25-30,Jaipur,Female,XL,924,"Customer ID: 924, Gender: Female, postal_code: Jaipur, Age Range: 25-30, Size: XL"
50-60,Chennai,Male,S,925,"Customer ID: 925, Gender: Male, postal_code: Chennai, Age Range: 50-60, Size: S"
30-35,Mumbai,Male,XL,926,"Customer ID: 926, Gender: Male, postal_code: Mumbai, Age Range: 30-35, Size: XL"
20-25,Vadodara,Female,XS,927,"Customer ID: 927, Gender: Female, postal_code: Vadodara, Age Range: 20-25, Size: XS"
25-30,Guwahati,Male,XS,928,"Customer ID: 928, Gender: Male, postal_code: Guwahati, Age Range: 25-30, Size: XS"
40-50,Bengaluru,Female,S,930,"Customer ID: 930, Gender: Female, postal_code: Bengaluru, Age Range: 40-50, Size: S"
25-30,Delhi,Female,XS,931,"Customer ID: 931, Gender: Female, postal_code: Delhi, Age Range: 25-30, Size: XS"
50-60,Vadodara,Male,XL,932,"Customer ID: 932, Gender: Male, postal_code: Vadodara, Age Range: 50-60, Size: XL"
50-60,Hyderabad,Male,L,935,"Customer ID: 935, Gender: Male, postal_code: Hyderabad, Age Range: 50-60, Size: L"
20-25,Coimbatore,Male,XL,938,"Customer ID: 938, Gender: Male, postal_code: Coimbatore, Age Range: 20-25, Size: XL"
25-30,Mumbai,Female,S,941,"Customer ID: 941, Gender: Female, postal_code: Mumbai, Age Range: 25-30, Size: S"
25-30,Lucknow,Female,XL,942,"Customer ID: 942, Gender: Female, postal_code: Lucknow, Age Range: 25-30, Size: XL"
30-35,Delhi,Male,XL,943,"Customer ID: 943, Gender: Male, postal_code: Delhi, Age Range: 30-35, Size: XL"
20-25,Chennai,Female,XS,944,"Customer ID: 944, Gender: Female, postal_code: Chennai, Age Range: 20-25, Size: XS"
25-30,Mumbai,Female,S,946,"Customer ID: 946, Gender: Female, postal_code: Mumbai, Age Range: 25-30, Size: S"
40-50,Mumbai,Female,S,948,"Customer ID: 948, Gender: Female, postal_code: Mumbai, Age Range: 40-50, Size: S"
40-50,Hyderabad,Female,L,949,"Customer ID: 949, Gender: Female, postal_code: Hyderabad, Age Range: 40-50, Size: L"
30-35,Indore,Male,XS,952,"Customer ID: 952, Gender: Male, postal_code: Indore, Age Range: 30-35, Size: XS"
30-35,Delhi,Male,M,955,"Customer ID: 955, Gender: Male, postal_code: Delhi, Age Range: 30-35, Size: M"
30-35,Delhi,Male,XS,956,"Customer ID: 956, Gender: Male, postal_code: Delhi, Age Range: 30-35, Size: XS"
40-50,Delhi,Female,L,959,"Customer ID: 959, Gender: Female, postal_code: Delhi, Age Range: 40-50, Size: L"
25-30,Ahmedabad,Male,L,960,"Customer ID: 960, Gender: Male, postal_code: Ahmedabad, Age Range: 25-30, Size: L"
50-60,Visakhapatnam,Male,XS,961,"Customer ID: 961, Gender: Male, postal_code: Visakhapatnam, Age Range: 50-60, Size: XS"
30-35,Chennai,Female,XL,962,"Customer ID: 962, Gender: Female, postal_code: Chennai, Age Range: 30-35, Size: XL"
20-25,Ahmedabad,Female,XS,963,"Customer ID: 963, Gender: Female, postal_code: Ahmedabad, Age Range: 20-25, Size: XS"
20-25,Pune,Female,XS,964,"Customer ID: 964, Gender: Female, postal_code: Pune, Age Range: 20-25, Size: XS"
,Lucknow,Male,XS,965,"Customer ID: 965, Gender: Male, postal_code: Lucknow, Age Range: nan, Size: XS"
40-50,Guwahati,Female,XS,966,"Customer ID: 966, Gender: Female, postal_code: Guwahati, Age Range: 40-50, Size: XS"
20-25,Indore,Female,S,968,"Customer ID: 968, Gender: Female, postal_code: Indore, Age Range: 20-25, Size: S"
20-25,Delhi,Male,S,969,"Customer ID: 969, Gender: Male, postal_code: Delhi, Age Range: 20-25, Size: S"
20-25,Chennai,Male,M,970,"Customer ID: 970, Gender: Male, postal_code: Chennai, Age Range: 20-25, Size: M"
50-60,Bengaluru,Male,S,971,"Customer ID: 971, Gender: Male, postal_code: Bengaluru, Age Range: 50-60, Size: S"
40-50,Pune,Male,S,972,"Customer ID: 972, Gender: Male, postal_code: Pune, Age Range: 40-50, Size: S"
20-25,Mumbai,Female,L,973,"Customer ID: 973, Gender: Female, postal_code: Mumbai, Age Range: 20-25, Size: L"
30-35,Delhi,Female,XL,974,"Customer ID: 974, Gender: Female, postal_code: Delhi, Age Range: 30-35, Size: XL"
20-25,Chennai,Female,M,977,"Customer ID: 977, Gender: Female, postal_code: Chennai, Age Range: 20-25, Size: M"
20-25,Bengaluru,Female,S,981,"Customer ID: 981, Gender: Female, postal_code: Bengaluru, Age Range: 20-25, Size: S"
50-60,Coimbatore,Female,S,983,"Customer ID: 983, Gender: Female, postal_code: Coimbatore, Age Range: 50-60, Size: S"
25-30,Vadodara,Female,M,984,"Customer ID: 984, Gender: Female, postal_code: Vadodara, Age Range: 25-30, Size: M"
25-30,Delhi,Female,XL,985,"Customer ID: 985, Gender: Female, postal_code: Delhi, Age Range: 25-30, Size: XL"
35-40,Hyderabad,Female,S,987,"Customer ID: 987, Gender: Female, postal_code: Hyderabad, Age Range: 35-40, Size: S"
50-60,Patna,Female,S,992,"Customer ID: 992, Gender: Female, postal_code: Patna, Age Range: 50-60, Size: S"
60-70,Delhi,Female,M,993,"Customer ID: 993, Gender: Female, postal_code: Delhi, Age Range: 60-70, Size: M"
20-25,Visakhapatnam,Male,XL,995,"Customer ID: 995, Gender: Male, postal_code: Visakhapatnam, Age Range: 20-25, Size: XL"
30-35,Ahmedabad,Female,M,996,"Customer ID: 996, Gender: Female, postal_code: Ahmedabad, Age Range: 30-35, Size: M"
25-30,Mumbai,Female,XL,998,"Customer ID: 998, Gender: Female, postal_code: Mumbai, Age Range: 25-30, Size: XL"
30-35,Delhi,Female,M,999,"Customer ID: 999, Gender: Female, postal_code: Delhi, Age Range: 30-35, Size: M"
25-30,Bengaluru,Female,L,1000,"Customer ID: 1000, Gender: Female, postal_code: Bengaluru, Age Range: 25-30, Size: L"
35-40,Bengaluru,Female,M,1001,"Customer ID: 1001, Gender: Female, postal_code: Bengaluru, Age Range: 35-40, Size: M"
25-30,Visakhapatnam,Female,L,1004,"Customer ID: 1004, Gender: Female, postal_code: Visakhapatnam, Age Range: 25-30, Size: L"
50-60,Hyderabad,Male,L,1005,"Customer ID: 1005, Gender: Male, postal_code: Hyderabad, Age Range: 50-60, Size: L"
30-35,Bengaluru,Male,M,1007,"Customer ID: 1007, Gender: Male, postal_code: Bengaluru, Age Range: 30-35, Size: M"
40-50,Chandigarh,Female,S,1009,"Customer ID: 1009, Gender: Female, postal_code: Chandigarh, Age Range: 40-50, Size: S"
15-20,Chennai,Female,S,1011,"Customer ID: 1011, Gender: Female, postal_code: Chennai, Age Range: 15-20, Size: S"
25-30,Coimbatore,Male,M,1013,"Customer ID: 1013, Gender: Male, postal_code: Coimbatore, Age Range: 25-30, Size: M"
20-25,Hyderabad,Female,S,1014,"Customer ID: 1014, Gender: Female, postal_code: Hyderabad, Age Range: 20-25, Size: S"
25-30,Vadodara,Male,M,1016,"Customer ID: 1016, Gender: Male, postal_code: Vadodara, Age Range: 25-30, Size: M"
40-50,Chennai,Female,L,1020,"Customer ID: 1020, Gender: Female, postal_code: Chennai, Age Range: 40-50, Size: L"
20-25,Chennai,Female,XL,1021,"Customer ID: 1021, Gender: Female, postal_code: Chennai, Age Range: 20-25, Size: XL"
40-50,Hyderabad,Female,XS,1022,"Customer ID: 1022, Gender: Female, postal_code: Hyderabad, Age Range: 40-50, Size: XS"
30-35,Delhi,Male,M,1026,"Customer ID: 1026, Gender: Male, postal_code: Delhi, Age Range: 30-35, Size: M"
35-40,Delhi,Female,M,1028,"Customer ID: 1028, Gender: Female, postal_code: Delhi, Age Range: 35-40, Size: M"
40-50,Chennai,Male,XS,1029,"Customer ID: 1029, Gender: Male, postal_code: Chennai, Age Range: 40-50, Size: XS"
30-35,Hyderabad,Female,XL,1030,"Customer ID: 1030, Gender: Female, postal_code: Hyderabad, Age Range: 30-35, Size: XL"
50-60,Mumbai,Male,XS,1031,"Customer ID: 1031, Gender: Male, postal_code: Mumbai, Age Range: 50-60, Size: XS"
35-40,Visakhapatnam,Female,L,1032,"Customer ID: 1032, Gender: Female, postal_code: Visakhapatnam, Age Range: 35-40, Size: L"
50-60,Mumbai,Female,S,1035,"Customer ID: 1035, Gender: Female, postal_code: Mumbai, Age Range: 50-60, Size: S"
50-60,Ahmedabad,Female,M,1036,"Customer ID: 1036, Gender: Female, postal_code: Ahmedabad, Age Range: 50-60, Size: M"
30-35,Kolkata,Female,XS,1037,"Customer ID: 1037, Gender: Female, postal_code: Kolkata, Age Range: 30-35, Size: XS"
40-50,Bengaluru,Male,XS,1038,"Customer ID: 1038, Gender: Male, postal_code: Bengaluru, Age Range: 40-50, Size: XS"
40-50,Hyderabad,Female,S,1040,"Customer ID: 1040, Gender: Female, postal_code: Hyderabad, Age Range: 40-50, Size: S"
25-30,Mumbai,Male,L,1044,"Customer ID: 1044, Gender: Male, postal_code: Mumbai, Age Range: 25-30, Size: L"
25-30,Chennai,Female,L,1046,"Customer ID: 1046, Gender: Female, postal_code: Chennai, Age Range: 25-30, Size: L"
50-60,Chennai,Female,XL,1048,"Customer ID: 1048, Gender: Female, postal_code: Chennai, Age Range: 50-60, Size: XL"
50-60,Jaipur,Female,XL,1050,"Customer ID: 1050, Gender: Female, postal_code: Jaipur, Age Range: 50-60, Size: XL"
40-50,Hyderabad,Female,XS,1052,"Customer ID: 1052, Gender: Female, postal_code: Hyderabad, Age Range: 40-50, Size: XS"
50-60,Delhi,Female,XS,1053,"Customer ID: 1053, Gender: Female, postal_code: Delhi, Age Range: 50-60, Size: XS"
20-25,Bengaluru,Female,S,1054,"Customer ID: 1054, Gender: Female, postal_code: Bengaluru, Age Range: 20-25, Size: S"
25-30,Coimbatore,Male,XL,1056,"Customer ID: 1056, Gender: Male, postal_code: Coimbatore, Age Range: 25-30, Size: XL"
50-60,Surat,Female,XL,1058,"Customer ID: 1058, Gender: Female, postal_code: Surat, Age Range: 50-60, Size: XL"
40-50,Bengaluru,Male,XS,1059,"Customer ID: 1059, Gender: Male, postal_code: Bengaluru, Age Range: 40-50, Size: XS"
35-40,Hyderabad,Female,S,1060,"Customer ID: 1060, Gender: Female, postal_code: Hyderabad, Age Range: 35-40, Size: S"
20-25,Chennai,Female,S,1061,"Customer ID: 1061, Gender: Female, postal_code: Chennai, Age Range: 20-25, Size: S"
40-50,Bengaluru,Male,L,1064,"Customer ID: 1064, Gender: Male, postal_code: Bengaluru, Age Range: 40-50, Size: L"
20-25,Nagpur,Female,XL,1065,"Customer ID: 1065, Gender: Female, postal_code: Nagpur, Age Range: 20-25, Size: XL"
25-30,Pune,Male,XS,1066,"Customer ID: 1066, Gender: Male, postal_code: Pune, Age Range: 25-30, Size: XS"
20-25,Lucknow,Female,XL,1067,"Customer ID: 1067, Gender: Female, postal_code: Lucknow, Age Range: 20-25, Size: XL"
25-30,Ahmedabad,Male,XL,1068,"Customer ID: 1068, Gender: Male, postal_code: Ahmedabad, Age Range: 25-30, Size: XL"
40-50,Jaipur,Male,XL,1069,"Customer ID: 1069, Gender: Male, postal_code: Jaipur, Age Range: 40-50, Size: XL"
25-30,Delhi,Female,XL,1070,"Customer ID: 1070, Gender: Female, postal_code: Delhi, Age Range: 25-30, Size: XL"
30-35,Bengaluru,Female,L,1075,"Customer ID: 1075, Gender: Female, postal_code: Bengaluru, Age Range: 30-35, Size: L"
50-60,Bhopal,Female,XL,1078,"Customer ID: 1078, Gender: Female, postal_code: Bhopal, Age Range: 50-60, Size: XL"
20-25,Indore,Female,S,1079,"Customer ID: 1079, Gender: Female, postal_code: Indore, Age Range: 20-25, Size: S"
70-80,Mumbai,Female,S,1080,"Customer ID: 1080, Gender: Female, postal_code: Mumbai, Age Range: 70-80, Size: S"
35-40,Bengaluru,Female,XL,1082,"Customer ID: 1082, Gender: Female, postal_code: Bengaluru, Age Range: 35-40, Size: XL"
50-60,Chennai,Male,XL,1083,"Customer ID: 1083, Gender: Male, postal_code: Chennai, Age Range: 50-60, Size: XL"
20-25,Chennai,Female,M,1086,"Customer ID: 1086, Gender: Female, postal_code: Chennai, Age Range: 20-25, Size: M"
40-50,Mumbai,Male,M,1087,"Customer ID: 1087, Gender: Male, postal_code: Mumbai, Age Range: 40-50, Size: M"
50-60,Indore,Male,XS,1088,"Customer ID: 1088, Gender: Male, postal_code: Indore, Age Range: 50-60, Size: XS"
30-35,Nagpur,Male,S,1089,"Customer ID: 1089, Gender: Male, postal_code: Nagpur, Age Range: 30-35, Size: S"
25-30,Mumbai,Female,XL,1090,"Customer ID: 1090, Gender: Female, postal_code: Mumbai, Age Range: 25-30, Size: XL"
50-60,Patna,Female,L,1091,"Customer ID: 1091, Gender: Female, postal_code: Patna, Age Range: 50-60, Size: L"
25-30,Coimbatore,Male,XL,1093,"Customer ID: 1093, Gender: Male, postal_code: Coimbatore, Age Range: 25-30, Size: XL"
30-35,Surat,Female,S,1094,"Customer ID: 1094, Gender: Female, postal_code: Surat, Age Range: 30-35, Size: S"
25-30,Mumbai,Female,S,1095,"Customer ID: 1095, Gender: Female, postal_code: Mumbai, Age Range: 25-30, Size: S"
50-60,Chennai,Female,S,1098,"Customer ID: 1098, Gender: Female, postal_code: Chennai, Age Range: 50-60, Size: S"
40-50,Chennai,Female,XS,1103,"Customer ID: 1103, Gender: Female, postal_code: Chennai, Age Range: 40-50, Size: XS"
20-25,Hyderabad,Female,XL,1104,"Customer ID: 1104, Gender: Female, postal_code: Hyderabad, Age Range: 20-25, Size: XL"
40-50,Mumbai,Female,XS,1106,"Customer ID: 1106, Gender: Female, postal_code: Mumbai, Age Range: 40-50, Size: XS"
30-35,Hyderabad,Male,XL,1107,"Customer ID: 1107, Gender: Male, postal_code: Hyderabad, Age Range: 30-35, Size: XL"
50-60,Guwahati,Male,S,1108,"Customer ID: 1108, Gender: Male, postal_code: Guwahati, Age Range: 50-60, Size: S"
40-50,Chennai,Male,M,1111,"Customer ID: 1111, Gender: Male, postal_code: Chennai, Age Range: 40-50, Size: M"
60-70,Guwahati,Female,L,1112,"Customer ID: 1112, Gender: Female, postal_code: Guwahati, Age Range: 60-70, Size: L"
50-60,Patna,Female,XS,1113,"Customer ID: 1113, Gender: Female, postal_code: Patna, Age Range: 50-60, Size: XS"
20-25,Surat,Female,L,1114,"Customer ID: 1114, Gender: Female, postal_code: Surat, Age Range: 20-25, Size: L"
30-35,Bengaluru,Female,S,1116,"Customer ID: 1116, Gender: Female, postal_code: Bengaluru, Age Range: 30-35, Size: S"
40-50,Chennai,Female,M,1118,"Customer ID: 1118, Gender: Female, postal_code: Chennai, Age Range: 40-50, Size: M"
40-50,Mumbai,Female,L,1119,"Customer ID: 1119, Gender: Female, postal_code: Mumbai, Age Range: 40-50, Size: L"
50-60,Patna,Female,XS,1120,"Customer ID: 1120, Gender: Female, postal_code: Patna, Age Range: 50-60, Size: XS"
30-35,Mumbai,Male,S,1121,"Customer ID: 1121, Gender: Male, postal_code: Mumbai, Age Range: 30-35, Size: S"
40-50,Chennai,Female,S,1122,"Customer ID: 1122, Gender: Female, postal_code: Chennai, Age Range: 40-50, Size: S"
35-40,Mumbai,Male,L,1124,"Customer ID: 1124, Gender: Male, postal_code: Mumbai, Age Range: 35-40, Size: L"
40-50,Mumbai,Female,S,1125,"Customer ID: 1125, Gender: Female, postal_code: Mumbai, Age Range: 40-50, Size: S"
25-30,Guwahati,Female,L,1126,"Customer ID: 1126, Gender: Female, postal_code: Guwahati, Age Range: 25-30, Size: L"
20-25,Mumbai,Female,L,1127,"Customer ID: 1127, Gender: Female, postal_code: Mumbai, Age Range: 20-25, Size: L"
50-60,Kolkata,Male,M,1128,"Customer ID: 1128, Gender: Male, postal_code: Kolkata, Age Range: 50-60, Size: M"
60-70,Indore,Female,L,1129,"Customer ID: 1129, Gender: Female, postal_code: Indore, Age Range: 60-70, Size: L"
15-20,Bengaluru,Female,S,1130,"Customer ID: 1130, Gender: Female, postal_code: Bengaluru, Age Range: 15-20, Size: S"
25-30,Hyderabad,Female,XS,1131,"Customer ID: 1131, Gender: Female, postal_code: Hyderabad, Age Range: 25-30, Size: XS"
50-60,Delhi,Female,S,1132,"Customer ID: 1132, Gender: Female, postal_code: Delhi, Age Range: 50-60, Size: S"
40-50,Bengaluru,Male,XL,1133,"Customer ID: 1133, Gender: Male, postal_code: Bengaluru, Age Range: 40-50, Size: XL"
50-60,Bengaluru,Male,XS,1136,"Customer ID: 1136, Gender: Male, postal_code: Bengaluru, Age Range: 50-60, Size: XS"
40-50,Mumbai,Female,S,1137,"Customer ID: 1137, Gender: Female, postal_code: Mumbai, Age Range: 40-50, Size: S"
50-60,Visakhapatnam,Male,L,1140,"Customer ID: 1140, Gender: Male, postal_code: Visakhapatnam, Age Range: 50-60, Size: L"
25-30,Jaipur,Female,L,1141,"Customer ID: 1141, Gender: Female, postal_code: Jaipur, Age Range: 25-30, Size: L"
40-50,Coimbatore,Female,S,1142,"Customer ID: 1142, Gender: Female, postal_code: Coimbatore, Age Range: 40-50, Size: S"
30-35,Chennai,Female,XL,1144,"Customer ID: 1144, Gender: Female, postal_code: Chennai, Age Range: 30-35, Size: XL"
25-30,Chennai,Female,L,1145,"Customer ID: 1145, Gender: Female, postal_code: Chennai, Age Range: 25-30, Size: L"
20-25,Chennai,Female,L,1146,"Customer ID: 1146, Gender: Female, postal_code: Chennai, Age Range: 20-25, Size: L"
25-30,Mumbai,Male,XL,1149,"Customer ID: 1149, Gender: Male, postal_code: Mumbai, Age Range: 25-30, Size: XL"
25-30,Delhi,Male,S,1150,"Customer ID: 1150, Gender: Male, postal_code: Delhi, Age Range: 25-30, Size: S"
40-50,Mumbai,Male,XL,1151,"Customer ID: 1151, Gender: Male, postal_code: Mumbai, Age Range: 40-50, Size: XL"
35-40,Vadodara,Female,L,1152,"Customer ID: 1152, Gender: Female, postal_code: Vadodara, Age Range: 35-40, Size: L"
25-30,Hyderabad,Male,M,1155,"Customer ID: 1155, Gender: Male, postal_code: Hyderabad, Age Range: 25-30, Size: M"
20-25,Chandigarh,Male,XL,1156,"Customer ID: 1156, Gender: Male, postal_code: Chandigarh, Age Range: 20-25, Size: XL"
40-50,Bengaluru,Female,L,1157,"Customer ID: 1157, Gender: Female, postal_code: Bengaluru, Age Range: 40-50, Size: L"
40-50,Bengaluru,Male,L,1159,"Customer ID: 1159, Gender: Male, postal_code: Bengaluru, Age Range: 40-50, Size: L"
50-60,Bengaluru,Female,L,1160,"Customer ID: 1160, Gender: Female, postal_code: Bengaluru, Age Range: 50-60, Size: L"
40-50,Delhi,Female,XS,1161,"Customer ID: 1161, Gender: Female, postal_code: Delhi, Age Range: 40-50, Size: XS"
50-60,Patna,Female,XL,1164,"Customer ID: 1164, Gender: Female, postal_code: Patna, Age Range: 50-60, Size: XL"
25-30,Jaipur,Female,XL,1166,"Customer ID: 1166, Gender: Female, postal_code: Jaipur, Age Range: 25-30, Size: XL"
40-50,Guwahati,Female,XL,1167,"Customer ID: 1167, Gender: Female, postal_code: Guwahati, Age Range: 40-50, Size: XL"
60-70,Ahmedabad,Male,S,1168,"Customer ID: 1168, Gender: Male, postal_code: Ahmedabad, Age Range: 60-70, Size: S"
50-60,Lucknow,Female,XS,1170,"Customer ID: 1170, Gender: Female, postal_code: Lucknow, Age Range: 50-60, Size: XS"
50-60,Chandigarh,Male,XS,1171,"Customer ID: 1171, Gender: Male, postal_code: Chandigarh, Age Range: 50-60, Size: XS"
25-30,Surat,Female,S,1175,"Customer ID: 1175, Gender: Female, postal_code: Surat, Age Range: 25-30, Size: S"
25-30,Delhi,Male,XS,1177,"Customer ID: 1177, Gender: Male, postal_code: Delhi, Age Range: 25-30, Size: XS"
25-30,Indore,Male,M,1178,"Customer ID: 1178, Gender: Male, postal_code: Indore, Age Range: 25-30, Size: M"
50-60,Guwahati,Male,XS,1179,"Customer ID: 1179, Gender: Male, postal_code: Guwahati, Age Range: 50-60, Size: XS"
20-25,Guwahati,Female,XS,1180,"Customer ID: 1180, Gender: Female, postal_code: Guwahati, Age Range: 20-25, Size: XS"
30-35,Visakhapatnam,Male,L,1182,"Customer ID: 1182, Gender: Male, postal_code: Visakhapatnam, Age Range: 30-35, Size: L"
40-50,Jaipur,Female,XS,1183,"Customer ID: 1183, Gender: Female, postal_code: Jaipur, Age Range: 40-50, Size: XS"
40-50,Delhi,Female,S,1185,"Customer ID: 1185, Gender: Female, postal_code: Delhi, Age Range: 40-50, Size: S"
25-30,Pune,Female,XS,1187,"Customer ID: 1187, Gender: Female, postal_code: Pune, Age Range: 25-30, Size: XS"
20-25,Chennai,Female,XL,1188,"Customer ID: 1188, Gender: Female, postal_code: Chennai, Age Range: 20-25, Size: XL"
40-50,Bengaluru,Female,L,1189,"Customer ID: 1189, Gender: Female, postal_code: Bengaluru, Age Range: 40-50, Size: L"
25-30,Delhi,Male,L,1191,"Customer ID: 1191, Gender: Male, postal_code: Delhi, Age Range: 25-30, Size: L"
50-60,Pune,Female,S,1192,"Customer ID: 1192, Gender: Female, postal_code: Pune, Age Range: 50-60, Size: S"
25-30,Bengaluru,Female,XL,1193,"Customer ID: 1193, Gender: Female, postal_code: Bengaluru, Age Range: 25-30, Size: XL"
30-35,Vadodara,Female,M,1194,"Customer ID: 1194, Gender: Female, postal_code: Vadodara, Age Range: 30-35, Size: M"
30-35,Vadodara,Female,S,1195,"Customer ID: 1195, Gender: Female, postal_code: Vadodara, Age Range: 30-35, Size: S"
25-30,Delhi,Male,S,1196,"Customer ID: 1196, Gender: Male, postal_code: Delhi, Age Range: 25-30, Size: S"
40-50,Mumbai,Female,S,1199,"Customer ID: 1199, Gender: Female, postal_code: Mumbai, Age Range: 40-50, Size: S"
30-35,Lucknow,Male,S,1201,"Customer ID: 1201, Gender: Male, postal_code: Lucknow, Age Range: 30-35, Size: S"
40-50,Chennai,Male,L,1202,"Customer ID: 1202, Gender: Male, postal_code: Chennai, Age Range: 40-50, Size: L"
50-60,Vadodara,Female,S,1203,"Customer ID: 1203, Gender: Female, postal_code: Vadodara, Age Range: 50-60, Size: S"
25-30,Patna,Female,S,1205,"Customer ID: 1205, Gender: Female, postal_code: Patna, Age Range: 25-30, Size: S"
25-30,Chennai,Female,M,1207,"Customer ID: 1207, Gender: Female, postal_code: Chennai, Age Range: 25-30, Size: M"
40-50,Bengaluru,Female,L,1208,"Customer ID: 1208, Gender: Female, postal_code: Bengaluru, Age Range: 40-50, Size: L"
25-30,Chennai,Female,L,1209,"Customer ID: 1209, Gender: Female, postal_code: Chennai, Age Range: 25-30, Size: L"
40-50,Chandigarh,Male,L,1210,"Customer ID: 1210, Gender: Male, postal_code: Chandigarh, Age Range: 40-50, Size: L"
30-35,Pune,Female,XL,1211,"Customer ID: 1211, Gender: Female, postal_code: Pune, Age Range: 30-35, Size: XL"
50-60,Chennai,Male,L,1212,"Customer ID: 1212, Gender: Male, postal_code: Chennai, Age Range: 50-60, Size: L"
20-25,Coimbatore,Female,M,1213,"Customer ID: 1213, Gender: Female, postal_code: Coimbatore, Age Range: 20-25, Size: M"
40-50,Hyderabad,Female,L,1214,"Customer ID: 1214, Gender: Female, postal_code: Hyderabad, Age Range: 40-50, Size: L"
25-30,Kolkata,Female,M,1215,"Customer ID: 1215, Gender: Female, postal_code: Kolkata, Age Range: 25-30, Size: M"
60-70,Vadodara,Female,M,1217,"Customer ID: 1217, Gender: Female, postal_code: Vadodara, Age Range: 60-70, Size: M"
25-30,Mumbai,Male,XS,1219,"Customer ID: 1219, Gender: Male, postal_code: Mumbai, Age Range: 25-30, Size: XS"
20-25,Hyderabad,Female,XS,1220,"Customer ID: 1220, Gender: Female, postal_code: Hyderabad, Age Range: 20-25, Size: XS"
40-50,Surat,Female,S,1221,"Customer ID: 1221, Gender: Female, postal_code: Surat, Age Range: 40-50, Size: S"
80-90,Surat,Female,M,1223,"Customer ID: 1223, Gender: Female, postal_code: Surat, Age Range: 80-90, Size: M"
40-50,Bengaluru,Female,M,1224,"Customer ID: 1224, Gender: Female, postal_code: Bengaluru, Age Range: 40-50, Size: M"
25-30,Coimbatore,Male,S,1225,"Customer ID: 1225, Gender: Male, postal_code: Coimbatore, Age Range: 25-30, Size: S"
30-35,Delhi,Female,M,1226,"Customer ID: 1226, Gender: Female, postal_code: Delhi, Age Range: 30-35, Size: M"
40-50,Visakhapatnam,Male,M,1227,"Customer ID: 1227, Gender: Male, postal_code: Visakhapatnam, Age Range: 40-50, Size: M"
50-60,Delhi,Female,XS,1228,"Customer ID: 1228, Gender: Female, postal_code: Delhi, Age Range: 50-60, Size: XS"
30-35,Mumbai,Female,L,1229,"Customer ID: 1229, Gender: Female, postal_code: Mumbai, Age Range: 30-35, Size: L"
25-30,Guwahati,Female,XS,1230,"Customer ID: 1230, Gender: Female, postal_code: Guwahati, Age Range: 25-30, Size: XS"
25-30,Patna,Female,M,1231,"Customer ID: 1231, Gender: Female, postal_code: Patna, Age Range: 25-30, Size: M"
15-20,Bengaluru,Male,S,1234,"Customer ID: 1234, Gender: Male, postal_code: Bengaluru, Age Range: 15-20, Size: S"
25-30,Coimbatore,Female,M,1238,"Customer ID: 1238, Gender: Female, postal_code: Coimbatore, Age Range: 25-30, Size: M"
20-25,Kolkata,Female,S,1239,"Customer ID: 1239, Gender: Female, postal_code: Kolkata, Age Range: 20-25, Size: S"
50-60,Bengaluru,Female,M,1240,"Customer ID: 1240, Gender: Female, postal_code: Bengaluru, Age Range: 50-60, Size: M"
25-30,Bengaluru,Female,S,1241,"Customer ID: 1241, Gender: Female, postal_code: Bengaluru, Age Range: 25-30, Size: S"
20-25,Bengaluru,Male,XL,1243,"Customer ID: 1243, Gender: Male, postal_code: Bengaluru, Age Range: 20-25, Size: XL"
25-30,Coimbatore,Male,XL,1244,"Customer ID: 1244, Gender: Male, postal_code: Coimbatore, Age Range: 25-30, Size: XL"
40-50,Kolkata,Male,XL,1247,"Customer ID: 1247, Gender: Male, postal_code: Kolkata, Age Range: 40-50, Size: XL"
30-35,Chandigarh,Female,XL,1252,"Customer ID: 1252, Gender: Female, postal_code: Chandigarh, Age Range: 30-35, Size: XL"
25-30,Chennai,Male,L,1253,"Customer ID: 1253, Gender: Male, postal_code: Chennai, Age Range: 25-30, Size: L"
40-50,Mumbai,Female,XS,1256,"Customer ID: 1256, Gender: Female, postal_code: Mumbai, Age Range: 40-50, Size: XS"
50-60,Chandigarh,Female,L,1258,"Customer ID: 1258, Gender: Female, postal_code: Chandigarh, Age Range: 50-60, Size: L"
30-35,Ahmedabad,Female,M,1259,"Customer ID: 1259, Gender: Female, postal_code: Ahmedabad, Age Range: 30-35, Size: M"
25-30,Visakhapatnam,Female,L,1260,"Customer ID: 1260, Gender: Female, postal_code: Visakhapatnam, Age Range: 25-30, Size: L"
20-25,Chandigarh,Male,XS,1261,"Customer ID: 1261, Gender: Male, postal_code: Chandigarh, Age Range: 20-25, Size: XS"
60-70,Hyderabad,Female,XS,1265,"Customer ID: 1265, Gender: Female, postal_code: Hyderabad, Age Range: 60-70, Size: XS"
60-70,Delhi,Male,L,1266,"Customer ID: 1266, Gender: Male, postal_code: Delhi, Age Range: 60-70, Size: L"
25-30,Mumbai,Female,L,1267,"Customer ID: 1267, Gender: Female, postal_code: Mumbai, Age Range: 25-30, Size: L"
50-60,Hyderabad,Female,XS,1268,"Customer ID: 1268, Gender: Female, postal_code: Hyderabad, Age Range: 50-60, Size: XS"
25-30,Bengaluru,Female,S,1269,"Customer ID: 1269, Gender: Female, postal_code: Bengaluru, Age Range: 25-30, Size: S"
20-25,Nagpur,Male,S,1270,"Customer ID: 1270, Gender: Male, postal_code: Nagpur, Age Range: 20-25, Size: S"
35-40,Hyderabad,Female,M,1271,"Customer ID: 1271, Gender: Female, postal_code: Hyderabad, Age Range: 35-40, Size: M"
50-60,Bengaluru,Female,L,1272,"Customer ID: 1272, Gender: Female, postal_code: Bengaluru, Age Range: 50-60, Size: L"
50-60,Hyderabad,Female,XS,1273,"Customer ID: 1273, Gender: Female, postal_code: Hyderabad, Age Range: 50-60, Size: XS"
35-40,Mumbai,Male,L,1276,"Customer ID: 1276, Gender: Male, postal_code: Mumbai, Age Range: 35-40, Size: L"
25-30,Kolkata,Male,XS,1279,"Customer ID: 1279, Gender: Male, postal_code: Kolkata, Age Range: 25-30, Size: XS"
40-50,Mumbai,Female,M,1282,"Customer ID: 1282, Gender: Female, postal_code: Mumbai, Age Range: 40-50, Size: M"
25-30,Chennai,Female,XL,1285,"Customer ID: 1285, Gender: Female, postal_code: Chennai, Age Range: 25-30, Size: XL"
50-60,Hyderabad,Female,XL,1288,"Customer ID: 1288, Gender: Female, postal_code: Hyderabad, Age Range: 50-60, Size: XL"
40-50,Kolkata,Male,XL,1289,"Customer ID: 1289, Gender: Male, postal_code: Kolkata, Age Range: 40-50, Size: XL"
25-30,Nagpur,Female,M,1290,"Customer ID: 1290, Gender: Female, postal_code: Nagpur, Age Range: 25-30, Size: M"
30-35,Vadodara,Male,M,1293,"Customer ID: 1293, Gender: Male, postal_code: Vadodara, Age Range: 30-35, Size: M"
30-35,Mumbai,Female,M,1296,"Customer ID: 1296, Gender: Female, postal_code: Mumbai, Age Range: 30-35, Size: M"
40-50,Chennai,Male,M,1297,"Customer ID: 1297, Gender: Male, postal_code: Chennai, Age Range: 40-50, Size: M"
25-30,Mumbai,Female,XL,1300,"Customer ID: 1300, Gender: Female, postal_code: Mumbai, Age Range: 25-30, Size: XL"
60-70,Chennai,Female,M,1301,"Customer ID: 1301, Gender: Female, postal_code: Chennai, Age Range: 60-70, Size: M"
25-30,Guwahati,Male,M,1303,"Customer ID: 1303, Gender: Male, postal_code: Guwahati, Age Range: 25-30, Size: M"
20-25,Bengaluru,Female,M,1304,"Customer ID: 1304, Gender: Female, postal_code: Bengaluru, Age Range: 20-25, Size: M"
35-40,Visakhapatnam,Female,XL,1305,"Customer ID: 1305, Gender: Female, postal_code: Visakhapatnam, Age Range: 35-40, Size: XL"
30-35,Hyderabad,Female,XS,1306,"Customer ID: 1306, Gender: Female, postal_code: Hyderabad, Age Range: 30-35, Size: XS"
25-30,Bhopal,Male,XS,1307,"Customer ID: 1307, Gender: Male, postal_code: Bhopal, Age Range: 25-30, Size: XS"
20-25,Coimbatore,Male,XL,1309,"Customer ID: 1309, Gender: Male, postal_code: Coimbatore, Age Range: 20-25, Size: XL"
50-60,Chennai,Female,S,1310,"Customer ID: 1310, Gender: Female, postal_code: Chennai, Age Range: 50-60, Size: S"
40-50,Hyderabad,Female,M,1311,"Customer ID: 1311, Gender: Female, postal_code: Hyderabad, Age Range: 40-50, Size: M"
25-30,Delhi,Female,S,1312,"Customer ID: 1312, Gender: Female, postal_code: Delhi, Age Range: 25-30, Size: S"
25-30,Bengaluru,Female,XL,1313,"Customer ID: 1313, Gender: Female, postal_code: Bengaluru, Age Range: 25-30, Size: XL"
35-40,Nagpur,Male,M,1314,"Customer ID: 1314, Gender: Male, postal_code: Nagpur, Age Range: 35-40, Size: M"
20-25,Chandigarh,Male,XS,1315,"Customer ID: 1315, Gender: Male, postal_code: Chandigarh, Age Range: 20-25, Size: XS"
15-20,Delhi,Female,XL,1316,"Customer ID: 1316, Gender: Female, postal_code: Delhi, Age Range: 15-20, Size: XL"
40-50,Chennai,Female,M,1317,"Customer ID: 1317, Gender: Female, postal_code: Chennai, Age Range: 40-50, Size: M"
50-60,Indore,Male,XL,1320,"Customer ID: 1320, Gender: Male, postal_code: Indore, Age Range: 50-60, Size: XL"
25-30,Hyderabad,Female,S,1321,"Customer ID: 1321, Gender: Female, postal_code: Hyderabad, Age Range: 25-30, Size: S"
30-35,Mumbai,Male,M,1323,"Customer ID: 1323, Gender: Male, postal_code: Mumbai, Age Range: 30-35, Size: M"
60-70,Visakhapatnam,Female,XL,1325,"Customer ID: 1325, Gender: Female, postal_code: Visakhapatnam, Age Range: 60-70, Size: XL"
25-30,Bengaluru,Female,S,1327,"Customer ID: 1327, Gender: Female, postal_code: Bengaluru, Age Range: 25-30, Size: S"
15-20,Chennai,Female,S,1328,"Customer ID: 1328, Gender: Female, postal_code: Chennai, Age Range: 15-20, Size: S"
35-40,Hyderabad,Female,XS,1329,"Customer ID: 1329, Gender: Female, postal_code: Hyderabad, Age Range: 35-40, Size: XS"
25-30,Bengaluru,Female,L,1331,"Customer ID: 1331, Gender: Female, postal_code: Bengaluru, Age Range: 25-30, Size: L"
40-50,Chennai,Female,L,1332,"Customer ID: 1332, Gender: Female, postal_code: Chennai, Age Range: 40-50, Size: L"
50-60,Chennai,Female,M,1333,"Customer ID: 1333, Gender: Female, postal_code: Chennai, Age Range: 50-60, Size: M"
30-35,Delhi,Female,S,1334,"Customer ID: 1334, Gender: Female, postal_code: Delhi, Age Range: 30-35, Size: S"
50-60,Patna,Female,M,1338,"Customer ID: 1338, Gender: Female, postal_code: Patna, Age Range: 50-60, Size: M"
20-25,Bhopal,Female,L,1339,"Customer ID: 1339, Gender: Female, postal_code: Bhopal, Age Range: 20-25, Size: L"
30-35,Patna,Female,S,1341,"Customer ID: 1341, Gender: Female, postal_code: Patna, Age Range: 30-35, Size: S"
50-60,Delhi,Female,S,1342,"Customer ID: 1342, Gender: Female, postal_code: Delhi, Age Range: 50-60, Size: S"
25-30,Delhi,Female,M,1343,"Customer ID: 1343, Gender: Female, postal_code: Delhi, Age Range: 25-30, Size: M"
25-30,Bhopal,Female,S,1344,"Customer ID: 1344, Gender: Female, postal_code: Bhopal, Age Range: 25-30, Size: S"
25-30,Jaipur,Female,S,1345,"Customer ID: 1345, Gender: Female, postal_code: Jaipur, Age Range: 25-30, Size: S"
25-30,Hyderabad,Female,XL,1348,"Customer ID: 1348, Gender: Female, postal_code: Hyderabad, Age Range: 25-30, Size: XL"
25-30,Jaipur,Female,L,1349,"Customer ID: 1349, Gender: Female, postal_code: Jaipur, Age Range: 25-30, Size: L"
60-70,Lucknow,Male,S,1350,"Customer ID: 1350, Gender: Male, postal_code: Lucknow, Age Range: 60-70, Size: S"
50-60,Indore,Male,S,1351,"Customer ID: 1351, Gender: Male, postal_code: Indore, Age Range: 50-60, Size: S"
60-70,Pune,Male,S,1352,"Customer ID: 1352, Gender: Male, postal_code: Pune, Age Range: 60-70, Size: S"
40-50,Bhopal,Male,M,1354,"Customer ID: 1354, Gender: Male, postal_code: Bhopal, Age Range: 40-50, Size: M"
40-50,Lucknow,Female,XS,1355,"Customer ID: 1355, Gender: Female, postal_code: Lucknow, Age Range: 40-50, Size: XS"
50-60,Visakhapatnam,Male,M,1358,"Customer ID: 1358, Gender: Male, postal_code: Visakhapatnam, Age Range: 50-60, Size: M"
40-50,Delhi,Female,L,1359,"Customer ID: 1359, Gender: Female, postal_code: Delhi, Age Range: 40-50, Size: L"
40-50,Delhi,Male,XS,1360,"Customer ID: 1360, Gender: Male, postal_code: Delhi, Age Range: 40-50, Size: XS"
50-60,Delhi,Female,S,1361,"Customer ID: 1361, Gender: Female, postal_code: Delhi, Age Range: 50-60, Size: S"
35-40,Mumbai,Female,XL,1362,"Customer ID: 1362, Gender: Female, postal_code: Mumbai, Age Range: 35-40, Size: XL"
30-35,Chennai,Female,S,1363,"Customer ID: 1363, Gender: Female, postal_code: Chennai, Age Range: 30-35, Size: S"
35-40,Visakhapatnam,Female,XL,1367,"Customer ID: 1367, Gender: Female, postal_code: Visakhapatnam, Age Range: 35-40, Size: XL"
30-35,Bengaluru,Male,M,1370,"Customer ID: 1370, Gender: Male, postal_code: Bengaluru, Age Range: 30-35, Size: M"
20-25,Chennai,Female,L,1372,"Customer ID: 1372, Gender: Female, postal_code: Chennai, Age Range: 20-25, Size: L"
30-35,Delhi,Female,XS,1373,"Customer ID: 1373, Gender: Female, postal_code: Delhi, Age Range: 30-35, Size: XS"
20-25,Surat,Male,M,1374,"Customer ID: 1374, Gender: Male, postal_code: Surat, Age Range: 20-25, Size: M"
40-50,Bengaluru,Female,XS,1376,"Customer ID: 1376, Gender: Female, postal_code: Bengaluru, Age Range: 40-50, Size: XS"
35-40,Bengaluru,Male,XL,1380,"Customer ID: 1380, Gender: Male, postal_code: Bengaluru, Age Range: 35-40, Size: XL"
70-80,Nagpur,Female,S,1382,"Customer ID: 1382, Gender: Female, postal_code: Nagpur, Age Range: 70-80, Size: S"
50-60,Bengaluru,Male,S,1383,"Customer ID: 1383, Gender: Male, postal_code: Bengaluru, Age Range: 50-60, Size: S"
20-25,Jaipur,Female,L,1387,"Customer ID: 1387, Gender: Female, postal_code: Jaipur, Age Range: 20-25, Size: L"
40-50,Delhi,Male,XL,1388,"Customer ID: 1388, Gender: Male, postal_code: Delhi, Age Range: 40-50, Size: XL"
60-70,Hyderabad,Female,XS,1389,"Customer ID: 1389, Gender: Female, postal_code: Hyderabad, Age Range: 60-70, Size: XS"
20-25,Hyderabad,Male,L,1392,"Customer ID: 1392, Gender: Male, postal_code: Hyderabad, Age Range: 20-25, Size: L"
25-30,Mumbai,Female,L,1394,"Customer ID: 1394, Gender: Female, postal_code: Mumbai, Age Range: 25-30, Size: L"
25-30,Hyderabad,Male,XS,1395,"Customer ID: 1395, Gender: Male, postal_code: Hyderabad, Age Range: 25-30, Size: XS"
30-35,Patna,Male,L,1396,"Customer ID: 1396, Gender: Male, postal_code: Patna, Age Range: 30-35, Size: L"
30-35,Vadodara,Male,S,1397,"Customer ID: 1397, Gender: Male, postal_code: Vadodara, Age Range: 30-35, Size: S"
20-25,Delhi,Female,M,1399,"Customer ID: 1399, Gender: Female, postal_code: Delhi, Age Range: 20-25, Size: M"
40-50,Visakhapatnam,Female,M,1400,"Customer ID: 1400, Gender: Female, postal_code: Visakhapatnam, Age Range: 40-50, Size: M"
50-60,Mumbai,Female,S,1401,"Customer ID: 1401, Gender: Female, postal_code: Mumbai, Age Range: 50-60, Size: S"
25-30,Bengaluru,Female,L,1402,"Customer ID: 1402, Gender: Female, postal_code: Bengaluru, Age Range: 25-30, Size: L"
30-35,Bengaluru,Female,L,1404,"Customer ID: 1404, Gender: Female, postal_code: Bengaluru, Age Range: 30-35, Size: L"
20-25,Mumbai,Male,M,1406,"Customer ID: 1406, Gender: Male, postal_code: Mumbai, Age Range: 20-25, Size: M"
25-30,Mumbai,Male,XS,1407,"Customer ID: 1407, Gender: Male, postal_code: Mumbai, Age Range: 25-30, Size: XS"
25-30,Indore,Female,XL,1409,"Customer ID: 1409, Gender: Female, postal_code: Indore, Age Range: 25-30, Size: XL"
35-40,Chandigarh,Female,S,1410,"Customer ID: 1410, Gender: Female, postal_code: Chandigarh, Age Range: 35-40, Size: S"
50-60,Delhi,Male,XL,1411,"Customer ID: 1411, Gender: Male, postal_code: Delhi, Age Range: 50-60, Size: XL"
25-30,Nagpur,Female,XL,1413,"Customer ID: 1413, Gender: Female, postal_code: Nagpur, Age Range: 25-30, Size: XL"
50-60,Hyderabad,Male,XS,1414,"Customer ID: 1414, Gender: Male, postal_code: Hyderabad, Age Range: 50-60, Size: XS"
20-25,Chennai,Male,L,1416,"Customer ID: 1416, Gender: Male, postal_code: Chennai, Age Range: 20-25, Size: L"
20-25,Chennai,Male,S,1417,"Customer ID: 1417, Gender: Male, postal_code: Chennai, Age Range: 20-25, Size: S"
35-40,Mumbai,Female,XL,1418,"Customer ID: 1418, Gender: Female, postal_code: Mumbai, Age Range: 35-40, Size: XL"
50-60,Bengaluru,Female,S,1420,"Customer ID: 1420, Gender: Female, postal_code: Bengaluru, Age Range: 50-60, Size: S"
20-25,Hyderabad,Female,L,1421,"Customer ID: 1421, Gender: Female, postal_code: Hyderabad, Age Range: 20-25, Size: L"
25-30,Chennai,Male,M,1422,"Customer ID: 1422, Gender: Male, postal_code: Chennai, Age Range: 25-30, Size: M"
60-70,Chennai,Female,XL,1423,"Customer ID: 1423, Gender: Female, postal_code: Chennai, Age Range: 60-70, Size: XL"
25-30,Bengaluru,Female,XS,1424,"Customer ID: 1424, Gender: Female, postal_code: Bengaluru, Age Range: 25-30, Size: XS"
35-40,Bengaluru,Female,XS,1429,"Customer ID: 1429, Gender: Female, postal_code: Bengaluru, Age Range: 35-40, Size: XS"
30-35,Indore,Female,XL,1433,"Customer ID: 1433, Gender: Female, postal_code: Indore, Age Range: 30-35, Size: XL"
25-30,Kolkata,Female,XS,1434,"Customer ID: 1434, Gender: Female, postal_code: Kolkata, Age Range: 25-30, Size: XS"
50-60,Ahmedabad,Female,M,1435,"Customer ID: 1435, Gender: Female, postal_code: Ahmedabad, Age Range: 50-60, Size: M"
20-25,Bengaluru,Female,L,1439,"Customer ID: 1439, Gender: Female, postal_code: Bengaluru, Age Range: 20-25, Size: L"
25-30,Patna,Male,XL,1440,"Customer ID: 1440, Gender: Male, postal_code: Patna, Age Range: 25-30, Size: XL"
25-30,Visakhapatnam,Female,XL,1441,"Customer ID: 1441, Gender: Female, postal_code: Visakhapatnam, Age Range: 25-30, Size: XL"
40-50,Delhi,Male,M,1442,"Customer ID: 1442, Gender: Male, postal_code: Delhi, Age Range: 40-50, Size: M"
25-30,Mumbai,Female,L,1444,"Customer ID: 1444, Gender: Female, postal_code: Mumbai, Age Range: 25-30, Size: L"
20-25,Chennai,Male,L,1448,"Customer ID: 1448, Gender: Male, postal_code: Chennai, Age Range: 20-25, Size: L"
40-50,Bengaluru,Female,M,1450,"Customer ID: 1450, Gender: Female, postal_code: Bengaluru, Age Range: 40-50, Size: M"
25-30,Mumbai,Female,L,1451,"Customer ID: 1451, Gender: Female, postal_code: Mumbai, Age Range: 25-30, Size: L"
40-50,Surat,Female,M,1452,"Customer ID: 1452, Gender: Female, postal_code: Surat, Age Range: 40-50, Size: M"
50-60,Mumbai,Male,XS,1454,"Customer ID: 1454, Gender: Male, postal_code: Mumbai, Age Range: 50-60, Size: XS"
30-35,Nagpur,Male,M,1455,"Customer ID: 1455, Gender: Male, postal_code: Nagpur, Age Range: 30-35, Size: M"
20-25,Kolkata,Female,S,1456,"Customer ID: 1456, Gender: Female, postal_code: Kolkata, Age Range: 20-25, Size: S"
20-25,Ahmedabad,Female,XS,1457,"Customer ID: 1457, Gender: Female, postal_code: Ahmedabad, Age Range: 20-25, Size: XS"
40-50,Mumbai,Female,XS,1458,"Customer ID: 1458, Gender: Female, postal_code: Mumbai, Age Range: 40-50, Size: XS"
40-50,Hyderabad,Female,M,1459,"Customer ID: 1459, Gender: Female, postal_code: Hyderabad, Age Range: 40-50, Size: M"
30-35,Chennai,Female,S,1462,"Customer ID: 1462, Gender: Female, postal_code: Chennai, Age Range: 30-35, Size: S"
50-60,Chennai,Female,XS,1464,"Customer ID: 1464, Gender: Female, postal_code: Chennai, Age Range: 50-60, Size: XS"
50-60,Bengaluru,Female,XS,1465,"Customer ID: 1465, Gender: Female, postal_code: Bengaluru, Age Range: 50-60, Size: XS"
30-35,Ahmedabad,Male,S,1466,"Customer ID: 1466, Gender: Male, postal_code: Ahmedabad, Age Range: 30-35, Size: S"
25-30,Mumbai,Female,S,1467,"Customer ID: 1467, Gender: Female, postal_code: Mumbai, Age Range: 25-30, Size: S"
40-50,Coimbatore,Female,M,1468,"Customer ID: 1468, Gender: Female, postal_code: Coimbatore, Age Range: 40-50, Size: M"
30-35,Surat,Male,XS,1469,"Customer ID: 1469, Gender: Male, postal_code: Surat, Age Range: 30-35, Size: XS"
25-30,Mumbai,Male,M,1470,"Customer ID: 1470, Gender: Male, postal_code: Mumbai, Age Range: 25-30, Size: M"
40-50,Coimbatore,Female,L,1471,"Customer ID: 1471, Gender: Female, postal_code: Coimbatore, Age Range: 40-50, Size: L"
25-30,Jaipur,Male,XS,1472,"Customer ID: 1472, Gender: Male, postal_code: Jaipur, Age Range: 25-30, Size: XS"
50-60,Guwahati,Male,M,1474,"Customer ID: 1474, Gender: Male, postal_code: Guwahati, Age Range: 50-60, Size: M"
60-70,Guwahati,Female,XL,1475,"Customer ID: 1475, Gender: Female, postal_code: Guwahati, Age Range: 60-70, Size: XL"
50-60,Delhi,Female,L,1476,"Customer ID: 1476, Gender: Female, postal_code: Delhi, Age Range: 50-60, Size: L"
25-30,Lucknow,Female,XL,1478,"Customer ID: 1478, Gender: Female, postal_code: Lucknow, Age Range: 25-30, Size: XL"
25-30,Bengaluru,Male,XS,1481,"Customer ID: 1481, Gender: Male, postal_code: Bengaluru, Age Range: 25-30, Size: XS"
30-35,Hyderabad,Female,XS,1482,"Customer ID: 1482, Gender: Female, postal_code: Hyderabad, Age Range: 30-35, Size: XS"
25-30,Mumbai,Male,XS,1483,"Customer ID: 1483, Gender: Male, postal_code: Mumbai, Age Range: 25-30, Size: XS"
35-40,Hyderabad,Female,L,1486,"Customer ID: 1486, Gender: Female, postal_code: Hyderabad, Age Range: 35-40, Size: L"
25-30,Delhi,Female,M,1487,"Customer ID: 1487, Gender: Female, postal_code: Delhi, Age Range: 25-30, Size: M"
40-50,Chennai,Female,XS,1488,"Customer ID: 1488, Gender: Female, postal_code: Chennai, Age Range: 40-50, Size: XS"
20-25,Guwahati,Male,XL,1493,"Customer ID: 1493, Gender: Male, postal_code: Guwahati, Age Range: 20-25, Size: XL"
40-50,Bhopal,Female,XS,1494,"Customer ID: 1494, Gender: Female, postal_code: Bhopal, Age Range: 40-50, Size: XS"
20-25,Jaipur,Female,M,1495,"Customer ID: 1495, Gender: Female, postal_code: Jaipur, Age Range: 20-25, Size: M"
15-20,Delhi,Male,S,1499,"Customer ID: 1499, Gender: Male, postal_code: Delhi, Age Range: 15-20, Size: S"
20-25,Kolkata,Female,M,1500,"Customer ID: 1500, Gender: Female, postal_code: Kolkata, Age Range: 20-25, Size: M"
50-60,Mumbai,Female,M,1501,"Customer ID: 1501, Gender: Female, postal_code: Mumbai, Age Range: 50-60, Size: M"
35-40,Hyderabad,Male,XL,1505,"Customer ID: 1505, Gender: Male, postal_code: Hyderabad, Age Range: 35-40, Size: XL"
40-50,Nagpur,Male,XL,1506,"Customer ID: 1506, Gender: Male, postal_code: Nagpur, Age Range: 40-50, Size: XL"
60-70,Bengaluru,Male,S,1507,"Customer ID: 1507, Gender: Male, postal_code: Bengaluru, Age Range: 60-70, Size: S"
30-35,Delhi,Female,XS,1508,"Customer ID: 1508, Gender: Female, postal_code: Delhi, Age Range: 30-35, Size: XS"
35-40,Hyderabad,Female,S,1510,"Customer ID: 1510, Gender: Female, postal_code: Hyderabad, Age Range: 35-40, Size: S"
30-35,Delhi,Female,XL,1512,"Customer ID: 1512, Gender: Female, postal_code: Delhi, Age Range: 30-35, Size: XL"
30-35,Chennai,Female,M,1513,"Customer ID: 1513, Gender: Female, postal_code: Chennai, Age Range: 30-35, Size: M"
20-25,Mumbai,Female,XS,1519,"Customer ID: 1519, Gender: Female, postal_code: Mumbai, Age Range: 20-25, Size: XS"
30-35,Hyderabad,Female,L,1521,"Customer ID: 1521, Gender: Female, postal_code: Hyderabad, Age Range: 30-35, Size: L"
40-50,Lucknow,Female,L,1523,"Customer ID: 1523, Gender: Female, postal_code: Lucknow, Age Range: 40-50, Size: L"
35-40,Chennai,Female,S,1525,"Customer ID: 1525, Gender: Female, postal_code: Chennai, Age Range: 35-40, Size: S"
30-35,Chennai,Male,M,1527,"Customer ID: 1527, Gender: Male, postal_code: Chennai, Age Range: 30-35, Size: M"
20-25,Coimbatore,Female,XL,1530,"Customer ID: 1530, Gender: Female, postal_code: Coimbatore, Age Range: 20-25, Size: XL"
35-40,Bengaluru,Female,S,1531,"Customer ID: 1531, Gender: Female, postal_code: Bengaluru, Age Range: 35-40, Size: S"
25-30,Visakhapatnam,Male,S,1534,"Customer ID: 1534, Gender: Male, postal_code: Visakhapatnam, Age Range: 25-30, Size: S"
30-35,Patna,Female,L,1538,"Customer ID: 1538, Gender: Female, postal_code: Patna, Age Range: 30-35, Size: L"
50-60,Hyderabad,Female,M,1539,"Customer ID: 1539, Gender: Female, postal_code: Hyderabad, Age Range: 50-60, Size: M"
50-60,Mumbai,Female,S,1541,"Customer ID: 1541, Gender: Female, postal_code: Mumbai, Age Range: 50-60, Size: S"
40-50,Delhi,Male,S,1548,"Customer ID: 1548, Gender: Male, postal_code: Delhi, Age Range: 40-50, Size: S"
50-60,Vadodara,Female,L,1550,"Customer ID: 1550, Gender: Female, postal_code: Vadodara, Age Range: 50-60, Size: L"
30-35,Chennai,Female,M,1552,"Customer ID: 1552, Gender: Female, postal_code: Chennai, Age Range: 30-35, Size: M"
50-60,Pune,Male,L,1553,"Customer ID: 1553, Gender: Male, postal_code: Pune, Age Range: 50-60, Size: L"
50-60,Coimbatore,Female,M,1554,"Customer ID: 1554, Gender: Female, postal_code: Coimbatore, Age Range: 50-60, Size: M"
50-60,Nagpur,Female,S,1556,"Customer ID: 1556, Gender: Female, postal_code: Nagpur, Age Range: 50-60, Size: S"
50-60,Delhi,Male,S,1557,"Customer ID: 1557, Gender: Male, postal_code: Delhi, Age Range: 50-60, Size: S"
20-25,Chennai,Male,XL,1558,"Customer ID: 1558, Gender: Male, postal_code: Chennai, Age Range: 20-25, Size: XL"
20-25,Visakhapatnam,Female,XS,1560,"Customer ID: 1560, Gender: Female, postal_code: Visakhapatnam, Age Range: 20-25, Size: XS"
25-30,Delhi,Female,L,1561,"Customer ID: 1561, Gender: Female, postal_code: Delhi, Age Range: 25-30, Size: L"
20-25,Bhopal,Male,XS,1564,"Customer ID: 1564, Gender: Male, postal_code: Bhopal, Age Range: 20-25, Size: XS"
20-25,Chennai,Female,XL,1565,"Customer ID: 1565, Gender: Female, postal_code: Chennai, Age Range: 20-25, Size: XL"
30-35,Mumbai,Male,L,1566,"Customer ID: 1566, Gender: Male, postal_code: Mumbai, Age Range: 30-35, Size: L"
50-60,Chennai,Male,M,1567,"Customer ID: 1567, Gender: Male, postal_code: Chennai, Age Range: 50-60, Size: M"
25-30,Bengaluru,Female,S,1568,"Customer ID: 1568, Gender: Female, postal_code: Bengaluru, Age Range: 25-30, Size: S"
30-35,Chandigarh,Male,XS,1572,"Customer ID: 1572, Gender: Male, postal_code: Chandigarh, Age Range: 30-35, Size: XS"
30-35,Hyderabad,Female,M,1573,"Customer ID: 1573, Gender: Female, postal_code: Hyderabad, Age Range: 30-35, Size: M"
35-40,Visakhapatnam,Female,M,1580,"Customer ID: 1580, Gender: Female, postal_code: Visakhapatnam, Age Range: 35-40, Size: M"
30-35,Coimbatore,Female,XS,1584,"Customer ID: 1584, Gender: Female, postal_code: Coimbatore, Age Range: 30-35, Size: XS"
35-40,Coimbatore,Female,M,1586,"Customer ID: 1586, Gender: Female, postal_code: Coimbatore, Age Range: 35-40, Size: M"
40-50,Chennai,Female,L,1588,"Customer ID: 1588, Gender: Female, postal_code: Chennai, Age Range: 40-50, Size: L"
40-50,Bengaluru,Female,M,1592,"Customer ID: 1592, Gender: Female, postal_code: Bengaluru, Age Range: 40-50, Size: M"
35-40,Hyderabad,Female,M,1593,"Customer ID: 1593, Gender: Female, postal_code: Hyderabad, Age Range: 35-40, Size: M"
50-60,Delhi,Female,S,1594,"Customer ID: 1594, Gender: Female, postal_code: Delhi, Age Range: 50-60, Size: S"
20-25,Chennai,Female,S,1596,"Customer ID: 1596, Gender: Female, postal_code: Chennai, Age Range: 20-25, Size: S"
50-60,Guwahati,Female,S,1597,"Customer ID: 1597, Gender: Female, postal_code: Guwahati, Age Range: 50-60, Size: S"
35-40,Patna,Male,M,1600,"Customer ID: 1600, Gender: Male, postal_code: Patna, Age Range: 35-40, Size: M"
25-30,Delhi,Female,XL,1601,"Customer ID: 1601, Gender: Female, postal_code: Delhi, Age Range: 25-30, Size: XL"
20-25,Bhopal,Female,XS,1604,"Customer ID: 1604, Gender: Female, postal_code: Bhopal, Age Range: 20-25, Size: XS"
35-40,Chennai,Male,XL,1608,"Customer ID: 1608, Gender: Male, postal_code: Chennai, Age Range: 35-40, Size: XL"
50-60,Mumbai,Female,L,1610,"Customer ID: 1610, Gender: Female, postal_code: Mumbai, Age Range: 50-60, Size: L"
20-25,Mumbai,Female,M,1611,"Customer ID: 1611, Gender: Female, postal_code: Mumbai, Age Range: 20-25, Size: M"
70-80,Indore,Male,S,1613,"Customer ID: 1613, Gender: Male, postal_code: Indore, Age Range: 70-80, Size: S"
35-40,Bengaluru,Male,M,1616,"Customer ID: 1616, Gender: Male, postal_code: Bengaluru, Age Range: 35-40, Size: M"
25-30,Mumbai,Female,M,1617,"Customer ID: 1617, Gender: Female, postal_code: Mumbai, Age Range: 25-30, Size: M"
60-70,Bengaluru,Female,S,1618,"Customer ID: 1618, Gender: Female, postal_code: Bengaluru, Age Range: 60-70, Size: S"
25-30,Hyderabad,Male,M,1619,"Customer ID: 1619, Gender: Male, postal_code: Hyderabad, Age Range: 25-30, Size: M"
35-40,Hyderabad,Male,S,1620,"Customer ID: 1620, Gender: Male, postal_code: Hyderabad, Age Range: 35-40, Size: S"
35-40,Hyderabad,Female,M,1621,"Customer ID: 1621, Gender: Female, postal_code: Hyderabad, Age Range: 35-40, Size: M"
25-30,Bhopal,Female,L,1622,"Customer ID: 1622, Gender: Female, postal_code: Bhopal, Age Range: 25-30, Size: L"
20-25,Delhi,Male,S,1624,"Customer ID: 1624, Gender: Male, postal_code: Delhi, Age Range: 20-25, Size: S"
20-25,Surat,Male,XS,1625,"Customer ID: 1625, Gender: Male, postal_code: Surat, Age Range: 20-25, Size: XS"
30-35,Vadodara,Female,L,1626,"Customer ID: 1626, Gender: Female, postal_code: Vadodara, Age Range: 30-35, Size: L"
35-40,Bengaluru,Female,XS,1628,"Customer ID: 1628, Gender: Female, postal_code: Bengaluru, Age Range: 35-40, Size: XS"
20-25,Mumbai,Female,S,1629,"Customer ID: 1629, Gender: Female, postal_code: Mumbai, Age Range: 20-25, Size: S"
20-25,Nagpur,Female,M,1630,"Customer ID: 1630, Gender: Female, postal_code: Nagpur, Age Range: 20-25, Size: M"
50-60,Mumbai,Female,S,1631,"Customer ID: 1631, Gender: Female, postal_code: Mumbai, Age Range: 50-60, Size: S"
40-50,Hyderabad,Male,XL,1633,"Customer ID: 1633, Gender: Male, postal_code: Hyderabad, Age Range: 40-50, Size: XL"
25-30,Chandigarh,Female,XS,1634,"Customer ID: 1634, Gender: Female, postal_code: Chandigarh, Age Range: 25-30, Size: XS"
20-25,Nagpur,Male,L,1638,"Customer ID: 1638, Gender: Male, postal_code: Nagpur, Age Range: 20-25, Size: L"
50-60,Visakhapatnam,Female,S,1639,"Customer ID: 1639, Gender: Female, postal_code: Visakhapatnam, Age Range: 50-60, Size: S"
30-35,Kolkata,Female,XL,1640,"Customer ID: 1640, Gender: Female, postal_code: Kolkata, Age Range: 30-35, Size: XL"
20-25,Delhi,Female,L,1642,"Customer ID: 1642, Gender: Female, postal_code: Delhi, Age Range: 20-25, Size: L"
25-30,Bengaluru,Female,M,1643,"Customer ID: 1643, Gender: Female, postal_code: Bengaluru, Age Range: 25-30, Size: M"
25-30,Chennai,Female,S,1645,"Customer ID: 1645, Gender: Female, postal_code: Chennai, Age Range: 25-30, Size: S"
20-25,Mumbai,Male,M,1646,"Customer ID: 1646, Gender: Male, postal_code: Mumbai, Age Range: 20-25, Size: M"
30-35,Chennai,Male,XL,1647,"Customer ID: 1647, Gender: Male, postal_code: Chennai, Age Range: 30-35, Size: XL"
25-30,Bhopal,Female,XL,1648,"Customer ID: 1648, Gender: Female, postal_code: Bhopal, Age Range: 25-30, Size: XL"
50-60,Bengaluru,Male,L,1651,"Customer ID: 1651, Gender: Male, postal_code: Bengaluru, Age Range: 50-60, Size: L"
25-30,Kolkata,Male,M,1653,"Customer ID: 1653, Gender: Male, postal_code: Kolkata, Age Range: 25-30, Size: M"
50-60,Bengaluru,Female,M,1655,"Customer ID: 1655, Gender: Female, postal_code: Bengaluru, Age Range: 50-60, Size: M"
25-30,Mumbai,Female,L,1657,"Customer ID: 1657, Gender: Female, postal_code: Mumbai, Age Range: 25-30, Size: L"
25-30,Vadodara,Female,XS,1661,"Customer ID: 1661, Gender: Female, postal_code: Vadodara, Age Range: 25-30, Size: XS"
35-40,Delhi,Male,M,1662,"Customer ID: 1662, Gender: Male, postal_code: Delhi, Age Range: 35-40, Size: M"
25-30,Chennai,Female,XL,1665,"Customer ID: 1665, Gender: Female, postal_code: Chennai, Age Range: 25-30, Size: XL"
20-25,Hyderabad,Female,XS,1667,"Customer ID: 1667, Gender: Female, postal_code: Hyderabad, Age Range: 20-25, Size: XS"
50-60,Mumbai,Female,XL,1668,"Customer ID: 1668, Gender: Female, postal_code: Mumbai, Age Range: 50-60, Size: XL"
25-30,Chennai,Male,L,1671,"Customer ID: 1671, Gender: Male, postal_code: Chennai, Age Range: 25-30, Size: L"
35-40,Mumbai,Female,M,1673,"Customer ID: 1673, Gender: Female, postal_code: Mumbai, Age Range: 35-40, Size: M"
40-50,Delhi,Female,M,1674,"Customer ID: 1674, Gender: Female, postal_code: Delhi, Age Range: 40-50, Size: M"
25-30,Hyderabad,Male,M,1677,"Customer ID: 1677, Gender: Male, postal_code: Hyderabad, Age Range: 25-30, Size: M"
25-30,Mumbai,Female,XS,1679,"Customer ID: 1679, Gender: Female, postal_code: Mumbai, Age Range: 25-30, Size: XS"
25-30,Chennai,Female,M,1680,"Customer ID: 1680, Gender: Female, postal_code: Chennai, Age Range: 25-30, Size: M"
50-60,Indore,Female,XL,1681,"Customer ID: 1681, Gender: Female, postal_code: Indore, Age Range: 50-60, Size: XL"
30-35,Chennai,Female,S,1682,"Customer ID: 1682, Gender: Female, postal_code: Chennai, Age Range: 30-35, Size: S"
40-50,Mumbai,Female,M,1686,"Customer ID: 1686, Gender: Female, postal_code: Mumbai, Age Range: 40-50, Size: M"
40-50,Patna,Female,XL,1687,"Customer ID: 1687, Gender: Female, postal_code: Patna, Age Range: 40-50, Size: XL"
40-50,Delhi,Male,XL,1689,"Customer ID: 1689, Gender: Male, postal_code: Delhi, Age Range: 40-50, Size: XL"
50-60,Delhi,Female,L,1691,"Customer ID: 1691, Gender: Female, postal_code: Delhi, Age Range: 50-60, Size: L"
40-50,Ahmedabad,Female,L,1692,"Customer ID: 1692, Gender: Female, postal_code: Ahmedabad, Age Range: 40-50, Size: L"
35-40,Mumbai,Female,XS,1694,"Customer ID: 1694, Gender: Female, postal_code: Mumbai, Age Range: 35-40, Size: XS"
30-35,Hyderabad,Female,L,1695,"Customer ID: 1695, Gender: Female, postal_code: Hyderabad, Age Range: 30-35, Size: L"
20-25,Hyderabad,Female,M,1696,"Customer ID: 1696, Gender: Female, postal_code: Hyderabad, Age Range: 20-25, Size: M"
40-50,Hyderabad,Female,XL,1697,"Customer ID: 1697, Gender: Female, postal_code: Hyderabad, Age Range: 40-50, Size: XL"
30-35,Delhi,Female,XL,1699,"Customer ID: 1699, Gender: Female, postal_code: Delhi, Age Range: 30-35, Size: XL"
30-35,Hyderabad,Female,S,1700,"Customer ID: 1700, Gender: Female, postal_code: Hyderabad, Age Range: 30-35, Size: S"
25-30,Bengaluru,Female,L,1701,"Customer ID: 1701, Gender: Female, postal_code: Bengaluru, Age Range: 25-30, Size: L"
20-25,Chandigarh,Female,S,1703,"Customer ID: 1703, Gender: Female, postal_code: Chandigarh, Age Range: 20-25, Size: S"
25-30,Chennai,Female,M,1704,"Customer ID: 1704, Gender: Female, postal_code: Chennai, Age Range: 25-30, Size: M"
50-60,Bengaluru,Female,XS,1705,"Customer ID: 1705, Gender: Female, postal_code: Bengaluru, Age Range: 50-60, Size: XS"
40-50,Bengaluru,Female,XL,1706,"Customer ID: 1706, Gender: Female, postal_code: Bengaluru, Age Range: 40-50, Size: XL"
25-30,Chennai,Female,M,1707,"Customer ID: 1707, Gender: Female, postal_code: Chennai, Age Range: 25-30, Size: M"
40-50,Pune,Female,XL,1708,"Customer ID: 1708, Gender: Female, postal_code: Pune, Age Range: 40-50, Size: XL"
30-35,Bengaluru,Male,XS,1709,"Customer ID: 1709, Gender: Male, postal_code: Bengaluru, Age Range: 30-35, Size: XS"
35-40,Vadodara,Male,XL,1710,"Customer ID: 1710, Gender: Male, postal_code: Vadodara, Age Range: 35-40, Size: XL"
20-25,Mumbai,Female,S,1712,"Customer ID: 1712, Gender: Female, postal_code: Mumbai, Age Range: 20-25, Size: S"
30-35,Hyderabad,Female,S,1713,"Customer ID: 1713, Gender: Female, postal_code: Hyderabad, Age Range: 30-35, Size: S"
25-30,Chennai,Female,M,1714,"Customer ID: 1714, Gender: Female, postal_code: Chennai, Age Range: 25-30, Size: M"
60-70,Delhi,Male,L,1715,"Customer ID: 1715, Gender: Male, postal_code: Delhi, Age Range: 60-70, Size: L"
35-40,Bengaluru,Female,M,1717,"Customer ID: 1717, Gender: Female, postal_code: Bengaluru, Age Range: 35-40, Size: M"
20-25,Nagpur,Female,S,1719,"Customer ID: 1719, Gender: Female, postal_code: Nagpur, Age Range: 20-25, Size: S"
60-70,Chennai,Male,L,1720,"Customer ID: 1720, Gender: Male, postal_code: Chennai, Age Range: 60-70, Size: L"
30-35,Hyderabad,Male,S,1721,"Customer ID: 1721, Gender: Male, postal_code: Hyderabad, Age Range: 30-35, Size: S"
30-35,Delhi,Female,XL,1723,"Customer ID: 1723, Gender: Female, postal_code: Delhi, Age Range: 30-35, Size: XL"
30-35,Bengaluru,Female,XS,1725,"Customer ID: 1725, Gender: Female, postal_code: Bengaluru, Age Range: 30-35, Size: XS"
30-35,Chennai,Male,L,1726,"Customer ID: 1726, Gender: Male, postal_code: Chennai, Age Range: 30-35, Size: L"
25-30,Chennai,Female,S,1729,"Customer ID: 1729, Gender: Female, postal_code: Chennai, Age Range: 25-30, Size: S"
40-50,Guwahati,Female,XS,1730,"Customer ID: 1730, Gender: Female, postal_code: Guwahati, Age Range: 40-50, Size: XS"
25-30,Mumbai,Male,XL,1731,"Customer ID: 1731, Gender: Male, postal_code: Mumbai, Age Range: 25-30, Size: XL"
30-35,Guwahati,Female,M,1734,"Customer ID: 1734, Gender: Female, postal_code: Guwahati, Age Range: 30-35, Size: M"
30-35,Jaipur,Female,XS,1735,"Customer ID: 1735, Gender: Female, postal_code: Jaipur, Age Range: 30-35, Size: XS"
30-35,Patna,Female,S,1737,"Customer ID: 1737, Gender: Female, postal_code: Patna, Age Range: 30-35, Size: S"
20-25,Chennai,Male,M,1738,"Customer ID: 1738, Gender: Male, postal_code: Chennai, Age Range: 20-25, Size: M"
40-50,Bengaluru,Female,M,1739,"Customer ID: 1739, Gender: Female, postal_code: Bengaluru, Age Range: 40-50, Size: M"
35-40,Indore,Male,S,1740,"Customer ID: 1740, Gender: Male, postal_code: Indore, Age Range: 35-40, Size: S"
35-40,Bengaluru,Male,XL,1741,"Customer ID: 1741, Gender: Male, postal_code: Bengaluru, Age Range: 35-40, Size: XL"
20-25,Chennai,Female,XL,1744,"Customer ID: 1744, Gender: Female, postal_code: Chennai, Age Range: 20-25, Size: XL"
50-60,Mumbai,Female,XS,1748,"Customer ID: 1748, Gender: Female, postal_code: Mumbai, Age Range: 50-60, Size: XS"
50-60,Chennai,Female,L,1751,"Customer ID: 1751, Gender: Female, postal_code: Chennai, Age Range: 50-60, Size: L"
20-25,Hyderabad,Female,L,1754,"Customer ID: 1754, Gender: Female, postal_code: Hyderabad, Age Range: 20-25, Size: L"
25-30,Ahmedabad,Female,XS,1755,"Customer ID: 1755, Gender: Female, postal_code: Ahmedabad, Age Range: 25-30, Size: XS"
30-35,Chennai,Female,XL,1756,"Customer ID: 1756, Gender: Female, postal_code: Chennai, Age Range: 30-35, Size: XL"
20-25,Hyderabad,Male,L,1758,"Customer ID: 1758, Gender: Male, postal_code: Hyderabad, Age Range: 20-25, Size: L"
30-35,Coimbatore,Female,XS,1759,"Customer ID: 1759, Gender: Female, postal_code: Coimbatore, Age Range: 30-35, Size: XS"
50-60,Mumbai,Male,M,1760,"Customer ID: 1760, Gender: Male, postal_code: Mumbai, Age Range: 50-60, Size: M"
20-25,Delhi,Female,S,1763,"Customer ID: 1763, Gender: Female, postal_code: Delhi, Age Range: 20-25, Size: S"
20-25,Bengaluru,Female,L,1765,"Customer ID: 1765, Gender: Female, postal_code: Bengaluru, Age Range: 20-25, Size: L"
40-50,Hyderabad,Female,XS,1768,"Customer ID: 1768, Gender: Female, postal_code: Hyderabad, Age Range: 40-50, Size: XS"
40-50,Delhi,Female,XL,1769,"Customer ID: 1769, Gender: Female, postal_code: Delhi, Age Range: 40-50, Size: XL"
40-50,Mumbai,Female,XL,1771,"Customer ID: 1771, Gender: Female, postal_code: Mumbai, Age Range: 40-50, Size: XL"
40-50,Mumbai,Female,XL,1772,"Customer ID: 1772, Gender: Female, postal_code: Mumbai, Age Range: 40-50, Size: XL"
35-40,Hyderabad,Female,S,1773,"Customer ID: 1773, Gender: Female, postal_code: Hyderabad, Age Range: 35-40, Size: S"
25-30,Delhi,Male,L,1775,"Customer ID: 1775, Gender: Male, postal_code: Delhi, Age Range: 25-30, Size: L"
30-35,Pune,Female,M,1776,"Customer ID: 1776, Gender: Female, postal_code: Pune, Age Range: 30-35, Size: M"
,Bhopal,Female,M,1777,"Customer ID: 1777, Gender: Female, postal_code: Bhopal, Age Range: nan, Size: M"
20-25,Surat,Female,S,1778,"Customer ID: 1778, Gender: Female, postal_code: Surat, Age Range: 20-25, Size: S"
40-50,Kolkata,Female,S,1779,"Customer ID: 1779, Gender: Female, postal_code: Kolkata, Age Range: 40-50, Size: S"
20-25,Mumbai,Male,XS,1782,"Customer ID: 1782, Gender: Male, postal_code: Mumbai, Age Range: 20-25, Size: XS"
25-30,Kolkata,Female,S,1783,"Customer ID: 1783, Gender: Female, postal_code: Kolkata, Age Range: 25-30, Size: S"
25-30,Chennai,Female,XS,1784,"Customer ID: 1784, Gender: Female, postal_code: Chennai, Age Range: 25-30, Size: XS"
50-60,Visakhapatnam,Male,L,1785,"Customer ID: 1785, Gender: Male, postal_code: Visakhapatnam, Age Range: 50-60, Size: L"
20-25,Bengaluru,Female,XS,1786,"Customer ID: 1786, Gender: Female, postal_code: Bengaluru, Age Range: 20-25, Size: XS"
60-70,Surat,Male,M,1788,"Customer ID: 1788, Gender: Male, postal_code: Surat, Age Range: 60-70, Size: M"
60-70,Chennai,Female,XS,1789,"Customer ID: 1789, Gender: Female, postal_code: Chennai, Age Range: 60-70, Size: XS"
40-50,Chennai,Female,L,1791,"Customer ID: 1791, Gender: Female, postal_code: Chennai, Age Range: 40-50, Size: L"
50-60,Coimbatore,Female,XS,1792,"Customer ID: 1792, Gender: Female, postal_code: Coimbatore, Age Range: 50-60, Size: XS"
50-60,Kolkata,Female,L,1793,"Customer ID: 1793, Gender: Female, postal_code: Kolkata, Age Range: 50-60, Size: L"
35-40,Ahmedabad,Female,L,1794,"Customer ID: 1794, Gender: Female, postal_code: Ahmedabad, Age Range: 35-40, Size: L"
25-30,Pune,Male,L,1796,"Customer ID: 1796, Gender: Male, postal_code: Pune, Age Range: 25-30, Size: L"
60-70,Jaipur,Female,S,1801,"Customer ID: 1801, Gender: Female, postal_code: Jaipur, Age Range: 60-70, Size: S"
25-30,Bhopal,Female,L,1802,"Customer ID: 1802, Gender: Female, postal_code: Bhopal, Age Range: 25-30, Size: L"
50-60,Chennai,Female,XS,1804,"Customer ID: 1804, Gender: Female, postal_code: Chennai, Age Range: 50-60, Size: XS"
40-50,Chennai,Female,XL,1806,"Customer ID: 1806, Gender: Female, postal_code: Chennai, Age Range: 40-50, Size: XL"
50-60,Mumbai,Male,L,1809,"Customer ID: 1809, Gender: Male, postal_code: Mumbai, Age Range: 50-60, Size: L"
50-60,Mumbai,Female,XL,1814,"Customer ID: 1814, Gender: Female, postal_code: Mumbai, Age Range: 50-60, Size: XL"
50-60,Surat,Male,XS,1815,"Customer ID: 1815, Gender: Male, postal_code: Surat, Age Range: 50-60, Size: XS"
25-30,Bengaluru,Male,XL,1817,"Customer ID: 1817, Gender: Male, postal_code: Bengaluru, Age Range: 25-30, Size: XL"
30-35,Jaipur,Female,L,1820,"Customer ID: 1820, Gender: Female, postal_code: Jaipur, Age Range: 30-35, Size: L"
25-30,Bengaluru,Male,XL,1822,"Customer ID: 1822, Gender: Male, postal_code: Bengaluru, Age Range: 25-30, Size: XL"
20-25,Guwahati,Male,XS,1823,"Customer ID: 1823, Gender: Male, postal_code: Guwahati, Age Range: 20-25, Size: XS"
30-35,Lucknow,Male,M,1824,"Customer ID: 1824, Gender: Male, postal_code: Lucknow, Age Range: 30-35, Size: M"
25-30,Delhi,Male,M,1825,"Customer ID: 1825, Gender: Male, postal_code: Delhi, Age Range: 25-30, Size: M"
50-60,Pune,Female,S,1826,"Customer ID: 1826, Gender: Female, postal_code: Pune, Age Range: 50-60, Size: S"
35-40,Chennai,Male,L,1827,"Customer ID: 1827, Gender: Male, postal_code: Chennai, Age Range: 35-40, Size: L"
20-25,Delhi,Female,M,1832,"Customer ID: 1832, Gender: Female, postal_code: Delhi, Age Range: 20-25, Size: M"
35-40,Delhi,Male,M,1835,"Customer ID: 1835, Gender: Male, postal_code: Delhi, Age Range: 35-40, Size: M"
40-50,Bengaluru,Female,L,1836,"Customer ID: 1836, Gender: Female, postal_code: Bengaluru, Age Range: 40-50, Size: L"
40-50,Pune,Female,XL,1837,"Customer ID: 1837, Gender: Female, postal_code: Pune, Age Range: 40-50, Size: XL"
50-60,Mumbai,Female,L,1838,"Customer ID: 1838, Gender: Female, postal_code: Mumbai, Age Range: 50-60, Size: L"
40-50,Mumbai,Female,XL,1839,"Customer ID: 1839, Gender: Female, postal_code: Mumbai, Age Range: 40-50, Size: XL"
50-60,Ahmedabad,Male,XL,1840,"Customer ID: 1840, Gender: Male, postal_code: Ahmedabad, Age Range: 50-60, Size: XL"
50-60,Chennai,Male,XS,1841,"Customer ID: 1841, Gender: Male, postal_code: Chennai, Age Range: 50-60, Size: XS"
20-25,Hyderabad,Female,S,1842,"Customer ID: 1842, Gender: Female, postal_code: Hyderabad, Age Range: 20-25, Size: S"
50-60,Mumbai,Female,XL,1843,"Customer ID: 1843, Gender: Female, postal_code: Mumbai, Age Range: 50-60, Size: XL"
50-60,Indore,Male,M,1845,"Customer ID: 1845, Gender: Male, postal_code: Indore, Age Range: 50-60, Size: M"
20-25,Kolkata,Female,S,1846,"Customer ID: 1846, Gender: Female, postal_code: Kolkata, Age Range: 20-25, Size: S"
50-60,Bengaluru,Female,XL,1849,"Customer ID: 1849, Gender: Female, postal_code: Bengaluru, Age Range: 50-60, Size: XL"
20-25,Delhi,Male,S,1851,"Customer ID: 1851, Gender: Male, postal_code: Delhi, Age Range: 20-25, Size: S"
50-60,Indore,Male,S,1852,"Customer ID: 1852, Gender: Male, postal_code: Indore, Age Range: 50-60, Size: S"
40-50,Ahmedabad,Female,L,1855,"Customer ID: 1855, Gender: Female, postal_code: Ahmedabad, Age Range: 40-50, Size: L"
50-60,Surat,Female,S,1857,"Customer ID: 1857, Gender: Female, postal_code: Surat, Age Range: 50-60, Size: S"
25-30,Hyderabad,Female,XS,1858,"Customer ID: 1858, Gender: Female, postal_code: Hyderabad, Age Range: 25-30, Size: XS"
30-35,Patna,Female,XS,1859,"Customer ID: 1859, Gender: Female, postal_code: Patna, Age Range: 30-35, Size: XS"
25-30,Coimbatore,Female,S,1860,"Customer ID: 1860, Gender: Female, postal_code: Coimbatore, Age Range: 25-30, Size: S"
60-70,Visakhapatnam,Female,M,1861,"Customer ID: 1861, Gender: Female, postal_code: Visakhapatnam, Age Range: 60-70, Size: M"
60-70,Nagpur,Female,M,1862,"Customer ID: 1862, Gender: Female, postal_code: Nagpur, Age Range: 60-70, Size: M"
60-70,Indore,Male,L,1864,"Customer ID: 1864, Gender: Male, postal_code: Indore, Age Range: 60-70, Size: L"
40-50,Visakhapatnam,Female,XL,1866,"Customer ID: 1866, Gender: Female, postal_code: Visakhapatnam, Age Range: 40-50, Size: XL"
40-50,Indore,Female,M,1867,"Customer ID: 1867, Gender: Female, postal_code: Indore, Age Range: 40-50, Size: M"
25-30,Delhi,Female,M,1868,"Customer ID: 1868, Gender: Female, postal_code: Delhi, Age Range: 25-30, Size: M"
40-50,Kolkata,Female,XS,1869,"Customer ID: 1869, Gender: Female, postal_code: Kolkata, Age Range: 40-50, Size: XS"
60-70,Bengaluru,Female,S,1871,"Customer ID: 1871, Gender: Female, postal_code: Bengaluru, Age Range: 60-70, Size: S"
50-60,Ahmedabad,Female,L,1873,"Customer ID: 1873, Gender: Female, postal_code: Ahmedabad, Age Range: 50-60, Size: L"
40-50,Bengaluru,Male,L,1875,"Customer ID: 1875, Gender: Male, postal_code: Bengaluru, Age Range: 40-50, Size: L"
70-80,Coimbatore,Female,M,1876,"Customer ID: 1876, Gender: Female, postal_code: Coimbatore, Age Range: 70-80, Size: M"
20-25,Mumbai,Male,XL,1877,"Customer ID: 1877, Gender: Male, postal_code: Mumbai, Age Range: 20-25, Size: XL"
35-40,Chennai,Male,XS,1878,"Customer ID: 1878, Gender: Male, postal_code: Chennai, Age Range: 35-40, Size: XS"
30-35,Hyderabad,Female,M,1880,"Customer ID: 1880, Gender: Female, postal_code: Hyderabad, Age Range: 30-35, Size: M"
30-35,Hyderabad,Female,XL,1882,"Customer ID: 1882, Gender: Female, postal_code: Hyderabad, Age Range: 30-35, Size: XL"
50-60,Bengaluru,Female,L,1883,"Customer ID: 1883, Gender: Female, postal_code: Bengaluru, Age Range: 50-60, Size: L"
20-25,Mumbai,Male,S,1885,"Customer ID: 1885, Gender: Male, postal_code: Mumbai, Age Range: 20-25, Size: S"
20-25,Visakhapatnam,Female,M,1887,"Customer ID: 1887, Gender: Female, postal_code: Visakhapatnam, Age Range: 20-25, Size: M"
30-35,Chennai,Female,S,1890,"Customer ID: 1890, Gender: Female, postal_code: Chennai, Age Range: 30-35, Size: S"
60-70,Bengaluru,Female,XL,1891,"Customer ID: 1891, Gender: Female, postal_code: Bengaluru, Age Range: 60-70, Size: XL"
25-30,Bengaluru,Female,L,1892,"Customer ID: 1892, Gender: Female, postal_code: Bengaluru, Age Range: 25-30, Size: L"
50-60,Hyderabad,Female,M,1893,"Customer ID: 1893, Gender: Female, postal_code: Hyderabad, Age Range: 50-60, Size: M"
50-60,Mumbai,Female,XL,1894,"Customer ID: 1894, Gender: Female, postal_code: Mumbai, Age Range: 50-60, Size: XL"
35-40,Ahmedabad,Female,M,1898,"Customer ID: 1898, Gender: Female, postal_code: Ahmedabad, Age Range: 35-40, Size: M"
30-35,Bengaluru,Female,XS,1900,"Customer ID: 1900, Gender: Female, postal_code: Bengaluru, Age Range: 30-35, Size: XS"
30-35,Bengaluru,Female,S,1903,"Customer ID: 1903, Gender: Female, postal_code: Bengaluru, Age Range: 30-35, Size: S"
25-30,Surat,Female,XL,1904,"Customer ID: 1904, Gender: Female, postal_code: Surat, Age Range: 25-30, Size: XL"
25-30,Hyderabad,Female,L,1905,"Customer ID: 1905, Gender: Female, postal_code: Hyderabad, Age Range: 25-30, Size: L"
50-60,Lucknow,Male,M,1906,"Customer ID: 1906, Gender: Male, postal_code: Lucknow, Age Range: 50-60, Size: M"
20-25,Chennai,Male,L,1907,"Customer ID: 1907, Gender: Male, postal_code: Chennai, Age Range: 20-25, Size: L"
25-30,Bengaluru,Male,M,1910,"Customer ID: 1910, Gender: Male, postal_code: Bengaluru, Age Range: 25-30, Size: M"
40-50,Surat,Female,XS,1911,"Customer ID: 1911, Gender: Female, postal_code: Surat, Age Range: 40-50, Size: XS"
30-35,Bhopal,Male,L,1912,"Customer ID: 1912, Gender: Male, postal_code: Bhopal, Age Range: 30-35, Size: L"
20-25,Delhi,Female,L,1913,"Customer ID: 1913, Gender: Female, postal_code: Delhi, Age Range: 20-25, Size: L"
25-30,Vadodara,Female,S,1914,"Customer ID: 1914, Gender: Female, postal_code: Vadodara, Age Range: 25-30, Size: S"
20-25,Patna,Female,L,1915,"Customer ID: 1915, Gender: Female, postal_code: Patna, Age Range: 20-25, Size: L"
20-25,Mumbai,Female,M,1916,"Customer ID: 1916, Gender: Female, postal_code: Mumbai, Age Range: 20-25, Size: M"
70-80,Pune,Female,XL,1917,"Customer ID: 1917, Gender: Female, postal_code: Pune, Age Range: 70-80, Size: XL"
50-60,Chennai,Female,XS,1918,"Customer ID: 1918, Gender: Female, postal_code: Chennai, Age Range: 50-60, Size: XS"
50-60,Bhopal,Female,S,1919,"Customer ID: 1919, Gender: Female, postal_code: Bhopal, Age Range: 50-60, Size: S"
40-50,Chandigarh,Female,XS,1921,"Customer ID: 1921, Gender: Female, postal_code: Chandigarh, Age Range: 40-50, Size: XS"
50-60,Vadodara,Female,L,1922,"Customer ID: 1922, Gender: Female, postal_code: Vadodara, Age Range: 50-60, Size: L"
60-70,Vadodara,Female,L,1925,"Customer ID: 1925, Gender: Female, postal_code: Vadodara, Age Range: 60-70, Size: L"
60-70,Chennai,Female,XL,1931,"Customer ID: 1931, Gender: Female, postal_code: Chennai, Age Range: 60-70, Size: XL"
20-25,Chandigarh,Female,M,1932,"Customer ID: 1932, Gender: Female, postal_code: Chandigarh, Age Range: 20-25, Size: M"
30-35,Guwahati,Female,M,1933,"Customer ID: 1933, Gender: Female, postal_code: Guwahati, Age Range: 30-35, Size: M"
50-60,Delhi,Female,L,1934,"Customer ID: 1934, Gender: Female, postal_code: Delhi, Age Range: 50-60, Size: L"
30-35,Chennai,Female,L,1936,"Customer ID: 1936, Gender: Female, postal_code: Chennai, Age Range: 30-35, Size: L"
50-60,Hyderabad,Female,S,1937,"Customer ID: 1937, Gender: Female, postal_code: Hyderabad, Age Range: 50-60, Size: S"
40-50,Hyderabad,Male,XS,1938,"Customer ID: 1938, Gender: Male, postal_code: Hyderabad, Age Range: 40-50, Size: XS"
25-30,Kolkata,Male,L,1939,"Customer ID: 1939, Gender: Male, postal_code: Kolkata, Age Range: 25-30, Size: L"
20-25,Bengaluru,Male,XL,1940,"Customer ID: 1940, Gender: Male, postal_code: Bengaluru, Age Range: 20-25, Size: XL"
25-30,Patna,Female,L,1945,"Customer ID: 1945, Gender: Female, postal_code: Patna, Age Range: 25-30, Size: L"
40-50,Hyderabad,Male,S,1947,"Customer ID: 1947, Gender: Male, postal_code: Hyderabad, Age Range: 40-50, Size: S"
50-60,Bengaluru,Female,S,1948,"Customer ID: 1948, Gender: Female, postal_code: Bengaluru, Age Range: 50-60, Size: S"
60-70,Coimbatore,Female,XL,1950,"Customer ID: 1950, Gender: Female, postal_code: Coimbatore, Age Range: 60-70, Size: XL"
40-50,Chennai,Female,S,1951,"Customer ID: 1951, Gender: Female, postal_code: Chennai, Age Range: 40-50, Size: S"
20-25,Hyderabad,Male,XL,1952,"Customer ID: 1952, Gender: Male, postal_code: Hyderabad, Age Range: 20-25, Size: XL"
20-25,Jaipur,Female,S,1953,"Customer ID: 1953, Gender: Female, postal_code: Jaipur, Age Range: 20-25, Size: S"
40-50,Kolkata,Male,M,1954,"Customer ID: 1954, Gender: Male, postal_code: Kolkata, Age Range: 40-50, Size: M"
25-30,Hyderabad,Female,S,1956,"Customer ID: 1956, Gender: Female, postal_code: Hyderabad, Age Range: 25-30, Size: S"
60-70,Vadodara,Female,S,1963,"Customer ID: 1963, Gender: Female, postal_code: Vadodara, Age Range: 60-70, Size: S"
50-60,Chennai,Female,L,1965,"Customer ID: 1965, Gender: Female, postal_code: Chennai, Age Range: 50-60, Size: L"
40-50,Bhopal,Male,M,1966,"Customer ID: 1966, Gender: Male, postal_code: Bhopal, Age Range: 40-50, Size: M"
25-30,Delhi,Male,L,1969,"Customer ID: 1969, Gender: Male, postal_code: Delhi, Age Range: 25-30, Size: L"
25-30,Chennai,Male,XS,1970,"Customer ID: 1970, Gender: Male, postal_code: Chennai, Age Range: 25-30, Size: XS"
30-35,Hyderabad,Female,XL,1971,"Customer ID: 1971, Gender: Female, postal_code: Hyderabad, Age Range: 30-35, Size: XL"
20-25,Delhi,Male,XS,1972,"Customer ID: 1972, Gender: Male, postal_code: Delhi, Age Range: 20-25, Size: XS"
40-50,Coimbatore,Female,M,1973,"Customer ID: 1973, Gender: Female, postal_code: Coimbatore, Age Range: 40-50, Size: M"
50-60,Chandigarh,Female,XL,1974,"Customer ID: 1974, Gender: Female, postal_code: Chandigarh, Age Range: 50-60, Size: XL"
40-50,Chandigarh,Female,XS,1975,"Customer ID: 1975, Gender: Female, postal_code: Chandigarh, Age Range: 40-50, Size: XS"
35-40,Hyderabad,Male,S,1976,"Customer ID: 1976, Gender: Male, postal_code: Hyderabad, Age Range: 35-40, Size: S"
50-60,Delhi,Male,L,1977,"Customer ID: 1977, Gender: Male, postal_code: Delhi, Age Range: 50-60, Size: L"
25-30,Patna,Female,M,1978,"Customer ID: 1978, Gender: Female, postal_code: Patna, Age Range: 25-30, Size: M"
20-25,Bengaluru,Female,XL,1980,"Customer ID: 1980, Gender: Female, postal_code: Bengaluru, Age Range: 20-25, Size: XL"
50-60,Chennai,Female,M,1981,"Customer ID: 1981, Gender: Female, postal_code: Chennai, Age Range: 50-60, Size: M"
25-30,Chennai,Female,XS,1982,"Customer ID: 1982, Gender: Female, postal_code: Chennai, Age Range: 25-30, Size: XS"
20-25,Vadodara,Male,XS,1984,"Customer ID: 1984, Gender: Male, postal_code: Vadodara, Age Range: 20-25, Size: XS"
40-50,Chennai,Male,XS,1985,"Customer ID: 1985, Gender: Male, postal_code: Chennai, Age Range: 40-50, Size: XS"
40-50,Delhi,Female,S,1987,"Customer ID: 1987, Gender: Female, postal_code: Delhi, Age Range: 40-50, Size: S"
50-60,Delhi,Female,XS,1988,"Customer ID: 1988, Gender: Female, postal_code: Delhi, Age Range: 50-60, Size: XS"
35-40,Mumbai,Female,S,1992,"Customer ID: 1992, Gender: Female, postal_code: Mumbai, Age Range: 35-40, Size: S"
25-30,Hyderabad,Male,M,1993,"Customer ID: 1993, Gender: Male, postal_code: Hyderabad, Age Range: 25-30, Size: M"
30-35,Ahmedabad,Male,M,1994,"Customer ID: 1994, Gender: Male, postal_code: Ahmedabad, Age Range: 30-35, Size: M"
50-60,Bengaluru,Male,S,1995,"Customer ID: 1995, Gender: Male, postal_code: Bengaluru, Age Range: 50-60, Size: S"
50-60,Mumbai,Female,S,1998,"Customer ID: 1998, Gender: Female, postal_code: Mumbai, Age Range: 50-60, Size: S"
30-35,Kolkata,Female,XS,1999,"Customer ID: 1999, Gender: Female, postal_code: Kolkata, Age Range: 30-35, Size: XS"
,Ahmedabad,Male,XL,2000,"Customer ID: 2000, Gender: Male, postal_code: Ahmedabad, Age Range: nan, Size: XL"
20-25,Vadodara,Female,XL,2002,"Customer ID: 2002, Gender: Female, postal_code: Vadodara, Age Range: 20-25, Size: XL"
40-50,Delhi,Female,L,2003,"Customer ID: 2003, Gender: Female, postal_code: Delhi, Age Range: 40-50, Size: L"
60-70,Vadodara,Male,L,2005,"Customer ID: 2005, Gender: Male, postal_code: Vadodara, Age Range: 60-70, Size: L"
50-60,Delhi,Male,M,2007,"Customer ID: 2007, Gender: Male, postal_code: Delhi, Age Range: 50-60, Size: M"
30-35,Bhopal,Male,XS,2008,"Customer ID: 2008, Gender: Male, postal_code: Bhopal, Age Range: 30-35, Size: XS"
25-30,Delhi,Female,S,2010,"Customer ID: 2010, Gender: Female, postal_code: Delhi, Age Range: 25-30, Size: S"
30-35,Bengaluru,Female,L,2012,"Customer ID: 2012, Gender: Female, postal_code: Bengaluru, Age Range: 30-35, Size: L"
30-35,Chennai,Male,XL,2013,"Customer ID: 2013, Gender: Male, postal_code: Chennai, Age Range: 30-35, Size: XL"
50-60,Chennai,Female,L,2015,"Customer ID: 2015, Gender: Female, postal_code: Chennai, Age Range: 50-60, Size: L"
80-90,Nagpur,Female,L,2018,"Customer ID: 2018, Gender: Female, postal_code: Nagpur, Age Range: 80-90, Size: L"
40-50,Hyderabad,Female,XL,2019,"Customer ID: 2019, Gender: Female, postal_code: Hyderabad, Age Range: 40-50, Size: XL"
30-35,Delhi,Male,L,2020,"Customer ID: 2020, Gender: Male, postal_code: Delhi, Age Range: 30-35, Size: L"
40-50,Visakhapatnam,Male,XS,2022,"Customer ID: 2022, Gender: Male, postal_code: Visakhapatnam, Age Range: 40-50, Size: XS"
50-60,Mumbai,Female,S,2024,"Customer ID: 2024, Gender: Female, postal_code: Mumbai, Age Range: 50-60, Size: S"
35-40,Indore,Female,L,2025,"Customer ID: 2025, Gender: Female, postal_code: Indore, Age Range: 35-40, Size: L"
20-25,Hyderabad,Male,XS,2026,"Customer ID: 2026, Gender: Male, postal_code: Hyderabad, Age Range: 20-25, Size: XS"
25-30,Visakhapatnam,Female,M,2028,"Customer ID: 2028, Gender: Female, postal_code: Visakhapatnam, Age Range: 25-30, Size: M"
40-50,Mumbai,Female,L,2029,"Customer ID: 2029, Gender: Female, postal_code: Mumbai, Age Range: 40-50, Size: L"
20-25,Hyderabad,Female,XS,2030,"Customer ID: 2030, Gender: Female, postal_code: Hyderabad, Age Range: 20-25, Size: XS"
35-40,Hyderabad,Female,S,2031,"Customer ID: 2031, Gender: Female, postal_code: Hyderabad, Age Range: 35-40, Size: S"
35-40,Chennai,Female,M,2032,"Customer ID: 2032, Gender: Female, postal_code: Chennai, Age Range: 35-40, Size: M"
20-25,Visakhapatnam,Male,M,2034,"Customer ID: 2034, Gender: Male, postal_code: Visakhapatnam, Age Range: 20-25, Size: M"
60-70,Hyderabad,Male,M,2035,"Customer ID: 2035, Gender: Male, postal_code: Hyderabad, Age Range: 60-70, Size: M"
25-30,Hyderabad,Female,S,2037,"Customer ID: 2037, Gender: Female, postal_code: Hyderabad, Age Range: 25-30, Size: S"
40-50,Pune,Female,S,2038,"Customer ID: 2038, Gender: Female, postal_code: Pune, Age Range: 40-50, Size: S"
35-40,Hyderabad,Male,XS,2039,"Customer ID: 2039, Gender: Male, postal_code: Hyderabad, Age Range: 35-40, Size: XS"
20-25,Chennai,Female,S,2040,"Customer ID: 2040, Gender: Female, postal_code: Chennai, Age Range: 20-25, Size: S"
20-25,Indore,Male,M,2041,"Customer ID: 2041, Gender: Male, postal_code: Indore, Age Range: 20-25, Size: M"
40-50,Mumbai,Female,XL,2044,"Customer ID: 2044, Gender: Female, postal_code: Mumbai, Age Range: 40-50, Size: XL"
25-30,Indore,Female,L,2046,"Customer ID: 2046, Gender: Female, postal_code: Indore, Age Range: 25-30, Size: L"
20-25,Surat,Male,XS,2047,"Customer ID: 2047, Gender: Male, postal_code: Surat, Age Range: 20-25, Size: XS"
35-40,Nagpur,Female,S,2048,"Customer ID: 2048, Gender: Female, postal_code: Nagpur, Age Range: 35-40, Size: S"
40-50,Nagpur,Female,XL,2050,"Customer ID: 2050, Gender: Female, postal_code: Nagpur, Age Range: 40-50, Size: XL"
25-30,Kolkata,Female,L,2051,"Customer ID: 2051, Gender: Female, postal_code: Kolkata, Age Range: 25-30, Size: L"
25-30,Mumbai,Male,XS,2052,"Customer ID: 2052, Gender: Male, postal_code: Mumbai, Age Range: 25-30, Size: XS"
40-50,Pune,Female,XL,2054,"Customer ID: 2054, Gender: Female, postal_code: Pune, Age Range: 40-50, Size: XL"
25-30,Patna,Male,XL,2055,"Customer ID: 2055, Gender: Male, postal_code: Patna, Age Range: 25-30, Size: XL"
30-35,Mumbai,Female,XS,2056,"Customer ID: 2056, Gender: Female, postal_code: Mumbai, Age Range: 30-35, Size: XS"
20-25,Guwahati,Female,S,2057,"Customer ID: 2057, Gender: Female, postal_code: Guwahati, Age Range: 20-25, Size: S"
70-80,Bengaluru,Female,L,2059,"Customer ID: 2059, Gender: Female, postal_code: Bengaluru, Age Range: 70-80, Size: L"
20-25,Visakhapatnam,Female,M,2062,"Customer ID: 2062, Gender: Female, postal_code: Visakhapatnam, Age Range: 20-25, Size: M"
40-50,Mumbai,Male,XS,2066,"Customer ID: 2066, Gender: Male, postal_code: Mumbai, Age Range: 40-50, Size: XS"
30-35,Coimbatore,Female,S,2069,"Customer ID: 2069, Gender: Female, postal_code: Coimbatore, Age Range: 30-35, Size: S"
50-60,Indore,Male,M,2070,"Customer ID: 2070, Gender: Male, postal_code: Indore, Age Range: 50-60, Size: M"
25-30,Bengaluru,Female,S,2073,"Customer ID: 2073, Gender: Female, postal_code: Bengaluru, Age Range: 25-30, Size: S"
25-30,Hyderabad,Female,L,2076,"Customer ID: 2076, Gender: Female, postal_code: Hyderabad, Age Range: 25-30, Size: L"
40-50,Lucknow,Female,M,2077,"Customer ID: 2077, Gender: Female, postal_code: Lucknow, Age Range: 40-50, Size: M"
40-50,Vadodara,Male,XL,2079,"Customer ID: 2079, Gender: Male, postal_code: Vadodara, Age Range: 40-50, Size: XL"
20-25,Bengaluru,Male,XL,2080,"Customer ID: 2080, Gender: Male, postal_code: Bengaluru, Age Range: 20-25, Size: XL"
60-70,Jaipur,Male,XL,2081,"Customer ID: 2081, Gender: Male, postal_code: Jaipur, Age Range: 60-70, Size: XL"
20-25,Pune,Female,S,2082,"Customer ID: 2082, Gender: Female, postal_code: Pune, Age Range: 20-25, Size: S"
25-30,Delhi,Female,L,2083,"Customer ID: 2083, Gender: Female, postal_code: Delhi, Age Range: 25-30, Size: L"
35-40,Hyderabad,Female,XS,2085,"Customer ID: 2085, Gender: Female, postal_code: Hyderabad, Age Range: 35-40, Size: XS"
40-50,Hyderabad,Female,XS,2087,"Customer ID: 2087, Gender: Female, postal_code: Hyderabad, Age Range: 40-50, Size: XS"
30-35,Mumbai,Female,M,2088,"Customer ID: 2088, Gender: Female, postal_code: Mumbai, Age Range: 30-35, Size: M"
20-25,Nagpur,Male,XL,2090,"Customer ID: 2090, Gender: Male, postal_code: Nagpur, Age Range: 20-25, Size: XL"
20-25,Vadodara,Female,XL,2092,"Customer ID: 2092, Gender: Female, postal_code: Vadodara, Age Range: 20-25, Size: XL"
25-30,Bengaluru,Female,S,2096,"Customer ID: 2096, Gender: Female, postal_code: Bengaluru, Age Range: 25-30, Size: S"
50-60,Delhi,Female,M,2099,"Customer ID: 2099, Gender: Female, postal_code: Delhi, Age Range: 50-60, Size: M"
20-25,Mumbai,Female,M,2100,"Customer ID: 2100, Gender: Female, postal_code: Mumbai, Age Range: 20-25, Size: M"
40-50,Bengaluru,Male,M,2102,"Customer ID: 2102, Gender: Male, postal_code: Bengaluru, Age Range: 40-50, Size: M"
20-25,Mumbai,Female,XS,2105,"Customer ID: 2105, Gender: Female, postal_code: Mumbai, Age Range: 20-25, Size: XS"
35-40,Bengaluru,Female,XL,2107,"Customer ID: 2107, Gender: Female, postal_code: Bengaluru, Age Range: 35-40, Size: XL"
50-60,Mumbai,Female,L,2109,"Customer ID: 2109, Gender: Female, postal_code: Mumbai, Age Range: 50-60, Size: L"
50-60,Delhi,Male,M,2111,"Customer ID: 2111, Gender: Male, postal_code: Delhi, Age Range: 50-60, Size: M"
20-25,Lucknow,Female,XS,2112,"Customer ID: 2112, Gender: Female, postal_code: Lucknow, Age Range: 20-25, Size: XS"
50-60,Surat,Female,XS,2114,"Customer ID: 2114, Gender: Female, postal_code: Surat, Age Range: 50-60, Size: XS"
30-35,Guwahati,Female,S,2117,"Customer ID: 2117, Gender: Female, postal_code: Guwahati, Age Range: 30-35, Size: S"
20-25,Bengaluru,Female,XL,2118,"Customer ID: 2118, Gender: Female, postal_code: Bengaluru, Age Range: 20-25, Size: XL"
,Nagpur,Male,S,2120,"Customer ID: 2120, Gender: Male, postal_code: Nagpur, Age Range: nan, Size: S"
40-50,Hyderabad,Female,XL,2121,"Customer ID: 2121, Gender: Female, postal_code: Hyderabad, Age Range: 40-50, Size: XL"
30-35,Bengaluru,Male,S,2122,"Customer ID: 2122, Gender: Male, postal_code: Bengaluru, Age Range: 30-35, Size: S"
40-50,Guwahati,Female,M,2124,"Customer ID: 2124, Gender: Female, postal_code: Guwahati, Age Range: 40-50, Size: M"
35-40,Delhi,Female,XS,2126,"Customer ID: 2126, Gender: Female, postal_code: Delhi, Age Range: 35-40, Size: XS"
30-35,Bhopal,Female,M,2130,"Customer ID: 2130, Gender: Female, postal_code: Bhopal, Age Range: 30-35, Size: M"
40-50,Mumbai,Female,M,2131,"Customer ID: 2131, Gender: Female, postal_code: Mumbai, Age Range: 40-50, Size: M"
50-60,Ahmedabad,Female,XL,2132,"Customer ID: 2132, Gender: Female, postal_code: Ahmedabad, Age Range: 50-60, Size: XL"
25-30,Hyderabad,Female,XS,2133,"Customer ID: 2133, Gender: Female, postal_code: Hyderabad, Age Range: 25-30, Size: XS"
35-40,Mumbai,Female,S,2135,"Customer ID: 2135, Gender: Female, postal_code: Mumbai, Age Range: 35-40, Size: S"
25-30,Guwahati,Female,L,2137,"Customer ID: 2137, Gender: Female, postal_code: Guwahati, Age Range: 25-30, Size: L"
25-30,Visakhapatnam,Female,S,2138,"Customer ID: 2138, Gender: Female, postal_code: Visakhapatnam, Age Range: 25-30, Size: S"
30-35,Hyderabad,Female,S,2139,"Customer ID: 2139, Gender: Female, postal_code: Hyderabad, Age Range: 30-35, Size: S"
25-30,Chennai,Female,L,2141,"Customer ID: 2141, Gender: Female, postal_code: Chennai, Age Range: 25-30, Size: L"
25-30,Chennai,Female,L,2142,"Customer ID: 2142, Gender: Female, postal_code: Chennai, Age Range: 25-30, Size: L"
30-35,Coimbatore,Female,XL,2144,"Customer ID: 2144, Gender: Female, postal_code: Coimbatore, Age Range: 30-35, Size: XL"
40-50,Bengaluru,Female,XS,2147,"Customer ID: 2147, Gender: Female, postal_code: Bengaluru, Age Range: 40-50, Size: XS"
35-40,Visakhapatnam,Female,S,2148,"Customer ID: 2148, Gender: Female, postal_code: Visakhapatnam, Age Range: 35-40, Size: S"
35-40,Chandigarh,Female,S,2149,"Customer ID: 2149, Gender: Female, postal_code: Chandigarh, Age Range: 35-40, Size: S"
35-40,Hyderabad,Female,M,2151,"Customer ID: 2151, Gender: Female, postal_code: Hyderabad, Age Range: 35-40, Size: M"
25-30,Hyderabad,Female,XS,2152,"Customer ID: 2152, Gender: Female, postal_code: Hyderabad, Age Range: 25-30, Size: XS"
50-60,Chennai,Male,L,2154,"Customer ID: 2154, Gender: Male, postal_code: Chennai, Age Range: 50-60, Size: L"
25-30,Bengaluru,Female,M,2157,"Customer ID: 2157, Gender: Female, postal_code: Bengaluru, Age Range: 25-30, Size: M"
50-60,Bengaluru,Female,XS,2158,"Customer ID: 2158, Gender: Female, postal_code: Bengaluru, Age Range: 50-60, Size: XS"
25-30,Pune,Male,XS,2160,"Customer ID: 2160, Gender: Male, postal_code: Pune, Age Range: 25-30, Size: XS"
20-25,Patna,Female,XL,2161,"Customer ID: 2161, Gender: Female, postal_code: Patna, Age Range: 20-25, Size: XL"
20-25,Hyderabad,Female,L,2162,"Customer ID: 2162, Gender: Female, postal_code: Hyderabad, Age Range: 20-25, Size: L"
40-50,Chennai,Female,L,2163,"Customer ID: 2163, Gender: Female, postal_code: Chennai, Age Range: 40-50, Size: L"
50-60,Hyderabad,Female,XS,2164,"Customer ID: 2164, Gender: Female, postal_code: Hyderabad, Age Range: 50-60, Size: XS"
25-30,Surat,Female,M,2165,"Customer ID: 2165, Gender: Female, postal_code: Surat, Age Range: 25-30, Size: M"
40-50,Guwahati,Female,M,2166,"Customer ID: 2166, Gender: Female, postal_code: Guwahati, Age Range: 40-50, Size: M"
25-30,Delhi,Male,XS,2171,"Customer ID: 2171, Gender: Male, postal_code: Delhi, Age Range: 25-30, Size: XS"
30-35,Bengaluru,Female,XS,2173,"Customer ID: 2173, Gender: Female, postal_code: Bengaluru, Age Range: 30-35, Size: XS"
,Bengaluru,Male,M,2174,"Customer ID: 2174, Gender: Male, postal_code: Bengaluru, Age Range: nan, Size: M"
20-25,Bengaluru,Male,M,2176,"Customer ID: 2176, Gender: Male, postal_code: Bengaluru, Age Range: 20-25, Size: M"
40-50,Hyderabad,Female,XL,2178,"Customer ID: 2178, Gender: Female, postal_code: Hyderabad, Age Range: 40-50, Size: XL"
25-30,Delhi,Female,L,2180,"Customer ID: 2180, Gender: Female, postal_code: Delhi, Age Range: 25-30, Size: L"
50-60,Hyderabad,Female,L,2181,"Customer ID: 2181, Gender: Female, postal_code: Hyderabad, Age Range: 50-60, Size: L"
50-60,Hyderabad,Female,M,2184,"Customer ID: 2184, Gender: Female, postal_code: Hyderabad, Age Range: 50-60, Size: M"
30-35,Mumbai,Female,S,2186,"Customer ID: 2186, Gender: Female, postal_code: Mumbai, Age Range: 30-35, Size: S"
50-60,Chennai,Female,L,2189,"Customer ID: 2189, Gender: Female, postal_code: Chennai, Age Range: 50-60, Size: L"
40-50,Delhi,Female,L,2190,"Customer ID: 2190, Gender: Female, postal_code: Delhi, Age Range: 40-50, Size: L"
50-60,Hyderabad,Female,M,2192,"Customer ID: 2192, Gender: Female, postal_code: Hyderabad, Age Range: 50-60, Size: M"
60-70,Hyderabad,Female,M,2193,"Customer ID: 2193, Gender: Female, postal_code: Hyderabad, Age Range: 60-70, Size: M"
40-50,Patna,Female,S,2194,"Customer ID: 2194, Gender: Female, postal_code: Patna, Age Range: 40-50, Size: S"
25-30,Bengaluru,Female,XL,2196,"Customer ID: 2196, Gender: Female, postal_code: Bengaluru, Age Range: 25-30, Size: XL"
40-50,Ahmedabad,Male,M,2197,"Customer ID: 2197, Gender: Male, postal_code: Ahmedabad, Age Range: 40-50, Size: M"
30-35,Ahmedabad,Male,S,2198,"Customer ID: 2198, Gender: Male, postal_code: Ahmedabad, Age Range: 30-35, Size: S"
35-40,Chennai,Female,XL,2199,"Customer ID: 2199, Gender: Female, postal_code: Chennai, Age Range: 35-40, Size: XL"
35-40,Bengaluru,Female,XL,2200,"Customer ID: 2200, Gender: Female, postal_code: Bengaluru, Age Range: 35-40, Size: XL"
50-60,Delhi,Female,M,2201,"Customer ID: 2201, Gender: Female, postal_code: Delhi, Age Range: 50-60, Size: M"
35-40,Hyderabad,Female,M,2202,"Customer ID: 2202, Gender: Female, postal_code: Hyderabad, Age Range: 35-40, Size: M"
20-25,Bengaluru,Female,XL,2204,"Customer ID: 2204, Gender: Female, postal_code: Bengaluru, Age Range: 20-25, Size: XL"
35-40,Chennai,Female,L,2208,"Customer ID: 2208, Gender: Female, postal_code: Chennai, Age Range: 35-40, Size: L"
30-35,Chennai,Male,XS,2209,"Customer ID: 2209, Gender: Male, postal_code: Chennai, Age Range: 30-35, Size: XS"
35-40,Bengaluru,Female,S,2210,"Customer ID: 2210, Gender: Female, postal_code: Bengaluru, Age Range: 35-40, Size: S"
35-40,Nagpur,Female,XL,2211,"Customer ID: 2211, Gender: Female, postal_code: Nagpur, Age Range: 35-40, Size: XL"
20-25,Lucknow,Female,XL,2213,"Customer ID: 2213, Gender: Female, postal_code: Lucknow, Age Range: 20-25, Size: XL"
20-25,Bengaluru,Female,L,2214,"Customer ID: 2214, Gender: Female, postal_code: Bengaluru, Age Range: 20-25, Size: L"
20-25,Chennai,Female,L,2215,"Customer ID: 2215, Gender: Female, postal_code: Chennai, Age Range: 20-25, Size: L"
20-25,Chennai,Female,L,2216,"Customer ID: 2216, Gender: Female, postal_code: Chennai, Age Range: 20-25, Size: L"
30-35,Bengaluru,Male,L,2218,"Customer ID: 2218, Gender: Male, postal_code: Bengaluru, Age Range: 30-35, Size: L"
30-35,Hyderabad,Female,L,2219,"Customer ID: 2219, Gender: Female, postal_code: Hyderabad, Age Range: 30-35, Size: L"
20-25,Hyderabad,Female,XS,2221,"Customer ID: 2221, Gender: Female, postal_code: Hyderabad, Age Range: 20-25, Size: XS"
60-70,Lucknow,Female,L,2222,"Customer ID: 2222, Gender: Female, postal_code: Lucknow, Age Range: 60-70, Size: L"
60-70,Chennai,Male,L,2223,"Customer ID: 2223, Gender: Male, postal_code: Chennai, Age Range: 60-70, Size: L"
50-60,Bengaluru,Male,XL,2227,"Customer ID: 2227, Gender: Male, postal_code: Bengaluru, Age Range: 50-60, Size: XL"
25-30,Chennai,Female,M,2229,"Customer ID: 2229, Gender: Female, postal_code: Chennai, Age Range: 25-30, Size: M"
25-30,Lucknow,Female,XL,2230,"Customer ID: 2230, Gender: Female, postal_code: Lucknow, Age Range: 25-30, Size: XL"
20-25,Jaipur,Female,M,2233,"Customer ID: 2233, Gender: Female, postal_code: Jaipur, Age Range: 20-25, Size: M"
25-30,Kolkata,Female,M,2234,"Customer ID: 2234, Gender: Female, postal_code: Kolkata, Age Range: 25-30, Size: M"
20-25,Delhi,Male,L,2235,"Customer ID: 2235, Gender: Male, postal_code: Delhi, Age Range: 20-25, Size: L"
30-35,Delhi,Female,L,2236,"Customer ID: 2236, Gender: Female, postal_code: Delhi, Age Range: 30-35, Size: L"
50-60,Delhi,Female,XS,2237,"Customer ID: 2237, Gender: Female, postal_code: Delhi, Age Range: 50-60, Size: XS"
35-40,Chennai,Female,S,2238,"Customer ID: 2238, Gender: Female, postal_code: Chennai, Age Range: 35-40, Size: S"
50-60,Hyderabad,Male,XL,2239,"Customer ID: 2239, Gender: Male, postal_code: Hyderabad, Age Range: 50-60, Size: XL"
25-30,Delhi,Female,L,2241,"Customer ID: 2241, Gender: Female, postal_code: Delhi, Age Range: 25-30, Size: L"
25-30,Chennai,Male,XS,2243,"Customer ID: 2243, Gender: Male, postal_code: Chennai, Age Range: 25-30, Size: XS"
60-70,Chennai,Female,XL,2244,"Customer ID: 2244, Gender: Female, postal_code: Chennai, Age Range: 60-70, Size: XL"
30-35,Bhopal,Male,S,2246,"Customer ID: 2246, Gender: Male, postal_code: Bhopal, Age Range: 30-35, Size: S"
20-25,Indore,Female,XS,2248,"Customer ID: 2248, Gender: Female, postal_code: Indore, Age Range: 20-25, Size: XS"
40-50,Kolkata,Female,S,2250,"Customer ID: 2250, Gender: Female, postal_code: Kolkata, Age Range: 40-50, Size: S"
50-60,Bengaluru,Female,L,2253,"Customer ID: 2253, Gender: Female, postal_code: Bengaluru, Age Range: 50-60, Size: L"
30-35,Guwahati,Male,S,2256,"Customer ID: 2256, Gender: Male, postal_code: Guwahati, Age Range: 30-35, Size: S"
40-50,Chennai,Male,XL,2257,"Customer ID: 2257, Gender: Male, postal_code: Chennai, Age Range: 40-50, Size: XL"
20-25,Chandigarh,Male,XL,2258,"Customer ID: 2258, Gender: Male, postal_code: Chandigarh, Age Range: 20-25, Size: XL"
20-25,Bengaluru,Female,M,2259,"Customer ID: 2259, Gender: Female, postal_code: Bengaluru, Age Range: 20-25, Size: M"
20-25,Chennai,Male,XL,2261,"Customer ID: 2261, Gender: Male, postal_code: Chennai, Age Range: 20-25, Size: XL"
25-30,Visakhapatnam,Female,XS,2262,"Customer ID: 2262, Gender: Female, postal_code: Visakhapatnam, Age Range: 25-30, Size: XS"
50-60,Hyderabad,Male,M,2265,"Customer ID: 2265, Gender: Male, postal_code: Hyderabad, Age Range: 50-60, Size: M"
50-60,Chennai,Female,L,2266,"Customer ID: 2266, Gender: Female, postal_code: Chennai, Age Range: 50-60, Size: L"
35-40,Hyderabad,Female,S,2267,"Customer ID: 2267, Gender: Female, postal_code: Hyderabad, Age Range: 35-40, Size: S"
25-30,Hyderabad,Male,M,2273,"Customer ID: 2273, Gender: Male, postal_code: Hyderabad, Age Range: 25-30, Size: M"
50-60,Nagpur,Male,S,2275,"Customer ID: 2275, Gender: Male, postal_code: Nagpur, Age Range: 50-60, Size: S"
50-60,Chennai,Male,XL,2277,"Customer ID: 2277, Gender: Male, postal_code: Chennai, Age Range: 50-60, Size: XL"
40-50,Hyderabad,Female,XS,2278,"Customer ID: 2278, Gender: Female, postal_code: Hyderabad, Age Range: 40-50, Size: XS"
50-60,Hyderabad,Male,XS,2282,"Customer ID: 2282, Gender: Male, postal_code: Hyderabad, Age Range: 50-60, Size: XS"
20-25,Vadodara,Female,M,2283,"Customer ID: 2283, Gender: Female, postal_code: Vadodara, Age Range: 20-25, Size: M"
50-60,Mumbai,Female,S,2284,"Customer ID: 2284, Gender: Female, postal_code: Mumbai, Age Range: 50-60, Size: S"
50-60,Kolkata,Female,L,2285,"Customer ID: 2285, Gender: Female, postal_code: Kolkata, Age Range: 50-60, Size: L"
25-30,Chandigarh,Male,XL,2290,"Customer ID: 2290, Gender: Male, postal_code: Chandigarh, Age Range: 25-30, Size: XL"
25-30,Chennai,Female,XS,2291,"Customer ID: 2291, Gender: Female, postal_code: Chennai, Age Range: 25-30, Size: XS"
25-30,Pune,Female,M,2292,"Customer ID: 2292, Gender: Female, postal_code: Pune, Age Range: 25-30, Size: M"
50-60,Vadodara,Female,XS,2293,"Customer ID: 2293, Gender: Female, postal_code: Vadodara, Age Range: 50-60, Size: XS"
20-25,Mumbai,Female,L,2294,"Customer ID: 2294, Gender: Female, postal_code: Mumbai, Age Range: 20-25, Size: L"
40-50,Vadodara,Male,S,2295,"Customer ID: 2295, Gender: Male, postal_code: Vadodara, Age Range: 40-50, Size: S"
20-25,Bhopal,Female,M,2296,"Customer ID: 2296, Gender: Female, postal_code: Bhopal, Age Range: 20-25, Size: M"
35-40,Bengaluru,Male,L,2297,"Customer ID: 2297, Gender: Male, postal_code: Bengaluru, Age Range: 35-40, Size: L"
50-60,Patna,Female,XS,2298,"Customer ID: 2298, Gender: Female, postal_code: Patna, Age Range: 50-60, Size: XS"
20-25,Vadodara,Female,XL,2301,"Customer ID: 2301, Gender: Female, postal_code: Vadodara, Age Range: 20-25, Size: XL"
40-50,Bengaluru,Male,XS,2302,"Customer ID: 2302, Gender: Male, postal_code: Bengaluru, Age Range: 40-50, Size: XS"
40-50,Patna,Female,M,2304,"Customer ID: 2304, Gender: Female, postal_code: Patna, Age Range: 40-50, Size: M"
20-25,Delhi,Female,M,2305,"Customer ID: 2305, Gender: Female, postal_code: Delhi, Age Range: 20-25, Size: M"
50-60,Bhopal,Female,S,2306,"Customer ID: 2306, Gender: Female, postal_code: Bhopal, Age Range: 50-60, Size: S"
25-30,Indore,Male,M,2307,"Customer ID: 2307, Gender: Male, postal_code: Indore, Age Range: 25-30, Size: M"
25-30,Jaipur,Male,L,2308,"Customer ID: 2308, Gender: Male, postal_code: Jaipur, Age Range: 25-30, Size: L"
20-25,Bhopal,Male,S,2309,"Customer ID: 2309, Gender: Male, postal_code: Bhopal, Age Range: 20-25, Size: S"
20-25,Delhi,Female,L,2311,"Customer ID: 2311, Gender: Female, postal_code: Delhi, Age Range: 20-25, Size: L"
50-60,Bengaluru,Female,S,2312,"Customer ID: 2312, Gender: Female, postal_code: Bengaluru, Age Range: 50-60, Size: S"
50-60,Mumbai,Female,S,2314,"Customer ID: 2314, Gender: Female, postal_code: Mumbai, Age Range: 50-60, Size: S"
40-50,Surat,Male,XS,2315,"Customer ID: 2315, Gender: Male, postal_code: Surat, Age Range: 40-50, Size: XS"
40-50,Jaipur,Female,XL,2317,"Customer ID: 2317, Gender: Female, postal_code: Jaipur, Age Range: 40-50, Size: XL"
35-40,Hyderabad,Female,L,2320,"Customer ID: 2320, Gender: Female, postal_code: Hyderabad, Age Range: 35-40, Size: L"
20-25,Vadodara,Female,M,2321,"Customer ID: 2321, Gender: Female, postal_code: Vadodara, Age Range: 20-25, Size: M"
20-25,Indore,Female,XS,2323,"Customer ID: 2323, Gender: Female, postal_code: Indore, Age Range: 20-25, Size: XS"
50-60,Jaipur,Female,S,2324,"Customer ID: 2324, Gender: Female, postal_code: Jaipur, Age Range: 50-60, Size: S"
40-50,Bengaluru,Female,XS,2326,"Customer ID: 2326, Gender: Female, postal_code: Bengaluru, Age Range: 40-50, Size: XS"
30-35,Patna,Female,S,2328,"Customer ID: 2328, Gender: Female, postal_code: Patna, Age Range: 30-35, Size: S"
25-30,Mumbai,Female,L,2329,"Customer ID: 2329, Gender: Female, postal_code: Mumbai, Age Range: 25-30, Size: L"
60-70,Hyderabad,Female,L,2330,"Customer ID: 2330, Gender: Female, postal_code: Hyderabad, Age Range: 60-70, Size: L"
35-40,Mumbai,Female,M,2331,"Customer ID: 2331, Gender: Female, postal_code: Mumbai, Age Range: 35-40, Size: M"
40-50,Delhi,Male,M,2332,"Customer ID: 2332, Gender: Male, postal_code: Delhi, Age Range: 40-50, Size: M"
40-50,Surat,Male,XS,2338,"Customer ID: 2338, Gender: Male, postal_code: Surat, Age Range: 40-50, Size: XS"
40-50,Mumbai,Male,M,2339,"Customer ID: 2339, Gender: Male, postal_code: Mumbai, Age Range: 40-50, Size: M"
50-60,Bhopal,Female,XS,2340,"Customer ID: 2340, Gender: Female, postal_code: Bhopal, Age Range: 50-60, Size: XS"
20-25,Chennai,Female,XL,2341,"Customer ID: 2341, Gender: Female, postal_code: Chennai, Age Range: 20-25, Size: XL"
20-25,Bengaluru,Male,M,2343,"Customer ID: 2343, Gender: Male, postal_code: Bengaluru, Age Range: 20-25, Size: M"
60-70,Ahmedabad,Male,L,2344,"Customer ID: 2344, Gender: Male, postal_code: Ahmedabad, Age Range: 60-70, Size: L"
20-25,Mumbai,Female,M,2346,"Customer ID: 2346, Gender: Female, postal_code: Mumbai, Age Range: 20-25, Size: M"
20-25,Surat,Female,L,2347,"Customer ID: 2347, Gender: Female, postal_code: Surat, Age Range: 20-25, Size: L"
40-50,Bengaluru,Female,XS,2349,"Customer ID: 2349, Gender: Female, postal_code: Bengaluru, Age Range: 40-50, Size: XS"
50-60,Nagpur,Male,XL,2350,"Customer ID: 2350, Gender: Male, postal_code: Nagpur, Age Range: 50-60, Size: XL"
25-30,Surat,Male,XS,2352,"Customer ID: 2352, Gender: Male, postal_code: Surat, Age Range: 25-30, Size: XS"
50-60,Chennai,Female,M,2354,"Customer ID: 2354, Gender: Female, postal_code: Chennai, Age Range: 50-60, Size: M"
35-40,Jaipur,Female,XS,2355,"Customer ID: 2355, Gender: Female, postal_code: Jaipur, Age Range: 35-40, Size: XS"
40-50,Chennai,Female,XL,2357,"Customer ID: 2357, Gender: Female, postal_code: Chennai, Age Range: 40-50, Size: XL"
25-30,Bengaluru,Female,XL,2358,"Customer ID: 2358, Gender: Female, postal_code: Bengaluru, Age Range: 25-30, Size: XL"
30-35,Chennai,Male,M,2361,"Customer ID: 2361, Gender: Male, postal_code: Chennai, Age Range: 30-35, Size: M"
25-30,Nagpur,Male,S,2364,"Customer ID: 2364, Gender: Male, postal_code: Nagpur, Age Range: 25-30, Size: S"
60-70,Visakhapatnam,Female,M,2365,"Customer ID: 2365, Gender: Female, postal_code: Visakhapatnam, Age Range: 60-70, Size: M"
50-60,Bengaluru,Female,L,2366,"Customer ID: 2366, Gender: Female, postal_code: Bengaluru, Age Range: 50-60, Size: L"
25-30,Delhi,Female,XS,2368,"Customer ID: 2368, Gender: Female, postal_code: Delhi, Age Range: 25-30, Size: XS"
20-25,Bengaluru,Male,XS,2371,"Customer ID: 2371, Gender: Male, postal_code: Bengaluru, Age Range: 20-25, Size: XS"
40-50,Bengaluru,Female,XL,2372,"Customer ID: 2372, Gender: Female, postal_code: Bengaluru, Age Range: 40-50, Size: XL"
35-40,Surat,Female,L,2373,"Customer ID: 2373, Gender: Female, postal_code: Surat, Age Range: 35-40, Size: L"
25-30,Mumbai,Male,L,2379,"Customer ID: 2379, Gender: Male, postal_code: Mumbai, Age Range: 25-30, Size: L"
40-50,Hyderabad,Female,XS,2383,"Customer ID: 2383, Gender: Female, postal_code: Hyderabad, Age Range: 40-50, Size: XS"
30-35,Hyderabad,Female,XL,2387,"Customer ID: 2387, Gender: Female, postal_code: Hyderabad, Age Range: 30-35, Size: XL"
50-60,Vadodara,Male,L,2388,"Customer ID: 2388, Gender: Male, postal_code: Vadodara, Age Range: 50-60, Size: L"
40-50,Vadodara,Female,M,2390,"Customer ID: 2390, Gender: Female, postal_code: Vadodara, Age Range: 40-50, Size: M"
25-30,Bengaluru,Male,M,2391,"Customer ID: 2391, Gender: Male, postal_code: Bengaluru, Age Range: 25-30, Size: M"
35-40,Chennai,Female,XS,2395,"Customer ID: 2395, Gender: Female, postal_code: Chennai, Age Range: 35-40, Size: XS"
25-30,Hyderabad,Male,S,2398,"Customer ID: 2398, Gender: Male, postal_code: Hyderabad, Age Range: 25-30, Size: S"
50-60,Hyderabad,Male,XL,2401,"Customer ID: 2401, Gender: Male, postal_code: Hyderabad, Age Range: 50-60, Size: XL"
20-25,Bengaluru,Female,S,2402,"Customer ID: 2402, Gender: Female, postal_code: Bengaluru, Age Range: 20-25, Size: S"
30-35,Guwahati,Female,XL,2403,"Customer ID: 2403, Gender: Female, postal_code: Guwahati, Age Range: 30-35, Size: XL"
60-70,Nagpur,Male,M,2407,"Customer ID: 2407, Gender: Male, postal_code: Nagpur, Age Range: 60-70, Size: M"
35-40,Delhi,Female,XS,2409,"Customer ID: 2409, Gender: Female, postal_code: Delhi, Age Range: 35-40, Size: XS"
30-35,Bengaluru,Female,L,2411,"Customer ID: 2411, Gender: Female, postal_code: Bengaluru, Age Range: 30-35, Size: L"
20-25,Chennai,Female,L,2412,"Customer ID: 2412, Gender: Female, postal_code: Chennai, Age Range: 20-25, Size: L"
25-30,Bengaluru,Female,S,2419,"Customer ID: 2419, Gender: Female, postal_code: Bengaluru, Age Range: 25-30, Size: S"
30-35,Mumbai,Male,XS,2420,"Customer ID: 2420, Gender: Male, postal_code: Mumbai, Age Range: 30-35, Size: XS"
20-25,Bengaluru,Female,S,2423,"Customer ID: 2423, Gender: Female, postal_code: Bengaluru, Age Range: 20-25, Size: S"
20-25,Mumbai,Female,M,2426,"Customer ID: 2426, Gender: Female, postal_code: Mumbai, Age Range: 20-25, Size: M"
20-25,Chennai,Female,M,2427,"Customer ID: 2427, Gender: Female, postal_code: Chennai, Age Range: 20-25, Size: M"
50-60,Chennai,Female,XS,2428,"Customer ID: 2428, Gender: Female, postal_code: Chennai, Age Range: 50-60, Size: XS"
20-25,Chennai,Male,L,2429,"Customer ID: 2429, Gender: Male, postal_code: Chennai, Age Range: 20-25, Size: L"
20-25,Coimbatore,Female,XS,2430,"Customer ID: 2430, Gender: Female, postal_code: Coimbatore, Age Range: 20-25, Size: XS"
30-35,Chennai,Male,L,2432,"Customer ID: 2432, Gender: Male, postal_code: Chennai, Age Range: 30-35, Size: L"
35-40,Indore,Female,M,2434,"Customer ID: 2434, Gender: Female, postal_code: Indore, Age Range: 35-40, Size: M"
50-60,Pune,Female,L,2436,"Customer ID: 2436, Gender: Female, postal_code: Pune, Age Range: 50-60, Size: L"
50-60,Pune,Male,S,2439,"Customer ID: 2439, Gender: Male, postal_code: Pune, Age Range: 50-60, Size: S"
50-60,Chandigarh,Female,XL,2440,"Customer ID: 2440, Gender: Female, postal_code: Chandigarh, Age Range: 50-60, Size: XL"
30-35,Bengaluru,Female,M,2441,"Customer ID: 2441, Gender: Female, postal_code: Bengaluru, Age Range: 30-35, Size: M"
35-40,Hyderabad,Female,M,2442,"Customer ID: 2442, Gender: Female, postal_code: Hyderabad, Age Range: 35-40, Size: M"
20-25,Delhi,Male,L,2444,"Customer ID: 2444, Gender: Male, postal_code: Delhi, Age Range: 20-25, Size: L"
50-60,Delhi,Female,XL,2445,"Customer ID: 2445, Gender: Female, postal_code: Delhi, Age Range: 50-60, Size: XL"
30-35,Patna,Female,L,2447,"Customer ID: 2447, Gender: Female, postal_code: Patna, Age Range: 30-35, Size: L"
35-40,Delhi,Male,XL,2449,"Customer ID: 2449, Gender: Male, postal_code: Delhi, Age Range: 35-40, Size: XL"
50-60,Bengaluru,Female,XS,2451,"Customer ID: 2451, Gender: Female, postal_code: Bengaluru, Age Range: 50-60, Size: XS"
15-20,Lucknow,Female,XS,2453,"Customer ID: 2453, Gender: Female, postal_code: Lucknow, Age Range: 15-20, Size: XS"
30-35,Mumbai,Female,L,2454,"Customer ID: 2454, Gender: Female, postal_code: Mumbai, Age Range: 30-35, Size: L"
35-40,Mumbai,Female,L,2455,"Customer ID: 2455, Gender: Female, postal_code: Mumbai, Age Range: 35-40, Size: L"
40-50,Mumbai,Male,XS,2456,"Customer ID: 2456, Gender: Male, postal_code: Mumbai, Age Range: 40-50, Size: XS"
40-50,Chennai,Female,S,2457,"Customer ID: 2457, Gender: Female, postal_code: Chennai, Age Range: 40-50, Size: S"
30-35,Delhi,Male,L,2461,"Customer ID: 2461, Gender: Male, postal_code: Delhi, Age Range: 30-35, Size: L"
35-40,Pune,Female,M,2462,"Customer ID: 2462, Gender: Female, postal_code: Pune, Age Range: 35-40, Size: M"
40-50,Patna,Female,XS,2465,"Customer ID: 2465, Gender: Female, postal_code: Patna, Age Range: 40-50, Size: XS"
20-25,Chennai,Female,L,2467,"Customer ID: 2467, Gender: Female, postal_code: Chennai, Age Range: 20-25, Size: L"
60-70,Visakhapatnam,Female,L,2470,"Customer ID: 2470, Gender: Female, postal_code: Visakhapatnam, Age Range: 60-70, Size: L"
50-60,Surat,Female,XL,2473,"Customer ID: 2473, Gender: Female, postal_code: Surat, Age Range: 50-60, Size: XL"
50-60,Visakhapatnam,Female,XL,2474,"Customer ID: 2474, Gender: Female, postal_code: Visakhapatnam, Age Range: 50-60, Size: XL"
20-25,Ahmedabad,Female,XS,2475,"Customer ID: 2475, Gender: Female, postal_code: Ahmedabad, Age Range: 20-25, Size: XS"
50-60,Chennai,Female,M,2476,"Customer ID: 2476, Gender: Female, postal_code: Chennai, Age Range: 50-60, Size: M"
30-35,Mumbai,Female,L,2477,"Customer ID: 2477, Gender: Female, postal_code: Mumbai, Age Range: 30-35, Size: L"
30-35,Chennai,Male,M,2478,"Customer ID: 2478, Gender: Male, postal_code: Chennai, Age Range: 30-35, Size: M"
25-30,Pune,Female,XS,2479,"Customer ID: 2479, Gender: Female, postal_code: Pune, Age Range: 25-30, Size: XS"
30-35,Indore,Female,S,2480,"Customer ID: 2480, Gender: Female, postal_code: Indore, Age Range: 30-35, Size: S"
50-60,Chennai,Female,S,2481,"Customer ID: 2481, Gender: Female, postal_code: Chennai, Age Range: 50-60, Size: S"
25-30,Bengaluru,Female,M,2482,"Customer ID: 2482, Gender: Female, postal_code: Bengaluru, Age Range: 25-30, Size: M"
30-35,Delhi,Female,S,2484,"Customer ID: 2484, Gender: Female, postal_code: Delhi, Age Range: 30-35, Size: S"
60-70,Bengaluru,Female,M,2488,"Customer ID: 2488, Gender: Female, postal_code: Bengaluru, Age Range: 60-70, Size: M"
50-60,Bengaluru,Male,S,2489,"Customer ID: 2489, Gender: Male, postal_code: Bengaluru, Age Range: 50-60, Size: S"
35-40,Mumbai,Male,XS,2491,"Customer ID: 2491, Gender: Male, postal_code: Mumbai, Age Range: 35-40, Size: XS"
50-60,Mumbai,Female,L,2493,"Customer ID: 2493, Gender: Female, postal_code: Mumbai, Age Range: 50-60, Size: L"
20-25,Hyderabad,Female,S,2495,"Customer ID: 2495, Gender: Female, postal_code: Hyderabad, Age Range: 20-25, Size: S"
50-60,Kolkata,Female,S,2496,"Customer ID: 2496, Gender: Female, postal_code: Kolkata, Age Range: 50-60, Size: S"
40-50,Pune,Female,XL,2497,"Customer ID: 2497, Gender: Female, postal_code: Pune, Age Range: 40-50, Size: XL"
40-50,Coimbatore,Female,M,2499,"Customer ID: 2499, Gender: Female, postal_code: Coimbatore, Age Range: 40-50, Size: M"
25-30,Bengaluru,Female,XS,2500,"Customer ID: 2500, Gender: Female, postal_code: Bengaluru, Age Range: 25-30, Size: XS"
30-35,Chennai,Female,XL,2502,"Customer ID: 2502, Gender: Female, postal_code: Chennai, Age Range: 30-35, Size: XL"
35-40,Coimbatore,Female,XL,2503,"Customer ID: 2503, Gender: Female, postal_code: Coimbatore, Age Range: 35-40, Size: XL"
40-50,Chennai,Female,S,2504,"Customer ID: 2504, Gender: Female, postal_code: Chennai, Age Range: 40-50, Size: S"
70-80,Chennai,Female,XS,2505,"Customer ID: 2505, Gender: Female, postal_code: Chennai, Age Range: 70-80, Size: XS"
20-25,Bhopal,Female,XL,2507,"Customer ID: 2507, Gender: Female, postal_code: Bhopal, Age Range: 20-25, Size: XL"
60-70,Bengaluru,Female,L,2510,"Customer ID: 2510, Gender: Female, postal_code: Bengaluru, Age Range: 60-70, Size: L"
50-60,Hyderabad,Female,XL,2512,"Customer ID: 2512, Gender: Female, postal_code: Hyderabad, Age Range: 50-60, Size: XL"
50-60,Chennai,Female,M,2513,"Customer ID: 2513, Gender: Female, postal_code: Chennai, Age Range: 50-60, Size: M"
35-40,Bengaluru,Male,S,2515,"Customer ID: 2515, Gender: Male, postal_code: Bengaluru, Age Range: 35-40, Size: S"
60-70,Bengaluru,Male,S,2516,"Customer ID: 2516, Gender: Male, postal_code: Bengaluru, Age Range: 60-70, Size: S"
20-25,Chandigarh,Female,XL,2517,"Customer ID: 2517, Gender: Female, postal_code: Chandigarh, Age Range: 20-25, Size: XL"
20-25,Bengaluru,Male,XS,2518,"Customer ID: 2518, Gender: Male, postal_code: Bengaluru, Age Range: 20-25, Size: XS"
50-60,Delhi,Female,S,2522,"Customer ID: 2522, Gender: Female, postal_code: Delhi, Age Range: 50-60, Size: S"
25-30,Chennai,Male,M,2523,"Customer ID: 2523, Gender: Male, postal_code: Chennai, Age Range: 25-30, Size: M"
35-40,Mumbai,Female,L,2525,"Customer ID: 2525, Gender: Female, postal_code: Mumbai, Age Range: 35-40, Size: L"
50-60,Hyderabad,Male,M,2527,"Customer ID: 2527, Gender: Male, postal_code: Hyderabad, Age Range: 50-60, Size: M"
25-30,Pune,Female,XL,2528,"Customer ID: 2528, Gender: Female, postal_code: Pune, Age Range: 25-30, Size: XL"
40-50,Indore,Female,L,2529,"Customer ID: 2529, Gender: Female, postal_code: Indore, Age Range: 40-50, Size: L"
50-60,Ahmedabad,Female,XL,2530,"Customer ID: 2530, Gender: Female, postal_code: Ahmedabad, Age Range: 50-60, Size: XL"
25-30,Pune,Female,XS,2532,"Customer ID: 2532, Gender: Female, postal_code: Pune, Age Range: 25-30, Size: XS"
30-35,Delhi,Male,L,2534,"Customer ID: 2534, Gender: Male, postal_code: Delhi, Age Range: 30-35, Size: L"
35-40,Chennai,Male,L,2536,"Customer ID: 2536, Gender: Male, postal_code: Chennai, Age Range: 35-40, Size: L"
30-35,Nagpur,Female,S,2539,"Customer ID: 2539, Gender: Female, postal_code: Nagpur, Age Range: 30-35, Size: S"
30-35,Ahmedabad,Male,XL,2543,"Customer ID: 2543, Gender: Male, postal_code: Ahmedabad, Age Range: 30-35, Size: XL"
20-25,Pune,Female,L,2544,"Customer ID: 2544, Gender: Female, postal_code: Pune, Age Range: 20-25, Size: L"
20-25,Chennai,Male,L,2546,"Customer ID: 2546, Gender: Male, postal_code: Chennai, Age Range: 20-25, Size: L"
25-30,Guwahati,Male,L,2550,"Customer ID: 2550, Gender: Male, postal_code: Guwahati, Age Range: 25-30, Size: L"
25-30,Hyderabad,Male,XL,2551,"Customer ID: 2551, Gender: Male, postal_code: Hyderabad, Age Range: 25-30, Size: XL"
20-25,Kolkata,Male,L,2553,"Customer ID: 2553, Gender: Male, postal_code: Kolkata, Age Range: 20-25, Size: L"
35-40,Ahmedabad,Male,XS,2554,"Customer ID: 2554, Gender: Male, postal_code: Ahmedabad, Age Range: 35-40, Size: XS"
30-35,Chandigarh,Male,M,2559,"Customer ID: 2559, Gender: Male, postal_code: Chandigarh, Age Range: 30-35, Size: M"
30-35,Hyderabad,Female,L,2560,"Customer ID: 2560, Gender: Female, postal_code: Hyderabad, Age Range: 30-35, Size: L"
20-25,Chennai,Female,M,2561,"Customer ID: 2561, Gender: Female, postal_code: Chennai, Age Range: 20-25, Size: M"
25-30,Hyderabad,Female,M,2562,"Customer ID: 2562, Gender: Female, postal_code: Hyderabad, Age Range: 25-30, Size: M"
25-30,Delhi,Female,XS,2563,"Customer ID: 2563, Gender: Female, postal_code: Delhi, Age Range: 25-30, Size: XS"
30-35,Bhopal,Male,M,2565,"Customer ID: 2565, Gender: Male, postal_code: Bhopal, Age Range: 30-35, Size: M"
25-30,Hyderabad,Female,S,2568,"Customer ID: 2568, Gender: Female, postal_code: Hyderabad, Age Range: 25-30, Size: S"
20-25,Ahmedabad,Female,XL,2570,"Customer ID: 2570, Gender: Female, postal_code: Ahmedabad, Age Range: 20-25, Size: XL"
20-25,Bengaluru,Male,XS,2572,"Customer ID: 2572, Gender: Male, postal_code: Bengaluru, Age Range: 20-25, Size: XS"
25-30,Guwahati,Male,S,2573,"Customer ID: 2573, Gender: Male, postal_code: Guwahati, Age Range: 25-30, Size: S"
20-25,Bengaluru,Male,M,2575,"Customer ID: 2575, Gender: Male, postal_code: Bengaluru, Age Range: 20-25, Size: M"
40-50,Chennai,Male,S,2576,"Customer ID: 2576, Gender: Male, postal_code: Chennai, Age Range: 40-50, Size: S"
20-25,Bengaluru,Female,M,2577,"Customer ID: 2577, Gender: Female, postal_code: Bengaluru, Age Range: 20-25, Size: M"
50-60,Bhopal,Male,L,2579,"Customer ID: 2579, Gender: Male, postal_code: Bhopal, Age Range: 50-60, Size: L"
35-40,Chennai,Male,XS,2580,"Customer ID: 2580, Gender: Male, postal_code: Chennai, Age Range: 35-40, Size: XS"
50-60,Bhopal,Female,XS,2581,"Customer ID: 2581, Gender: Female, postal_code: Bhopal, Age Range: 50-60, Size: XS"
40-50,Pune,Female,XL,2583,"Customer ID: 2583, Gender: Female, postal_code: Pune, Age Range: 40-50, Size: XL"
20-25,Hyderabad,Male,S,2585,"Customer ID: 2585, Gender: Male, postal_code: Hyderabad, Age Range: 20-25, Size: S"
35-40,Ahmedabad,Female,L,2586,"Customer ID: 2586, Gender: Female, postal_code: Ahmedabad, Age Range: 35-40, Size: L"
50-60,Jaipur,Female,M,2587,"Customer ID: 2587, Gender: Female, postal_code: Jaipur, Age Range: 50-60, Size: M"
30-35,Chennai,Male,M,2588,"Customer ID: 2588, Gender: Male, postal_code: Chennai, Age Range: 30-35, Size: M"
40-50,Kolkata,Female,S,2589,"Customer ID: 2589, Gender: Female, postal_code: Kolkata, Age Range: 40-50, Size: S"
40-50,Kolkata,Female,M,2590,"Customer ID: 2590, Gender: Female, postal_code: Kolkata, Age Range: 40-50, Size: M"
40-50,Chennai,Female,L,2591,"Customer ID: 2591, Gender: Female, postal_code: Chennai, Age Range: 40-50, Size: L"
30-35,Hyderabad,Male,L,2592,"Customer ID: 2592, Gender: Male, postal_code: Hyderabad, Age Range: 30-35, Size: L"
50-60,Guwahati,Male,S,2594,"Customer ID: 2594, Gender: Male, postal_code: Guwahati, Age Range: 50-60, Size: S"
30-35,Delhi,Female,XS,2596,"Customer ID: 2596, Gender: Female, postal_code: Delhi, Age Range: 30-35, Size: XS"
25-30,Hyderabad,Female,M,2597,"Customer ID: 2597, Gender: Female, postal_code: Hyderabad, Age Range: 25-30, Size: M"
25-30,Delhi,Male,L,2598,"Customer ID: 2598, Gender: Male, postal_code: Delhi, Age Range: 25-30, Size: L"
30-35,Mumbai,Male,M,2599,"Customer ID: 2599, Gender: Male, postal_code: Mumbai, Age Range: 30-35, Size: M"
60-70,Jaipur,Female,XL,2602,"Customer ID: 2602, Gender: Female, postal_code: Jaipur, Age Range: 60-70, Size: XL"
40-50,Visakhapatnam,Female,XS,2603,"Customer ID: 2603, Gender: Female, postal_code: Visakhapatnam, Age Range: 40-50, Size: XS"
25-30,Surat,Female,S,2604,"Customer ID: 2604, Gender: Female, postal_code: Surat, Age Range: 25-30, Size: S"
25-30,Patna,Female,XL,2605,"Customer ID: 2605, Gender: Female, postal_code: Patna, Age Range: 25-30, Size: XL"
30-35,Bengaluru,Male,L,2606,"Customer ID: 2606, Gender: Male, postal_code: Bengaluru, Age Range: 30-35, Size: L"
50-60,Bengaluru,Female,S,2607,"Customer ID: 2607, Gender: Female, postal_code: Bengaluru, Age Range: 50-60, Size: S"
25-30,Bhopal,Female,XS,2609,"Customer ID: 2609, Gender: Female, postal_code: Bhopal, Age Range: 25-30, Size: XS"
20-25,Delhi,Female,L,2611,"Customer ID: 2611, Gender: Female, postal_code: Delhi, Age Range: 20-25, Size: L"
20-25,Hyderabad,Male,S,2615,"Customer ID: 2615, Gender: Male, postal_code: Hyderabad, Age Range: 20-25, Size: S"
40-50,Delhi,Female,XS,2616,"Customer ID: 2616, Gender: Female, postal_code: Delhi, Age Range: 40-50, Size: XS"
60-70,Indore,Female,XL,2617,"Customer ID: 2617, Gender: Female, postal_code: Indore, Age Range: 60-70, Size: XL"
20-25,Bengaluru,Female,XS,2618,"Customer ID: 2618, Gender: Female, postal_code: Bengaluru, Age Range: 20-25, Size: XS"
40-50,Coimbatore,Female,S,2621,"Customer ID: 2621, Gender: Female, postal_code: Coimbatore, Age Range: 40-50, Size: S"
40-50,Vadodara,Female,XS,2622,"Customer ID: 2622, Gender: Female, postal_code: Vadodara, Age Range: 40-50, Size: XS"
30-35,Guwahati,Female,S,2623,"Customer ID: 2623, Gender: Female, postal_code: Guwahati, Age Range: 30-35, Size: S"
20-25,Surat,Female,M,2624,"Customer ID: 2624, Gender: Female, postal_code: Surat, Age Range: 20-25, Size: M"
60-70,Mumbai,Female,S,2625,"Customer ID: 2625, Gender: Female, postal_code: Mumbai, Age Range: 60-70, Size: S"
40-50,Bengaluru,Female,M,2629,"Customer ID: 2629, Gender: Female, postal_code: Bengaluru, Age Range: 40-50, Size: M"
50-60,Hyderabad,Male,M,2630,"Customer ID: 2630, Gender: Male, postal_code: Hyderabad, Age Range: 50-60, Size: M"
20-25,Bhopal,Male,XL,2631,"Customer ID: 2631, Gender: Male, postal_code: Bhopal, Age Range: 20-25, Size: XL"
30-35,Delhi,Female,XL,2632,"Customer ID: 2632, Gender: Female, postal_code: Delhi, Age Range: 30-35, Size: XL"
35-40,Guwahati,Female,XL,2633,"Customer ID: 2633, Gender: Female, postal_code: Guwahati, Age Range: 35-40, Size: XL"
30-35,Chennai,Female,XS,2634,"Customer ID: 2634, Gender: Female, postal_code: Chennai, Age Range: 30-35, Size: XS"
40-50,Delhi,Female,M,2635,"Customer ID: 2635, Gender: Female, postal_code: Delhi, Age Range: 40-50, Size: M"
25-30,Hyderabad,Female,M,2637,"Customer ID: 2637, Gender: Female, postal_code: Hyderabad, Age Range: 25-30, Size: M"
30-35,Chennai,Female,M,2638,"Customer ID: 2638, Gender: Female, postal_code: Chennai, Age Range: 30-35, Size: M"
25-30,Ahmedabad,Female,XS,2639,"Customer ID: 2639, Gender: Female, postal_code: Ahmedabad, Age Range: 25-30, Size: XS"
50-60,Bengaluru,Female,XS,2640,"Customer ID: 2640, Gender: Female, postal_code: Bengaluru, Age Range: 50-60, Size: XS"
40-50,Chennai,Male,L,2641,"Customer ID: 2641, Gender: Male, postal_code: Chennai, Age Range: 40-50, Size: L"
50-60,Bhopal,Male,XL,2642,"Customer ID: 2642, Gender: Male, postal_code: Bhopal, Age Range: 50-60, Size: XL"
35-40,Hyderabad,Female,L,2645,"Customer ID: 2645, Gender: Female, postal_code: Hyderabad, Age Range: 35-40, Size: L"
20-25,Hyderabad,Female,XL,2646,"Customer ID: 2646, Gender: Female, postal_code: Hyderabad, Age Range: 20-25, Size: XL"
20-25,Jaipur,Male,L,2648,"Customer ID: 2648, Gender: Male, postal_code: Jaipur, Age Range: 20-25, Size: L"
40-50,Mumbai,Female,M,2649,"Customer ID: 2649, Gender: Female, postal_code: Mumbai, Age Range: 40-50, Size: M"
25-30,Bengaluru,Female,XL,2650,"Customer ID: 2650, Gender: Female, postal_code: Bengaluru, Age Range: 25-30, Size: XL"
40-50,Vadodara,Female,S,2651,"Customer ID: 2651, Gender: Female, postal_code: Vadodara, Age Range: 40-50, Size: S"
40-50,Mumbai,Female,S,2655,"Customer ID: 2655, Gender: Female, postal_code: Mumbai, Age Range: 40-50, Size: S"
35-40,Mumbai,Female,XL,2656,"Customer ID: 2656, Gender: Female, postal_code: Mumbai, Age Range: 35-40, Size: XL"
50-60,Bengaluru,Female,L,2657,"Customer ID: 2657, Gender: Female, postal_code: Bengaluru, Age Range: 50-60, Size: L"
40-50,Indore,Female,S,2659,"Customer ID: 2659, Gender: Female, postal_code: Indore, Age Range: 40-50, Size: S"
30-35,Lucknow,Female,M,2660,"Customer ID: 2660, Gender: Female, postal_code: Lucknow, Age Range: 30-35, Size: M"
35-40,Bengaluru,Female,L,2661,"Customer ID: 2661, Gender: Female, postal_code: Bengaluru, Age Range: 35-40, Size: L"
30-35,Jaipur,Female,M,2665,"Customer ID: 2665, Gender: Female, postal_code: Jaipur, Age Range: 30-35, Size: M"
30-35,Pune,Female,M,2667,"Customer ID: 2667, Gender: Female, postal_code: Pune, Age Range: 30-35, Size: M"
30-35,Coimbatore,Female,XL,2668,"Customer ID: 2668, Gender: Female, postal_code: Coimbatore, Age Range: 30-35, Size: XL"
,Bengaluru,Female,XL,2669,"Customer ID: 2669, Gender: Female, postal_code: Bengaluru, Age Range: nan, Size: XL"
40-50,Delhi,Female,XS,2673,"Customer ID: 2673, Gender: Female, postal_code: Delhi, Age Range: 40-50, Size: XS"
50-60,Bengaluru,Male,XS,2674,"Customer ID: 2674, Gender: Male, postal_code: Bengaluru, Age Range: 50-60, Size: XS"
20-25,Chennai,Male,XS,2678,"Customer ID: 2678, Gender: Male, postal_code: Chennai, Age Range: 20-25, Size: XS"
30-35,Bengaluru,Female,XL,2679,"Customer ID: 2679, Gender: Female, postal_code: Bengaluru, Age Range: 30-35, Size: XL"
35-40,Delhi,Female,S,2680,"Customer ID: 2680, Gender: Female, postal_code: Delhi, Age Range: 35-40, Size: S"
50-60,Bengaluru,Female,XL,2682,"Customer ID: 2682, Gender: Female, postal_code: Bengaluru, Age Range: 50-60, Size: XL"
40-50,Chandigarh,Male,L,2683,"Customer ID: 2683, Gender: Male, postal_code: Chandigarh, Age Range: 40-50, Size: L"
25-30,Chennai,Female,XL,2686,"Customer ID: 2686, Gender: Female, postal_code: Chennai, Age Range: 25-30, Size: XL"
25-30,Lucknow,Female,XL,2687,"Customer ID: 2687, Gender: Female, postal_code: Lucknow, Age Range: 25-30, Size: XL"
25-30,Indore,Female,XS,2688,"Customer ID: 2688, Gender: Female, postal_code: Indore, Age Range: 25-30, Size: XS"
20-25,Surat,Male,XS,2691,"Customer ID: 2691, Gender: Male, postal_code: Surat, Age Range: 20-25, Size: XS"
20-25,Ahmedabad,Female,M,2694,"Customer ID: 2694, Gender: Female, postal_code: Ahmedabad, Age Range: 20-25, Size: M"
25-30,Bhopal,Female,L,2697,"Customer ID: 2697, Gender: Female, postal_code: Bhopal, Age Range: 25-30, Size: L"
40-50,Jaipur,Female,L,2700,"Customer ID: 2700, Gender: Female, postal_code: Jaipur, Age Range: 40-50, Size: L"
60-70,Delhi,Male,L,2701,"Customer ID: 2701, Gender: Male, postal_code: Delhi, Age Range: 60-70, Size: L"
20-25,Coimbatore,Female,M,2703,"Customer ID: 2703, Gender: Female, postal_code: Coimbatore, Age Range: 20-25, Size: M"
50-60,Nagpur,Male,S,2705,"Customer ID: 2705, Gender: Male, postal_code: Nagpur, Age Range: 50-60, Size: S"
35-40,Bengaluru,Female,S,2706,"Customer ID: 2706, Gender: Female, postal_code: Bengaluru, Age Range: 35-40, Size: S"
25-30,Hyderabad,Female,XS,2708,"Customer ID: 2708, Gender: Female, postal_code: Hyderabad, Age Range: 25-30, Size: XS"
35-40,Hyderabad,Female,L,2710,"Customer ID: 2710, Gender: Female, postal_code: Hyderabad, Age Range: 35-40, Size: L"
20-25,Chandigarh,Male,S,2711,"Customer ID: 2711, Gender: Male, postal_code: Chandigarh, Age Range: 20-25, Size: S"
20-25,Mumbai,Female,M,2712,"Customer ID: 2712, Gender: Female, postal_code: Mumbai, Age Range: 20-25, Size: M"
25-30,Chennai,Female,XS,2714,"Customer ID: 2714, Gender: Female, postal_code: Chennai, Age Range: 25-30, Size: XS"
50-60,Hyderabad,Female,M,2715,"Customer ID: 2715, Gender: Female, postal_code: Hyderabad, Age Range: 50-60, Size: M"
40-50,Bengaluru,Female,XL,2716,"Customer ID: 2716, Gender: Female, postal_code: Bengaluru, Age Range: 40-50, Size: XL"
25-30,Delhi,Female,S,2719,"Customer ID: 2719, Gender: Female, postal_code: Delhi, Age Range: 25-30, Size: S"
25-30,Lucknow,Female,L,2720,"Customer ID: 2720, Gender: Female, postal_code: Lucknow, Age Range: 25-30, Size: L"
20-25,Delhi,Female,L,2721,"Customer ID: 2721, Gender: Female, postal_code: Delhi, Age Range: 20-25, Size: L"
20-25,Bengaluru,Female,M,2723,"Customer ID: 2723, Gender: Female, postal_code: Bengaluru, Age Range: 20-25, Size: M"
50-60,Kolkata,Male,XL,2724,"Customer ID: 2724, Gender: Male, postal_code: Kolkata, Age Range: 50-60, Size: XL"
15-20,Bengaluru,Female,L,2725,"Customer ID: 2725, Gender: Female, postal_code: Bengaluru, Age Range: 15-20, Size: L"
40-50,Chandigarh,Male,S,2727,"Customer ID: 2727, Gender: Male, postal_code: Chandigarh, Age Range: 40-50, Size: S"
20-25,Chennai,Female,M,2730,"Customer ID: 2730, Gender: Female, postal_code: Chennai, Age Range: 20-25, Size: M"
20-25,Bengaluru,Female,L,2731,"Customer ID: 2731, Gender: Female, postal_code: Bengaluru, Age Range: 20-25, Size: L"
20-25,Mumbai,Male,XS,2733,"Customer ID: 2733, Gender: Male, postal_code: Mumbai, Age Range: 20-25, Size: XS"
25-30,Delhi,Female,XL,2734,"Customer ID: 2734, Gender: Female, postal_code: Delhi, Age Range: 25-30, Size: XL"
25-30,Bengaluru,Female,L,2738,"Customer ID: 2738, Gender: Female, postal_code: Bengaluru, Age Range: 25-30, Size: L"
20-25,Coimbatore,Female,L,2739,"Customer ID: 2739, Gender: Female, postal_code: Coimbatore, Age Range: 20-25, Size: L"
50-60,Patna,Male,M,2740,"Customer ID: 2740, Gender: Male, postal_code: Patna, Age Range: 50-60, Size: M"
15-20,Bengaluru,Female,XS,2741,"Customer ID: 2741, Gender: Female, postal_code: Bengaluru, Age Range: 15-20, Size: XS"
30-35,Mumbai,Male,XL,2742,"Customer ID: 2742, Gender: Male, postal_code: Mumbai, Age Range: 30-35, Size: XL"
35-40,Patna,Female,L,2743,"Customer ID: 2743, Gender: Female, postal_code: Patna, Age Range: 35-40, Size: L"
50-60,Mumbai,Male,XS,2744,"Customer ID: 2744, Gender: Male, postal_code: Mumbai, Age Range: 50-60, Size: XS"
40-50,Visakhapatnam,Female,S,2745,"Customer ID: 2745, Gender: Female, postal_code: Visakhapatnam, Age Range: 40-50, Size: S"
40-50,Chandigarh,Female,S,2747,"Customer ID: 2747, Gender: Female, postal_code: Chandigarh, Age Range: 40-50, Size: S"
40-50,Mumbai,Male,L,2748,"Customer ID: 2748, Gender: Male, postal_code: Mumbai, Age Range: 40-50, Size: L"
40-50,Chennai,Female,L,2749,"Customer ID: 2749, Gender: Female, postal_code: Chennai, Age Range: 40-50, Size: L"
35-40,Pune,Male,L,2751,"Customer ID: 2751, Gender: Male, postal_code: Pune, Age Range: 35-40, Size: L"
25-30,Delhi,Female,M,2752,"Customer ID: 2752, Gender: Female, postal_code: Delhi, Age Range: 25-30, Size: M"
40-50,Mumbai,Female,S,2757,"Customer ID: 2757, Gender: Female, postal_code: Mumbai, Age Range: 40-50, Size: S"
50-60,Delhi,Male,XL,2758,"Customer ID: 2758, Gender: Male, postal_code: Delhi, Age Range: 50-60, Size: XL"
40-50,Kolkata,Male,S,2760,"Customer ID: 2760, Gender: Male, postal_code: Kolkata, Age Range: 40-50, Size: S"
30-35,Delhi,Male,S,2761,"Customer ID: 2761, Gender: Male, postal_code: Delhi, Age Range: 30-35, Size: S"
50-60,Mumbai,Female,S,2763,"Customer ID: 2763, Gender: Female, postal_code: Mumbai, Age Range: 50-60, Size: S"
25-30,Bengaluru,Male,XL,2764,"Customer ID: 2764, Gender: Male, postal_code: Bengaluru, Age Range: 25-30, Size: XL"
50-60,Bhopal,Male,XS,2767,"Customer ID: 2767, Gender: Male, postal_code: Bhopal, Age Range: 50-60, Size: XS"
25-30,Chennai,Male,S,2769,"Customer ID: 2769, Gender: Male, postal_code: Chennai, Age Range: 25-30, Size: S"
50-60,Guwahati,Female,M,2770,"Customer ID: 2770, Gender: Female, postal_code: Guwahati, Age Range: 50-60, Size: M"
50-60,Mumbai,Female,M,2771,"Customer ID: 2771, Gender: Female, postal_code: Mumbai, Age Range: 50-60, Size: M"
25-30,Bengaluru,Male,M,2772,"Customer ID: 2772, Gender: Male, postal_code: Bengaluru, Age Range: 25-30, Size: M"
40-50,Ahmedabad,Male,L,2773,"Customer ID: 2773, Gender: Male, postal_code: Ahmedabad, Age Range: 40-50, Size: L"
30-35,Nagpur,Female,M,2774,"Customer ID: 2774, Gender: Female, postal_code: Nagpur, Age Range: 30-35, Size: M"
60-70,Chandigarh,Male,L,2775,"Customer ID: 2775, Gender: Male, postal_code: Chandigarh, Age Range: 60-70, Size: L"
20-25,Delhi,Male,S,2776,"Customer ID: 2776, Gender: Male, postal_code: Delhi, Age Range: 20-25, Size: S"
50-60,Hyderabad,Female,XS,2777,"Customer ID: 2777, Gender: Female, postal_code: Hyderabad, Age Range: 50-60, Size: XS"
60-70,Hyderabad,Male,XS,2782,"Customer ID: 2782, Gender: Male, postal_code: Hyderabad, Age Range: 60-70, Size: XS"
50-60,Delhi,Male,XS,2783,"Customer ID: 2783, Gender: Male, postal_code: Delhi, Age Range: 50-60, Size: XS"
25-30,Guwahati,Male,XS,2784,"Customer ID: 2784, Gender: Male, postal_code: Guwahati, Age Range: 25-30, Size: XS"
25-30,Delhi,Female,XL,2785,"Customer ID: 2785, Gender: Female, postal_code: Delhi, Age Range: 25-30, Size: XL"
20-25,Indore,Male,S,2786,"Customer ID: 2786, Gender: Male, postal_code: Indore, Age Range: 20-25, Size: S"
40-50,Hyderabad,Female,L,2788,"Customer ID: 2788, Gender: Female, postal_code: Hyderabad, Age Range: 40-50, Size: L"
25-30,Pune,Female,XS,2789,"Customer ID: 2789, Gender: Female, postal_code: Pune, Age Range: 25-30, Size: XS"
25-30,Delhi,Female,M,2790,"Customer ID: 2790, Gender: Female, postal_code: Delhi, Age Range: 25-30, Size: M"
50-60,Delhi,Male,L,2792,"Customer ID: 2792, Gender: Male, postal_code: Delhi, Age Range: 50-60, Size: L"
50-60,Bengaluru,Male,S,2793,"Customer ID: 2793, Gender: Male, postal_code: Bengaluru, Age Range: 50-60, Size: S"
25-30,Delhi,Female,M,2794,"Customer ID: 2794, Gender: Female, postal_code: Delhi, Age Range: 25-30, Size: M"
50-60,Bengaluru,Female,L,2795,"Customer ID: 2795, Gender: Female, postal_code: Bengaluru, Age Range: 50-60, Size: L"
25-30,Jaipur,Male,XS,2797,"Customer ID: 2797, Gender: Male, postal_code: Jaipur, Age Range: 25-30, Size: XS"
30-35,Delhi,Female,S,2798,"Customer ID: 2798, Gender: Female, postal_code: Delhi, Age Range: 30-35, Size: S"
50-60,Guwahati,Female,M,2800,"Customer ID: 2800, Gender: Female, postal_code: Guwahati, Age Range: 50-60, Size: M"
25-30,Bengaluru,Female,XL,2802,"Customer ID: 2802, Gender: Female, postal_code: Bengaluru, Age Range: 25-30, Size: XL"
30-35,Chennai,Female,XL,2803,"Customer ID: 2803, Gender: Female, postal_code: Chennai, Age Range: 30-35, Size: XL"
25-30,Bengaluru,Male,M,2804,"Customer ID: 2804, Gender: Male, postal_code: Bengaluru, Age Range: 25-30, Size: M"
40-50,Nagpur,Female,S,2805,"Customer ID: 2805, Gender: Female, postal_code: Nagpur, Age Range: 40-50, Size: S"
50-60,Delhi,Female,M,2806,"Customer ID: 2806, Gender: Female, postal_code: Delhi, Age Range: 50-60, Size: M"
35-40,Bengaluru,Female,M,2807,"Customer ID: 2807, Gender: Female, postal_code: Bengaluru, Age Range: 35-40, Size: M"
25-30,Hyderabad,Female,L,2808,"Customer ID: 2808, Gender: Female, postal_code: Hyderabad, Age Range: 25-30, Size: L"
35-40,Bengaluru,Female,S,2810,"Customer ID: 2810, Gender: Female, postal_code: Bengaluru, Age Range: 35-40, Size: S"
40-50,Hyderabad,Female,M,2815,"Customer ID: 2815, Gender: Female, postal_code: Hyderabad, Age Range: 40-50, Size: M"
40-50,Patna,Female,XS,2816,"Customer ID: 2816, Gender: Female, postal_code: Patna, Age Range: 40-50, Size: XS"
25-30,Surat,Female,XL,2817,"Customer ID: 2817, Gender: Female, postal_code: Surat, Age Range: 25-30, Size: XL"
40-50,Guwahati,Female,XS,2819,"Customer ID: 2819, Gender: Female, postal_code: Guwahati, Age Range: 40-50, Size: XS"
60-70,Surat,Male,XL,2821,"Customer ID: 2821, Gender: Male, postal_code: Surat, Age Range: 60-70, Size: XL"
50-60,Indore,Male,XS,2825,"Customer ID: 2825, Gender: Male, postal_code: Indore, Age Range: 50-60, Size: XS"
20-25,Surat,Male,L,2826,"Customer ID: 2826, Gender: Male, postal_code: Surat, Age Range: 20-25, Size: L"
40-50,Hyderabad,Male,L,2829,"Customer ID: 2829, Gender: Male, postal_code: Hyderabad, Age Range: 40-50, Size: L"
60-70,Bengaluru,Female,XL,2830,"Customer ID: 2830, Gender: Female, postal_code: Bengaluru, Age Range: 60-70, Size: XL"
25-30,Lucknow,Male,XL,2831,"Customer ID: 2831, Gender: Male, postal_code: Lucknow, Age Range: 25-30, Size: XL"
40-50,Chennai,Female,S,2832,"Customer ID: 2832, Gender: Female, postal_code: Chennai, Age Range: 40-50, Size: S"
40-50,Delhi,Male,M,2836,"Customer ID: 2836, Gender: Male, postal_code: Delhi, Age Range: 40-50, Size: M"
50-60,Delhi,Female,L,2837,"Customer ID: 2837, Gender: Female, postal_code: Delhi, Age Range: 50-60, Size: L"
15-20,Jaipur,Female,XS,2839,"Customer ID: 2839, Gender: Female, postal_code: Jaipur, Age Range: 15-20, Size: XS"
40-50,Delhi,Female,XS,2842,"Customer ID: 2842, Gender: Female, postal_code: Delhi, Age Range: 40-50, Size: XS"
25-30,Kolkata,Female,S,2843,"Customer ID: 2843, Gender: Female, postal_code: Kolkata, Age Range: 25-30, Size: S"
40-50,Bengaluru,Female,XL,2844,"Customer ID: 2844, Gender: Female, postal_code: Bengaluru, Age Range: 40-50, Size: XL"
25-30,Delhi,Female,M,2845,"Customer ID: 2845, Gender: Female, postal_code: Delhi, Age Range: 25-30, Size: M"
25-30,Hyderabad,Female,S,2846,"Customer ID: 2846, Gender: Female, postal_code: Hyderabad, Age Range: 25-30, Size: S"
25-30,Chennai,Female,XL,2848,"Customer ID: 2848, Gender: Female, postal_code: Chennai, Age Range: 25-30, Size: XL"
35-40,Chandigarh,Female,L,2851,"Customer ID: 2851, Gender: Female, postal_code: Chandigarh, Age Range: 35-40, Size: L"
25-30,Guwahati,Female,L,2853,"Customer ID: 2853, Gender: Female, postal_code: Guwahati, Age Range: 25-30, Size: L"
35-40,Hyderabad,Female,L,2854,"Customer ID: 2854, Gender: Female, postal_code: Hyderabad, Age Range: 35-40, Size: L"
40-50,Mumbai,Male,XS,2856,"Customer ID: 2856, Gender: Male, postal_code: Mumbai, Age Range: 40-50, Size: XS"
70-80,Chennai,Female,XL,2858,"Customer ID: 2858, Gender: Female, postal_code: Chennai, Age Range: 70-80, Size: XL"
20-25,Bengaluru,Male,L,2859,"Customer ID: 2859, Gender: Male, postal_code: Bengaluru, Age Range: 20-25, Size: L"
50-60,Bengaluru,Female,S,2862,"Customer ID: 2862, Gender: Female, postal_code: Bengaluru, Age Range: 50-60, Size: S"
40-50,Chandigarh,Female,L,2863,"Customer ID: 2863, Gender: Female, postal_code: Chandigarh, Age Range: 40-50, Size: L"
40-50,Chennai,Female,L,2868,"Customer ID: 2868, Gender: Female, postal_code: Chennai, Age Range: 40-50, Size: L"
25-30,Surat,Female,XS,2869,"Customer ID: 2869, Gender: Female, postal_code: Surat, Age Range: 25-30, Size: XS"
30-35,Delhi,Female,M,2870,"Customer ID: 2870, Gender: Female, postal_code: Delhi, Age Range: 30-35, Size: M"
40-50,Patna,Female,L,2871,"Customer ID: 2871, Gender: Female, postal_code: Patna, Age Range: 40-50, Size: L"
20-25,Bengaluru,Male,XS,2872,"Customer ID: 2872, Gender: Male, postal_code: Bengaluru, Age Range: 20-25, Size: XS"
30-35,Pune,Male,S,2875,"Customer ID: 2875, Gender: Male, postal_code: Pune, Age Range: 30-35, Size: S"
70-80,Visakhapatnam,Male,S,2877,"Customer ID: 2877, Gender: Male, postal_code: Visakhapatnam, Age Range: 70-80, Size: S"
35-40,Kolkata,Male,L,2878,"Customer ID: 2878, Gender: Male, postal_code: Kolkata, Age Range: 35-40, Size: L"
20-25,Surat,Male,XS,2879,"Customer ID: 2879, Gender: Male, postal_code: Surat, Age Range: 20-25, Size: XS"
50-60,Pune,Male,M,2880,"Customer ID: 2880, Gender: Male, postal_code: Pune, Age Range: 50-60, Size: M"
25-30,Delhi,Female,M,2881,"Customer ID: 2881, Gender: Female, postal_code: Delhi, Age Range: 25-30, Size: M"
40-50,Bengaluru,Male,S,2882,"Customer ID: 2882, Gender: Male, postal_code: Bengaluru, Age Range: 40-50, Size: S"
50-60,Mumbai,Male,XL,2883,"Customer ID: 2883, Gender: Male, postal_code: Mumbai, Age Range: 50-60, Size: XL"
50-60,Vadodara,Female,L,2884,"Customer ID: 2884, Gender: Female, postal_code: Vadodara, Age Range: 50-60, Size: L"
30-35,Chennai,Female,S,2886,"Customer ID: 2886, Gender: Female, postal_code: Chennai, Age Range: 30-35, Size: S"
50-60,Bengaluru,Female,XL,2888,"Customer ID: 2888, Gender: Female, postal_code: Bengaluru, Age Range: 50-60, Size: XL"
30-35,Delhi,Male,L,2890,"Customer ID: 2890, Gender: Male, postal_code: Delhi, Age Range: 30-35, Size: L"
20-25,Guwahati,Female,S,2895,"Customer ID: 2895, Gender: Female, postal_code: Guwahati, Age Range: 20-25, Size: S"
50-60,Vadodara,Male,S,2896,"Customer ID: 2896, Gender: Male, postal_code: Vadodara, Age Range: 50-60, Size: S"
30-35,Jaipur,Female,XL,2897,"Customer ID: 2897, Gender: Female, postal_code: Jaipur, Age Range: 30-35, Size: XL"
25-30,Hyderabad,Female,M,2898,"Customer ID: 2898, Gender: Female, postal_code: Hyderabad, Age Range: 25-30, Size: M"
20-25,Chennai,Female,L,2900,"Customer ID: 2900, Gender: Female, postal_code: Chennai, Age Range: 20-25, Size: L"
40-50,Bengaluru,Male,L,2902,"Customer ID: 2902, Gender: Male, postal_code: Bengaluru, Age Range: 40-50, Size: L"
50-60,Chennai,Male,XL,2905,"Customer ID: 2905, Gender: Male, postal_code: Chennai, Age Range: 50-60, Size: XL"
20-25,Chennai,Female,L,2909,"Customer ID: 2909, Gender: Female, postal_code: Chennai, Age Range: 20-25, Size: L"
25-30,Bengaluru,Female,M,2910,"Customer ID: 2910, Gender: Female, postal_code: Bengaluru, Age Range: 25-30, Size: M"
25-30,Delhi,Female,M,2911,"Customer ID: 2911, Gender: Female, postal_code: Delhi, Age Range: 25-30, Size: M"
35-40,Chennai,Female,S,2912,"Customer ID: 2912, Gender: Female, postal_code: Chennai, Age Range: 35-40, Size: S"
35-40,Bengaluru,Male,XS,2913,"Customer ID: 2913, Gender: Male, postal_code: Bengaluru, Age Range: 35-40, Size: XS"
20-25,Bengaluru,Male,XL,2914,"Customer ID: 2914, Gender: Male, postal_code: Bengaluru, Age Range: 20-25, Size: XL"
25-30,Lucknow,Male,M,2915,"Customer ID: 2915, Gender: Male, postal_code: Lucknow, Age Range: 25-30, Size: M"
35-40,Indore,Female,L,2916,"Customer ID: 2916, Gender: Female, postal_code: Indore, Age Range: 35-40, Size: L"
40-50,Ahmedabad,Female,XL,2917,"Customer ID: 2917, Gender: Female, postal_code: Ahmedabad, Age Range: 40-50, Size: XL"
60-70,Chandigarh,Female,M,2919,"Customer ID: 2919, Gender: Female, postal_code: Chandigarh, Age Range: 60-70, Size: M"
20-25,Mumbai,Female,M,2920,"Customer ID: 2920, Gender: Female, postal_code: Mumbai, Age Range: 20-25, Size: M"
20-25,Chennai,Male,XL,2921,"Customer ID: 2921, Gender: Male, postal_code: Chennai, Age Range: 20-25, Size: XL"
25-30,Delhi,Female,S,2923,"Customer ID: 2923, Gender: Female, postal_code: Delhi, Age Range: 25-30, Size: S"
50-60,Kolkata,Female,S,2924,"Customer ID: 2924, Gender: Female, postal_code: Kolkata, Age Range: 50-60, Size: S"
25-30,Visakhapatnam,Male,XS,2925,"Customer ID: 2925, Gender: Male, postal_code: Visakhapatnam, Age Range: 25-30, Size: XS"
20-25,Ahmedabad,Male,XL,2926,"Customer ID: 2926, Gender: Male, postal_code: Ahmedabad, Age Range: 20-25, Size: XL"
50-60,Nagpur,Female,M,2929,"Customer ID: 2929, Gender: Female, postal_code: Nagpur, Age Range: 50-60, Size: M"
25-30,Guwahati,Female,XL,2930,"Customer ID: 2930, Gender: Female, postal_code: Guwahati, Age Range: 25-30, Size: XL"
30-35,Mumbai,Female,XL,2931,"Customer ID: 2931, Gender: Female, postal_code: Mumbai, Age Range: 30-35, Size: XL"
40-50,Hyderabad,Male,M,2932,"Customer ID: 2932, Gender: Male, postal_code: Hyderabad, Age Range: 40-50, Size: M"
30-35,Mumbai,Female,M,2935,"Customer ID: 2935, Gender: Female, postal_code: Mumbai, Age Range: 30-35, Size: M"
35-40,Pune,Female,XL,2936,"Customer ID: 2936, Gender: Female, postal_code: Pune, Age Range: 35-40, Size: XL"
25-30,Delhi,Female,XS,2937,"Customer ID: 2937, Gender: Female, postal_code: Delhi, Age Range: 25-30, Size: XS"
25-30,Coimbatore,Male,XL,2938,"Customer ID: 2938, Gender: Male, postal_code: Coimbatore, Age Range: 25-30, Size: XL"
25-30,Hyderabad,Male,L,2940,"Customer ID: 2940, Gender: Male, postal_code: Hyderabad, Age Range: 25-30, Size: L"
40-50,Hyderabad,Female,XS,2941,"Customer ID: 2941, Gender: Female, postal_code: Hyderabad, Age Range: 40-50, Size: XS"
50-60,Hyderabad,Male,M,2943,"Customer ID: 2943, Gender: Male, postal_code: Hyderabad, Age Range: 50-60, Size: M"
20-25,Lucknow,Female,L,2944,"Customer ID: 2944, Gender: Female, postal_code: Lucknow, Age Range: 20-25, Size: L"
50-60,Nagpur,Male,M,2945,"Customer ID: 2945, Gender: Male, postal_code: Nagpur, Age Range: 50-60, Size: M"
20-25,Coimbatore,Male,XS,2949,"Customer ID: 2949, Gender: Male, postal_code: Coimbatore, Age Range: 20-25, Size: XS"
60-70,Chennai,Male,S,2950,"Customer ID: 2950, Gender: Male, postal_code: Chennai, Age Range: 60-70, Size: S"
60-70,Coimbatore,Male,S,2953,"Customer ID: 2953, Gender: Male, postal_code: Coimbatore, Age Range: 60-70, Size: S"
60-70,Guwahati,Male,L,2954,"Customer ID: 2954, Gender: Male, postal_code: Guwahati, Age Range: 60-70, Size: L"
20-25,Hyderabad,Female,L,2955,"Customer ID: 2955, Gender: Female, postal_code: Hyderabad, Age Range: 20-25, Size: L"
40-50,Ahmedabad,Female,M,2956,"Customer ID: 2956, Gender: Female, postal_code: Ahmedabad, Age Range: 40-50, Size: M"
25-30,Delhi,Female,L,2958,"Customer ID: 2958, Gender: Female, postal_code: Delhi, Age Range: 25-30, Size: L"
20-25,Bengaluru,Female,XL,2959,"Customer ID: 2959, Gender: Female, postal_code: Bengaluru, Age Range: 20-25, Size: XL"
25-30,Chennai,Female,XS,2963,"Customer ID: 2963, Gender: Female, postal_code: Chennai, Age Range: 25-30, Size: XS"
35-40,Bengaluru,Male,XL,2965,"Customer ID: 2965, Gender: Male, postal_code: Bengaluru, Age Range: 35-40, Size: XL"
50-60,Hyderabad,Female,XS,2966,"Customer ID: 2966, Gender: Female, postal_code: Hyderabad, Age Range: 50-60, Size: XS"
40-50,Bengaluru,Female,L,2968,"Customer ID: 2968, Gender: Female, postal_code: Bengaluru, Age Range: 40-50, Size: L"
40-50,Mumbai,Female,M,2970,"Customer ID: 2970, Gender: Female, postal_code: Mumbai, Age Range: 40-50, Size: M"
40-50,Chandigarh,Female,L,2971,"Customer ID: 2971, Gender: Female, postal_code: Chandigarh, Age Range: 40-50, Size: L"
25-30,Delhi,Female,M,2972,"Customer ID: 2972, Gender: Female, postal_code: Delhi, Age Range: 25-30, Size: M"
20-25,Bengaluru,Female,M,2977,"Customer ID: 2977, Gender: Female, postal_code: Bengaluru, Age Range: 20-25, Size: M"
50-60,Bengaluru,Female,XS,2978,"Customer ID: 2978, Gender: Female, postal_code: Bengaluru, Age Range: 50-60, Size: XS"
50-60,Hyderabad,Female,XS,2979,"Customer ID: 2979, Gender: Female, postal_code: Hyderabad, Age Range: 50-60, Size: XS"
40-50,Chennai,Female,L,2980,"Customer ID: 2980, Gender: Female, postal_code: Chennai, Age Range: 40-50, Size: L"
20-25,Delhi,Male,XL,2987,"Customer ID: 2987, Gender: Male, postal_code: Delhi, Age Range: 20-25, Size: XL"
50-60,Hyderabad,Male,M,2988,"Customer ID: 2988, Gender: Male, postal_code: Hyderabad, Age Range: 50-60, Size: M"
20-25,Chennai,Female,M,2989,"Customer ID: 2989, Gender: Female, postal_code: Chennai, Age Range: 20-25, Size: M"
25-30,Mumbai,Male,S,2990,"Customer ID: 2990, Gender: Male, postal_code: Mumbai, Age Range: 25-30, Size: S"
40-50,Hyderabad,Male,XL,2993,"Customer ID: 2993, Gender: Male, postal_code: Hyderabad, Age Range: 40-50, Size: XL"
20-25,Chennai,Female,XS,2995,"Customer ID: 2995, Gender: Female, postal_code: Chennai, Age Range: 20-25, Size: XS"
35-40,Surat,Female,XS,2996,"Customer ID: 2996, Gender: Female, postal_code: Surat, Age Range: 35-40, Size: XS"
25-30,Bengaluru,Male,XS,2998,"Customer ID: 2998, Gender: Male, postal_code: Bengaluru, Age Range: 25-30, Size: XS"
20-25,Chennai,Female,XL,2999,"Customer ID: 2999, Gender: Female, postal_code: Chennai, Age Range: 20-25, Size: XL"
20-25,Hyderabad,Female,L,3001,"Customer ID: 3001, Gender: Female, postal_code: Hyderabad, Age Range: 20-25, Size: L"
40-50,Chennai,Female,S,3002,"Customer ID: 3002, Gender: Female, postal_code: Chennai, Age Range: 40-50, Size: S"
50-60,Hyderabad,Female,XS,3003,"Customer ID: 3003, Gender: Female, postal_code: Hyderabad, Age Range: 50-60, Size: XS"
30-35,Bhopal,Female,L,3004,"Customer ID: 3004, Gender: Female, postal_code: Bhopal, Age Range: 30-35, Size: L"
20-25,Chennai,Female,L,3006,"Customer ID: 3006, Gender: Female, postal_code: Chennai, Age Range: 20-25, Size: L"
25-30,Bengaluru,Male,XS,3007,"Customer ID: 3007, Gender: Male, postal_code: Bengaluru, Age Range: 25-30, Size: XS"
30-35,Ahmedabad,Male,XL,3008,"Customer ID: 3008, Gender: Male, postal_code: Ahmedabad, Age Range: 30-35, Size: XL"
40-50,Mumbai,Female,M,3009,"Customer ID: 3009, Gender: Female, postal_code: Mumbai, Age Range: 40-50, Size: M"
40-50,Chennai,Male,L,3010,"Customer ID: 3010, Gender: Male, postal_code: Chennai, Age Range: 40-50, Size: L"
20-25,Mumbai,Female,XS,3011,"Customer ID: 3011, Gender: Female, postal_code: Mumbai, Age Range: 20-25, Size: XS"
50-60,Hyderabad,Female,XS,3012,"Customer ID: 3012, Gender: Female, postal_code: Hyderabad, Age Range: 50-60, Size: XS"
25-30,Coimbatore,Female,XL,3013,"Customer ID: 3013, Gender: Female, postal_code: Coimbatore, Age Range: 25-30, Size: XL"
25-30,Chennai,Female,M,3014,"Customer ID: 3014, Gender: Female, postal_code: Chennai, Age Range: 25-30, Size: M"
35-40,Chennai,Male,L,3016,"Customer ID: 3016, Gender: Male, postal_code: Chennai, Age Range: 35-40, Size: L"
40-50,Bengaluru,Female,XL,3017,"Customer ID: 3017, Gender: Female, postal_code: Bengaluru, Age Range: 40-50, Size: XL"
60-70,Pune,Female,XL,3019,"Customer ID: 3019, Gender: Female, postal_code: Pune, Age Range: 60-70, Size: XL"
40-50,Delhi,Female,XS,3022,"Customer ID: 3022, Gender: Female, postal_code: Delhi, Age Range: 40-50, Size: XS"
20-25,Chennai,Female,L,3023,"Customer ID: 3023, Gender: Female, postal_code: Chennai, Age Range: 20-25, Size: L"
30-35,Visakhapatnam,Male,XS,3024,"Customer ID: 3024, Gender: Male, postal_code: Visakhapatnam, Age Range: 30-35, Size: XS"
40-50,Mumbai,Female,M,3025,"Customer ID: 3025, Gender: Female, postal_code: Mumbai, Age Range: 40-50, Size: M"
40-50,Kolkata,Female,M,3027,"Customer ID: 3027, Gender: Female, postal_code: Kolkata, Age Range: 40-50, Size: M"
20-25,Coimbatore,Female,S,3029,"Customer ID: 3029, Gender: Female, postal_code: Coimbatore, Age Range: 20-25, Size: S"
30-35,Vadodara,Male,M,3030,"Customer ID: 3030, Gender: Male, postal_code: Vadodara, Age Range: 30-35, Size: M"
20-25,Mumbai,Male,M,3032,"Customer ID: 3032, Gender: Male, postal_code: Mumbai, Age Range: 20-25, Size: M"
25-30,Delhi,Female,XL,3035,"Customer ID: 3035, Gender: Female, postal_code: Delhi, Age Range: 25-30, Size: XL"
25-30,Hyderabad,Female,XL,3036,"Customer ID: 3036, Gender: Female, postal_code: Hyderabad, Age Range: 25-30, Size: XL"
15-20,Hyderabad,Male,L,3037,"Customer ID: 3037, Gender: Male, postal_code: Hyderabad, Age Range: 15-20, Size: L"
25-30,Patna,Male,M,3038,"Customer ID: 3038, Gender: Male, postal_code: Patna, Age Range: 25-30, Size: M"
50-60,Mumbai,Male,S,3043,"Customer ID: 3043, Gender: Male, postal_code: Mumbai, Age Range: 50-60, Size: S"
25-30,Delhi,Female,S,3044,"Customer ID: 3044, Gender: Female, postal_code: Delhi, Age Range: 25-30, Size: S"
25-30,Hyderabad,Male,M,3045,"Customer ID: 3045, Gender: Male, postal_code: Hyderabad, Age Range: 25-30, Size: M"
40-50,Hyderabad,Male,L,3048,"Customer ID: 3048, Gender: Male, postal_code: Hyderabad, Age Range: 40-50, Size: L"
50-60,Chennai,Female,S,3050,"Customer ID: 3050, Gender: Female, postal_code: Chennai, Age Range: 50-60, Size: S"
20-25,Bengaluru,Male,XL,3051,"Customer ID: 3051, Gender: Male, postal_code: Bengaluru, Age Range: 20-25, Size: XL"
30-35,Chennai,Female,S,3053,"Customer ID: 3053, Gender: Female, postal_code: Chennai, Age Range: 30-35, Size: S"
25-30,Chennai,Female,L,3054,"Customer ID: 3054, Gender: Female, postal_code: Chennai, Age Range: 25-30, Size: L"
35-40,Guwahati,Male,XL,3057,"Customer ID: 3057, Gender: Male, postal_code: Guwahati, Age Range: 35-40, Size: XL"
50-60,Surat,Female,XL,3059,"Customer ID: 3059, Gender: Female, postal_code: Surat, Age Range: 50-60, Size: XL"
30-35,Hyderabad,Female,S,3062,"Customer ID: 3062, Gender: Female, postal_code: Hyderabad, Age Range: 30-35, Size: S"
50-60,Lucknow,Female,XS,3063,"Customer ID: 3063, Gender: Female, postal_code: Lucknow, Age Range: 50-60, Size: XS"
50-60,Lucknow,Female,M,3066,"Customer ID: 3066, Gender: Female, postal_code: Lucknow, Age Range: 50-60, Size: M"
70-80,Bengaluru,Female,XL,3068,"Customer ID: 3068, Gender: Female, postal_code: Bengaluru, Age Range: 70-80, Size: XL"
40-50,Mumbai,Male,S,3071,"Customer ID: 3071, Gender: Male, postal_code: Mumbai, Age Range: 40-50, Size: S"
40-50,Hyderabad,Female,M,3074,"Customer ID: 3074, Gender: Female, postal_code: Hyderabad, Age Range: 40-50, Size: M"
30-35,Jaipur,Female,XL,3076,"Customer ID: 3076, Gender: Female, postal_code: Jaipur, Age Range: 30-35, Size: XL"
30-35,Hyderabad,Male,XL,3079,"Customer ID: 3079, Gender: Male, postal_code: Hyderabad, Age Range: 30-35, Size: XL"
25-30,Mumbai,Female,M,3082,"Customer ID: 3082, Gender: Female, postal_code: Mumbai, Age Range: 25-30, Size: M"
40-50,Delhi,Female,S,3083,"Customer ID: 3083, Gender: Female, postal_code: Delhi, Age Range: 40-50, Size: S"
30-35,Hyderabad,Male,XL,3086,"Customer ID: 3086, Gender: Male, postal_code: Hyderabad, Age Range: 30-35, Size: XL"
50-60,Hyderabad,Male,XL,3087,"Customer ID: 3087, Gender: Male, postal_code: Hyderabad, Age Range: 50-60, Size: XL"
40-50,Chennai,Female,XL,3088,"Customer ID: 3088, Gender: Female, postal_code: Chennai, Age Range: 40-50, Size: XL"
30-35,Kolkata,Male,XL,3089,"Customer ID: 3089, Gender: Male, postal_code: Kolkata, Age Range: 30-35, Size: XL"
25-30,Visakhapatnam,Male,M,3090,"Customer ID: 3090, Gender: Male, postal_code: Visakhapatnam, Age Range: 25-30, Size: M"
25-30,Nagpur,Female,XL,3094,"Customer ID: 3094, Gender: Female, postal_code: Nagpur, Age Range: 25-30, Size: XL"
25-30,Guwahati,Male,S,3096,"Customer ID: 3096, Gender: Male, postal_code: Guwahati, Age Range: 25-30, Size: S"
40-50,Surat,Female,S,3097,"Customer ID: 3097, Gender: Female, postal_code: Surat, Age Range: 40-50, Size: S"
30-35,Bengaluru,Female,L,3098,"Customer ID: 3098, Gender: Female, postal_code: Bengaluru, Age Range: 30-35, Size: L"
50-60,Delhi,Male,L,3099,"Customer ID: 3099, Gender: Male, postal_code: Delhi, Age Range: 50-60, Size: L"
15-20,Delhi,Female,S,3102,"Customer ID: 3102, Gender: Female, postal_code: Delhi, Age Range: 15-20, Size: S"
25-30,Bengaluru,Female,L,3103,"Customer ID: 3103, Gender: Female, postal_code: Bengaluru, Age Range: 25-30, Size: L"
30-35,Bhopal,Female,S,3104,"Customer ID: 3104, Gender: Female, postal_code: Bhopal, Age Range: 30-35, Size: S"
15-20,Indore,Female,L,3105,"Customer ID: 3105, Gender: Female, postal_code: Indore, Age Range: 15-20, Size: L"
25-30,Chennai,Female,L,3106,"Customer ID: 3106, Gender: Female, postal_code: Chennai, Age Range: 25-30, Size: L"
50-60,Hyderabad,Female,XS,3107,"Customer ID: 3107, Gender: Female, postal_code: Hyderabad, Age Range: 50-60, Size: XS"
30-35,Vadodara,Male,S,3108,"Customer ID: 3108, Gender: Male, postal_code: Vadodara, Age Range: 30-35, Size: S"
60-70,Hyderabad,Female,L,3109,"Customer ID: 3109, Gender: Female, postal_code: Hyderabad, Age Range: 60-70, Size: L"
50-60,Ahmedabad,Male,XS,3111,"Customer ID: 3111, Gender: Male, postal_code: Ahmedabad, Age Range: 50-60, Size: XS"
60-70,Surat,Female,XS,3112,"Customer ID: 3112, Gender: Female, postal_code: Surat, Age Range: 60-70, Size: XS"
30-35,Pune,Female,S,3115,"Customer ID: 3115, Gender: Female, postal_code: Pune, Age Range: 30-35, Size: S"
35-40,Mumbai,Female,M,3120,"Customer ID: 3120, Gender: Female, postal_code: Mumbai, Age Range: 35-40, Size: M"
35-40,Mumbai,Female,M,3121,"Customer ID: 3121, Gender: Female, postal_code: Mumbai, Age Range: 35-40, Size: M"
30-35,Mumbai,Male,XL,3122,"Customer ID: 3122, Gender: Male, postal_code: Mumbai, Age Range: 30-35, Size: XL"
30-35,Chennai,Female,L,3123,"Customer ID: 3123, Gender: Female, postal_code: Chennai, Age Range: 30-35, Size: L"
25-30,Hyderabad,Female,XS,3124,"Customer ID: 3124, Gender: Female, postal_code: Hyderabad, Age Range: 25-30, Size: XS"
20-25,Bengaluru,Female,XS,3125,"Customer ID: 3125, Gender: Female, postal_code: Bengaluru, Age Range: 20-25, Size: XS"
25-30,Surat,Female,S,3128,"Customer ID: 3128, Gender: Female, postal_code: Surat, Age Range: 25-30, Size: S"
20-25,Indore,Female,S,3130,"Customer ID: 3130, Gender: Female, postal_code: Indore, Age Range: 20-25, Size: S"
50-60,Coimbatore,Female,XS,3131,"Customer ID: 3131, Gender: Female, postal_code: Coimbatore, Age Range: 50-60, Size: XS"
40-50,Chennai,Male,S,3132,"Customer ID: 3132, Gender: Male, postal_code: Chennai, Age Range: 40-50, Size: S"
20-25,Bengaluru,Female,XL,3134,"Customer ID: 3134, Gender: Female, postal_code: Bengaluru, Age Range: 20-25, Size: XL"
60-70,Bengaluru,Female,XS,3136,"Customer ID: 3136, Gender: Female, postal_code: Bengaluru, Age Range: 60-70, Size: XS"
50-60,Chennai,Female,M,3138,"Customer ID: 3138, Gender: Female, postal_code: Chennai, Age Range: 50-60, Size: M"
20-25,Coimbatore,Female,XS,3139,"Customer ID: 3139, Gender: Female, postal_code: Coimbatore, Age Range: 20-25, Size: XS"
35-40,Guwahati,Female,S,3144,"Customer ID: 3144, Gender: Female, postal_code: Guwahati, Age Range: 35-40, Size: S"
25-30,Surat,Male,XS,3147,"Customer ID: 3147, Gender: Male, postal_code: Surat, Age Range: 25-30, Size: XS"
20-25,Nagpur,Female,XS,3148,"Customer ID: 3148, Gender: Female, postal_code: Nagpur, Age Range: 20-25, Size: XS"
30-35,Bengaluru,Female,XS,3149,"Customer ID: 3149, Gender: Female, postal_code: Bengaluru, Age Range: 30-35, Size: XS"
25-30,Coimbatore,Female,XS,3150,"Customer ID: 3150, Gender: Female, postal_code: Coimbatore, Age Range: 25-30, Size: XS"
40-50,Delhi,Male,M,3151,"Customer ID: 3151, Gender: Male, postal_code: Delhi, Age Range: 40-50, Size: M"
40-50,Bhopal,Male,XS,3152,"Customer ID: 3152, Gender: Male, postal_code: Bhopal, Age Range: 40-50, Size: XS"
25-30,Pune,Male,M,3154,"Customer ID: 3154, Gender: Male, postal_code: Pune, Age Range: 25-30, Size: M"
40-50,Mumbai,Female,XL,3157,"Customer ID: 3157, Gender: Female, postal_code: Mumbai, Age Range: 40-50, Size: XL"
50-60,Ahmedabad,Female,M,3158,"Customer ID: 3158, Gender: Female, postal_code: Ahmedabad, Age Range: 50-60, Size: M"
20-25,Mumbai,Female,XS,3160,"Customer ID: 3160, Gender: Female, postal_code: Mumbai, Age Range: 20-25, Size: XS"
25-30,Indore,Male,XL,3164,"Customer ID: 3164, Gender: Male, postal_code: Indore, Age Range: 25-30, Size: XL"
40-50,Chennai,Male,L,3165,"Customer ID: 3165, Gender: Male, postal_code: Chennai, Age Range: 40-50, Size: L"
30-35,Chennai,Female,L,3166,"Customer ID: 3166, Gender: Female, postal_code: Chennai, Age Range: 30-35, Size: L"
50-60,Delhi,Male,L,3167,"Customer ID: 3167, Gender: Male, postal_code: Delhi, Age Range: 50-60, Size: L"
40-50,Chennai,Female,S,3169,"Customer ID: 3169, Gender: Female, postal_code: Chennai, Age Range: 40-50, Size: S"
20-25,Vadodara,Male,XS,3170,"Customer ID: 3170, Gender: Male, postal_code: Vadodara, Age Range: 20-25, Size: XS"
20-25,Nagpur,Male,XS,3171,"Customer ID: 3171, Gender: Male, postal_code: Nagpur, Age Range: 20-25, Size: XS"
20-25,Pune,Female,L,3173,"Customer ID: 3173, Gender: Female, postal_code: Pune, Age Range: 20-25, Size: L"
30-35,Delhi,Female,XS,3174,"Customer ID: 3174, Gender: Female, postal_code: Delhi, Age Range: 30-35, Size: XS"
50-60,Coimbatore,Female,S,3178,"Customer ID: 3178, Gender: Female, postal_code: Coimbatore, Age Range: 50-60, Size: S"
50-60,Pune,Male,S,3181,"Customer ID: 3181, Gender: Male, postal_code: Pune, Age Range: 50-60, Size: S"
25-30,Vadodara,Male,XS,3182,"Customer ID: 3182, Gender: Male, postal_code: Vadodara, Age Range: 25-30, Size: XS"
50-60,Mumbai,Female,L,3184,"Customer ID: 3184, Gender: Female, postal_code: Mumbai, Age Range: 50-60, Size: L"
40-50,Delhi,Male,XL,3185,"Customer ID: 3185, Gender: Male, postal_code: Delhi, Age Range: 40-50, Size: XL"
50-60,Delhi,Female,S,3187,"Customer ID: 3187, Gender: Female, postal_code: Delhi, Age Range: 50-60, Size: S"
35-40,Delhi,Male,S,3189,"Customer ID: 3189, Gender: Male, postal_code: Delhi, Age Range: 35-40, Size: S"
20-25,Surat,Male,M,3196,"Customer ID: 3196, Gender: Male, postal_code: Surat, Age Range: 20-25, Size: M"
50-60,Delhi,Female,S,3198,"Customer ID: 3198, Gender: Female, postal_code: Delhi, Age Range: 50-60, Size: S"
40-50,Hyderabad,Female,XS,3199,"Customer ID: 3199, Gender: Female, postal_code: Hyderabad, Age Range: 40-50, Size: XS"
20-25,Hyderabad,Female,L,3200,"Customer ID: 3200, Gender: Female, postal_code: Hyderabad, Age Range: 20-25, Size: L"
25-30,Hyderabad,Female,XL,3201,"Customer ID: 3201, Gender: Female, postal_code: Hyderabad, Age Range: 25-30, Size: XL"
50-60,Chennai,Female,S,3202,"Customer ID: 3202, Gender: Female, postal_code: Chennai, Age Range: 50-60, Size: S"
40-50,Chennai,Female,M,3204,"Customer ID: 3204, Gender: Female, postal_code: Chennai, Age Range: 40-50, Size: M"
25-30,Patna,Female,L,3206,"Customer ID: 3206, Gender: Female, postal_code: Patna, Age Range: 25-30, Size: L"
25-30,Patna,Male,S,3207,"Customer ID: 3207, Gender: Male, postal_code: Patna, Age Range: 25-30, Size: S"
20-25,Bengaluru,Female,M,3210,"Customer ID: 3210, Gender: Female, postal_code: Bengaluru, Age Range: 20-25, Size: M"
40-50,Mumbai,Female,S,3211,"Customer ID: 3211, Gender: Female, postal_code: Mumbai, Age Range: 40-50, Size: S"
50-60,Indore,Female,XS,3212,"Customer ID: 3212, Gender: Female, postal_code: Indore, Age Range: 50-60, Size: XS"
20-25,Chennai,Female,M,3213,"Customer ID: 3213, Gender: Female, postal_code: Chennai, Age Range: 20-25, Size: M"
20-25,Coimbatore,Female,XS,3214,"Customer ID: 3214, Gender: Female, postal_code: Coimbatore, Age Range: 20-25, Size: XS"
20-25,Hyderabad,Female,M,3215,"Customer ID: 3215, Gender: Female, postal_code: Hyderabad, Age Range: 20-25, Size: M"
25-30,Hyderabad,Male,M,3217,"Customer ID: 3217, Gender: Male, postal_code: Hyderabad, Age Range: 25-30, Size: M"
35-40,Delhi,Male,S,3220,"Customer ID: 3220, Gender: Male, postal_code: Delhi, Age Range: 35-40, Size: S"
25-30,Chennai,Male,L,3221,"Customer ID: 3221, Gender: Male, postal_code: Chennai, Age Range: 25-30, Size: L"
25-30,Chennai,Female,S,3222,"Customer ID: 3222, Gender: Female, postal_code: Chennai, Age Range: 25-30, Size: S"
25-30,Bhopal,Female,L,3225,"Customer ID: 3225, Gender: Female, postal_code: Bhopal, Age Range: 25-30, Size: L"
60-70,Bengaluru,Male,XL,3227,"Customer ID: 3227, Gender: Male, postal_code: Bengaluru, Age Range: 60-70, Size: XL"
50-60,Delhi,Female,M,3228,"Customer ID: 3228, Gender: Female, postal_code: Delhi, Age Range: 50-60, Size: M"
20-25,Kolkata,Female,L,3230,"Customer ID: 3230, Gender: Female, postal_code: Kolkata, Age Range: 20-25, Size: L"
50-60,Chennai,Female,L,3231,"Customer ID: 3231, Gender: Female, postal_code: Chennai, Age Range: 50-60, Size: L"
50-60,Patna,Female,XL,3232,"Customer ID: 3232, Gender: Female, postal_code: Patna, Age Range: 50-60, Size: XL"
50-60,Nagpur,Female,S,3234,"Customer ID: 3234, Gender: Female, postal_code: Nagpur, Age Range: 50-60, Size: S"
40-50,Delhi,Female,S,3235,"Customer ID: 3235, Gender: Female, postal_code: Delhi, Age Range: 40-50, Size: S"
30-35,Mumbai,Female,S,3236,"Customer ID: 3236, Gender: Female, postal_code: Mumbai, Age Range: 30-35, Size: S"
40-50,Chennai,Male,XS,3237,"Customer ID: 3237, Gender: Male, postal_code: Chennai, Age Range: 40-50, Size: XS"
25-30,Hyderabad,Female,L,3239,"Customer ID: 3239, Gender: Female, postal_code: Hyderabad, Age Range: 25-30, Size: L"
50-60,Nagpur,Male,L,3240,"Customer ID: 3240, Gender: Male, postal_code: Nagpur, Age Range: 50-60, Size: L"
50-60,Patna,Female,XS,3241,"Customer ID: 3241, Gender: Female, postal_code: Patna, Age Range: 50-60, Size: XS"
20-25,Vadodara,Female,S,3242,"Customer ID: 3242, Gender: Female, postal_code: Vadodara, Age Range: 20-25, Size: S"
40-50,Bengaluru,Female,XL,3243,"Customer ID: 3243, Gender: Female, postal_code: Bengaluru, Age Range: 40-50, Size: XL"
50-60,Mumbai,Male,S,3244,"Customer ID: 3244, Gender: Male, postal_code: Mumbai, Age Range: 50-60, Size: S"
25-30,Coimbatore,Male,XS,3247,"Customer ID: 3247, Gender: Male, postal_code: Coimbatore, Age Range: 25-30, Size: XS"
25-30,Mumbai,Male,XL,3249,"Customer ID: 3249, Gender: Male, postal_code: Mumbai, Age Range: 25-30, Size: XL"
50-60,Mumbai,Female,L,3250,"Customer ID: 3250, Gender: Female, postal_code: Mumbai, Age Range: 50-60, Size: L"
40-50,Mumbai,Female,S,3251,"Customer ID: 3251, Gender: Female, postal_code: Mumbai, Age Range: 40-50, Size: S"
40-50,Bengaluru,Male,L,3252,"Customer ID: 3252, Gender: Male, postal_code: Bengaluru, Age Range: 40-50, Size: L"
25-30,Chennai,Male,XS,3254,"Customer ID: 3254, Gender: Male, postal_code: Chennai, Age Range: 25-30, Size: XS"
60-70,Delhi,Male,XL,3259,"Customer ID: 3259, Gender: Male, postal_code: Delhi, Age Range: 60-70, Size: XL"
40-50,Chennai,Male,XL,3260,"Customer ID: 3260, Gender: Male, postal_code: Chennai, Age Range: 40-50, Size: XL"
40-50,Patna,Female,S,3265,"Customer ID: 3265, Gender: Female, postal_code: Patna, Age Range: 40-50, Size: S"
20-25,Delhi,Female,XL,3266,"Customer ID: 3266, Gender: Female, postal_code: Delhi, Age Range: 20-25, Size: XL"
20-25,Bengaluru,Female,M,3267,"Customer ID: 3267, Gender: Female, postal_code: Bengaluru, Age Range: 20-25, Size: M"
20-25,Hyderabad,Female,L,3269,"Customer ID: 3269, Gender: Female, postal_code: Hyderabad, Age Range: 20-25, Size: L"
20-25,Delhi,Female,S,3270,"Customer ID: 3270, Gender: Female, postal_code: Delhi, Age Range: 20-25, Size: S"
60-70,Bhopal,Male,L,3271,"Customer ID: 3271, Gender: Male, postal_code: Bhopal, Age Range: 60-70, Size: L"
40-50,Jaipur,Female,XS,3272,"Customer ID: 3272, Gender: Female, postal_code: Jaipur, Age Range: 40-50, Size: XS"
35-40,Hyderabad,Male,XL,3276,"Customer ID: 3276, Gender: Male, postal_code: Hyderabad, Age Range: 35-40, Size: XL"
60-70,Indore,Female,M,3278,"Customer ID: 3278, Gender: Female, postal_code: Indore, Age Range: 60-70, Size: M"
40-50,Delhi,Female,L,3279,"Customer ID: 3279, Gender: Female, postal_code: Delhi, Age Range: 40-50, Size: L"
50-60,Guwahati,Female,S,3280,"Customer ID: 3280, Gender: Female, postal_code: Guwahati, Age Range: 50-60, Size: S"
40-50,Bhopal,Female,XS,3281,"Customer ID: 3281, Gender: Female, postal_code: Bhopal, Age Range: 40-50, Size: XS"
25-30,Bengaluru,Female,M,3283,"Customer ID: 3283, Gender: Female, postal_code: Bengaluru, Age Range: 25-30, Size: M"
50-60,Delhi,Female,S,3284,"Customer ID: 3284, Gender: Female, postal_code: Delhi, Age Range: 50-60, Size: S"
20-25,Hyderabad,Male,XL,3285,"Customer ID: 3285, Gender: Male, postal_code: Hyderabad, Age Range: 20-25, Size: XL"
25-30,Ahmedabad,Female,XS,3286,"Customer ID: 3286, Gender: Female, postal_code: Ahmedabad, Age Range: 25-30, Size: XS"
25-30,Jaipur,Female,L,3287,"Customer ID: 3287, Gender: Female, postal_code: Jaipur, Age Range: 25-30, Size: L"
40-50,Bengaluru,Male,L,3289,"Customer ID: 3289, Gender: Male, postal_code: Bengaluru, Age Range: 40-50, Size: L"
20-25,Delhi,Female,L,3292,"Customer ID: 3292, Gender: Female, postal_code: Delhi, Age Range: 20-25, Size: L"
50-60,Delhi,Male,L,3293,"Customer ID: 3293, Gender: Male, postal_code: Delhi, Age Range: 50-60, Size: L"
25-30,Mumbai,Female,XS,3295,"Customer ID: 3295, Gender: Female, postal_code: Mumbai, Age Range: 25-30, Size: XS"
20-25,Bhopal,Male,XS,3296,"Customer ID: 3296, Gender: Male, postal_code: Bhopal, Age Range: 20-25, Size: XS"
25-30,Hyderabad,Female,L,3298,"Customer ID: 3298, Gender: Female, postal_code: Hyderabad, Age Range: 25-30, Size: L"
20-25,Bengaluru,Female,M,3300,"Customer ID: 3300, Gender: Female, postal_code: Bengaluru, Age Range: 20-25, Size: M"
40-50,Lucknow,Female,M,3301,"Customer ID: 3301, Gender: Female, postal_code: Lucknow, Age Range: 40-50, Size: M"
15-20,Mumbai,Female,XL,3304,"Customer ID: 3304, Gender: Female, postal_code: Mumbai, Age Range: 15-20, Size: XL"
25-30,Hyderabad,Female,L,3306,"Customer ID: 3306, Gender: Female, postal_code: Hyderabad, Age Range: 25-30, Size: L"
50-60,Bengaluru,Female,S,3307,"Customer ID: 3307, Gender: Female, postal_code: Bengaluru, Age Range: 50-60, Size: S"
15-20,Delhi,Female,S,3308,"Customer ID: 3308, Gender: Female, postal_code: Delhi, Age Range: 15-20, Size: S"
60-70,Jaipur,Male,S,3312,"Customer ID: 3312, Gender: Male, postal_code: Jaipur, Age Range: 60-70, Size: S"
40-50,Hyderabad,Male,XS,3314,"Customer ID: 3314, Gender: Male, postal_code: Hyderabad, Age Range: 40-50, Size: XS"
40-50,Chandigarh,Male,XS,3317,"Customer ID: 3317, Gender: Male, postal_code: Chandigarh, Age Range: 40-50, Size: XS"
25-30,Bengaluru,Female,XS,3319,"Customer ID: 3319, Gender: Female, postal_code: Bengaluru, Age Range: 25-30, Size: XS"
50-60,Chandigarh,Female,XL,3320,"Customer ID: 3320, Gender: Female, postal_code: Chandigarh, Age Range: 50-60, Size: XL"
50-60,Ahmedabad,Female,XL,3323,"Customer ID: 3323, Gender: Female, postal_code: Ahmedabad, Age Range: 50-60, Size: XL"
20-25,Jaipur,Female,S,3326,"Customer ID: 3326, Gender: Female, postal_code: Jaipur, Age Range: 20-25, Size: S"
25-30,Visakhapatnam,Male,S,3327,"Customer ID: 3327, Gender: Male, postal_code: Visakhapatnam, Age Range: 25-30, Size: S"
35-40,Patna,Female,S,3328,"Customer ID: 3328, Gender: Female, postal_code: Patna, Age Range: 35-40, Size: S"
40-50,Lucknow,Female,L,3331,"Customer ID: 3331, Gender: Female, postal_code: Lucknow, Age Range: 40-50, Size: L"
60-70,Lucknow,Female,S,3333,"Customer ID: 3333, Gender: Female, postal_code: Lucknow, Age Range: 60-70, Size: S"
50-60,Hyderabad,Female,XL,3334,"Customer ID: 3334, Gender: Female, postal_code: Hyderabad, Age Range: 50-60, Size: XL"
40-50,Chennai,Female,L,3336,"Customer ID: 3336, Gender: Female, postal_code: Chennai, Age Range: 40-50, Size: L"
20-25,Nagpur,Female,L,3338,"Customer ID: 3338, Gender: Female, postal_code: Nagpur, Age Range: 20-25, Size: L"
40-50,Delhi,Female,M,3339,"Customer ID: 3339, Gender: Female, postal_code: Delhi, Age Range: 40-50, Size: M"
40-50,Delhi,Male,XS,3341,"Customer ID: 3341, Gender: Male, postal_code: Delhi, Age Range: 40-50, Size: XS"
50-60,Mumbai,Female,L,3342,"Customer ID: 3342, Gender: Female, postal_code: Mumbai, Age Range: 50-60, Size: L"
40-50,Hyderabad,Male,M,3343,"Customer ID: 3343, Gender: Male, postal_code: Hyderabad, Age Range: 40-50, Size: M"
30-35,Hyderabad,Female,M,3345,"Customer ID: 3345, Gender: Female, postal_code: Hyderabad, Age Range: 30-35, Size: M"
30-35,Bengaluru,Male,XS,3346,"Customer ID: 3346, Gender: Male, postal_code: Bengaluru, Age Range: 30-35, Size: XS"
20-25,Delhi,Female,L,3347,"Customer ID: 3347, Gender: Female, postal_code: Delhi, Age Range: 20-25, Size: L"
15-20,Visakhapatnam,Male,XS,3351,"Customer ID: 3351, Gender: Male, postal_code: Visakhapatnam, Age Range: 15-20, Size: XS"
40-50,Bengaluru,Female,L,3352,"Customer ID: 3352, Gender: Female, postal_code: Bengaluru, Age Range: 40-50, Size: L"
50-60,Delhi,Male,M,3353,"Customer ID: 3353, Gender: Male, postal_code: Delhi, Age Range: 50-60, Size: M"
50-60,Hyderabad,Female,S,3355,"Customer ID: 3355, Gender: Female, postal_code: Hyderabad, Age Range: 50-60, Size: S"
20-25,Bengaluru,Male,L,3357,"Customer ID: 3357, Gender: Male, postal_code: Bengaluru, Age Range: 20-25, Size: L"
40-50,Patna,Female,XS,3359,"Customer ID: 3359, Gender: Female, postal_code: Patna, Age Range: 40-50, Size: XS"
25-30,Hyderabad,Female,S,3360,"Customer ID: 3360, Gender: Female, postal_code: Hyderabad, Age Range: 25-30, Size: S"
20-25,Chandigarh,Female,L,3362,"Customer ID: 3362, Gender: Female, postal_code: Chandigarh, Age Range: 20-25, Size: L"
50-60,Hyderabad,Female,XL,3363,"Customer ID: 3363, Gender: Female, postal_code: Hyderabad, Age Range: 50-60, Size: XL"
50-60,Chennai,Female,XS,3364,"Customer ID: 3364, Gender: Female, postal_code: Chennai, Age Range: 50-60, Size: XS"
25-30,Visakhapatnam,Male,L,3365,"Customer ID: 3365, Gender: Male, postal_code: Visakhapatnam, Age Range: 25-30, Size: L"
20-25,Surat,Male,S,3366,"Customer ID: 3366, Gender: Male, postal_code: Surat, Age Range: 20-25, Size: S"
25-30,Guwahati,Female,XS,3367,"Customer ID: 3367, Gender: Female, postal_code: Guwahati, Age Range: 25-30, Size: XS"
50-60,Bengaluru,Male,XL,3368,"Customer ID: 3368, Gender: Male, postal_code: Bengaluru, Age Range: 50-60, Size: XL"
20-25,Bengaluru,Female,L,3371,"Customer ID: 3371, Gender: Female, postal_code: Bengaluru, Age Range: 20-25, Size: L"
50-60,Hyderabad,Female,M,3372,"Customer ID: 3372, Gender: Female, postal_code: Hyderabad, Age Range: 50-60, Size: M"
30-35,Guwahati,Female,L,3375,"Customer ID: 3375, Gender: Female, postal_code: Guwahati, Age Range: 30-35, Size: L"
50-60,Surat,Female,XS,3377,"Customer ID: 3377, Gender: Female, postal_code: Surat, Age Range: 50-60, Size: XS"
60-70,Bhopal,Female,L,3378,"Customer ID: 3378, Gender: Female, postal_code: Bhopal, Age Range: 60-70, Size: L"
20-25,Surat,Female,XL,3379,"Customer ID: 3379, Gender: Female, postal_code: Surat, Age Range: 20-25, Size: XL"
30-35,Patna,Female,S,3380,"Customer ID: 3380, Gender: Female, postal_code: Patna, Age Range: 30-35, Size: S"
60-70,Chennai,Female,XL,3382,"Customer ID: 3382, Gender: Female, postal_code: Chennai, Age Range: 60-70, Size: XL"
60-70,Indore,Male,XL,3383,"Customer ID: 3383, Gender: Male, postal_code: Indore, Age Range: 60-70, Size: XL"
60-70,Chennai,Male,S,3385,"Customer ID: 3385, Gender: Male, postal_code: Chennai, Age Range: 60-70, Size: S"
25-30,Jaipur,Female,XS,3386,"Customer ID: 3386, Gender: Female, postal_code: Jaipur, Age Range: 25-30, Size: XS"
20-25,Delhi,Male,XS,3389,"Customer ID: 3389, Gender: Male, postal_code: Delhi, Age Range: 20-25, Size: XS"
20-25,Guwahati,Female,M,3391,"Customer ID: 3391, Gender: Female, postal_code: Guwahati, Age Range: 20-25, Size: M"
25-30,Delhi,Female,S,3393,"Customer ID: 3393, Gender: Female, postal_code: Delhi, Age Range: 25-30, Size: S"
50-60,Kolkata,Female,L,3395,"Customer ID: 3395, Gender: Female, postal_code: Kolkata, Age Range: 50-60, Size: L"
50-60,Guwahati,Female,XL,3396,"Customer ID: 3396, Gender: Female, postal_code: Guwahati, Age Range: 50-60, Size: XL"
50-60,Delhi,Female,XL,3397,"Customer ID: 3397, Gender: Female, postal_code: Delhi, Age Range: 50-60, Size: XL"
50-60,Mumbai,Male,XS,3399,"Customer ID: 3399, Gender: Male, postal_code: Mumbai, Age Range: 50-60, Size: XS"
25-30,Delhi,Female,S,3400,"Customer ID: 3400, Gender: Female, postal_code: Delhi, Age Range: 25-30, Size: S"
25-30,Delhi,Female,S,3404,"Customer ID: 3404, Gender: Female, postal_code: Delhi, Age Range: 25-30, Size: S"
20-25,Patna,Male,XL,3405,"Customer ID: 3405, Gender: Male, postal_code: Patna, Age Range: 20-25, Size: XL"
30-35,Vadodara,Female,XS,3406,"Customer ID: 3406, Gender: Female, postal_code: Vadodara, Age Range: 30-35, Size: XS"
25-30,Bengaluru,Male,M,3407,"Customer ID: 3407, Gender: Male, postal_code: Bengaluru, Age Range: 25-30, Size: M"
25-30,Jaipur,Female,XL,3408,"Customer ID: 3408, Gender: Female, postal_code: Jaipur, Age Range: 25-30, Size: XL"
25-30,Delhi,Male,M,3410,"Customer ID: 3410, Gender: Male, postal_code: Delhi, Age Range: 25-30, Size: M"
30-35,Chennai,Female,S,3411,"Customer ID: 3411, Gender: Female, postal_code: Chennai, Age Range: 30-35, Size: S"
20-25,Hyderabad,Male,S,3413,"Customer ID: 3413, Gender: Male, postal_code: Hyderabad, Age Range: 20-25, Size: S"
25-30,Surat,Male,M,3414,"Customer ID: 3414, Gender: Male, postal_code: Surat, Age Range: 25-30, Size: M"
50-60,Nagpur,Female,XL,3415,"Customer ID: 3415, Gender: Female, postal_code: Nagpur, Age Range: 50-60, Size: XL"
50-60,Bengaluru,Female,M,3420,"Customer ID: 3420, Gender: Female, postal_code: Bengaluru, Age Range: 50-60, Size: M"
20-25,Jaipur,Female,M,3421,"Customer ID: 3421, Gender: Female, postal_code: Jaipur, Age Range: 20-25, Size: M"
20-25,Delhi,Female,M,3422,"Customer ID: 3422, Gender: Female, postal_code: Delhi, Age Range: 20-25, Size: M"
50-60,Hyderabad,Male,M,3423,"Customer ID: 3423, Gender: Male, postal_code: Hyderabad, Age Range: 50-60, Size: M"
30-35,Pune,Female,L,3426,"Customer ID: 3426, Gender: Female, postal_code: Pune, Age Range: 30-35, Size: L"
20-25,Bengaluru,Female,S,3427,"Customer ID: 3427, Gender: Female, postal_code: Bengaluru, Age Range: 20-25, Size: S"
40-50,Bengaluru,Male,L,3429,"Customer ID: 3429, Gender: Male, postal_code: Bengaluru, Age Range: 40-50, Size: L"
35-40,Delhi,Female,S,3430,"Customer ID: 3430, Gender: Female, postal_code: Delhi, Age Range: 35-40, Size: S"
25-30,Coimbatore,Female,XL,3432,"Customer ID: 3432, Gender: Female, postal_code: Coimbatore, Age Range: 25-30, Size: XL"
40-50,Vadodara,Female,M,3433,"Customer ID: 3433, Gender: Female, postal_code: Vadodara, Age Range: 40-50, Size: M"
35-40,Mumbai,Male,M,3435,"Customer ID: 3435, Gender: Male, postal_code: Mumbai, Age Range: 35-40, Size: M"
25-30,Chennai,Female,XS,3436,"Customer ID: 3436, Gender: Female, postal_code: Chennai, Age Range: 25-30, Size: XS"
20-25,Jaipur,Female,XS,3437,"Customer ID: 3437, Gender: Female, postal_code: Jaipur, Age Range: 20-25, Size: XS"
40-50,Coimbatore,Female,XS,3441,"Customer ID: 3441, Gender: Female, postal_code: Coimbatore, Age Range: 40-50, Size: XS"
25-30,Bengaluru,Female,S,3444,"Customer ID: 3444, Gender: Female, postal_code: Bengaluru, Age Range: 25-30, Size: S"
40-50,Chennai,Female,XS,3446,"Customer ID: 3446, Gender: Female, postal_code: Chennai, Age Range: 40-50, Size: XS"
40-50,Lucknow,Female,S,3448,"Customer ID: 3448, Gender: Female, postal_code: Lucknow, Age Range: 40-50, Size: S"
40-50,Delhi,Male,L,3449,"Customer ID: 3449, Gender: Male, postal_code: Delhi, Age Range: 40-50, Size: L"
50-60,Ahmedabad,Male,S,3450,"Customer ID: 3450, Gender: Male, postal_code: Ahmedabad, Age Range: 50-60, Size: S"
50-60,Bengaluru,Male,S,3452,"Customer ID: 3452, Gender: Male, postal_code: Bengaluru, Age Range: 50-60, Size: S"
60-70,Mumbai,Male,S,3453,"Customer ID: 3453, Gender: Male, postal_code: Mumbai, Age Range: 60-70, Size: S"
40-50,Coimbatore,Male,S,3454,"Customer ID: 3454, Gender: Male, postal_code: Coimbatore, Age Range: 40-50, Size: S"
20-25,Mumbai,Female,L,3456,"Customer ID: 3456, Gender: Female, postal_code: Mumbai, Age Range: 20-25, Size: L"
25-30,Chennai,Female,S,3459,"Customer ID: 3459, Gender: Female, postal_code: Chennai, Age Range: 25-30, Size: S"
30-35,Delhi,Female,S,3464,"Customer ID: 3464, Gender: Female, postal_code: Delhi, Age Range: 30-35, Size: S"
50-60,Delhi,Female,S,3465,"Customer ID: 3465, Gender: Female, postal_code: Delhi, Age Range: 50-60, Size: S"
30-35,Ahmedabad,Female,XL,3466,"Customer ID: 3466, Gender: Female, postal_code: Ahmedabad, Age Range: 30-35, Size: XL"
50-60,Patna,Female,S,3469,"Customer ID: 3469, Gender: Female, postal_code: Patna, Age Range: 50-60, Size: S"
50-60,Mumbai,Female,L,3471,"Customer ID: 3471, Gender: Female, postal_code: Mumbai, Age Range: 50-60, Size: L"
20-25,Chennai,Female,XL,3472,"Customer ID: 3472, Gender: Female, postal_code: Chennai, Age Range: 20-25, Size: XL"
25-30,Delhi,Female,XS,3474,"Customer ID: 3474, Gender: Female, postal_code: Delhi, Age Range: 25-30, Size: XS"
25-30,Mumbai,Male,L,3476,"Customer ID: 3476, Gender: Male, postal_code: Mumbai, Age Range: 25-30, Size: L"
40-50,Guwahati,Female,M,3479,"Customer ID: 3479, Gender: Female, postal_code: Guwahati, Age Range: 40-50, Size: M"
50-60,Hyderabad,Female,M,3480,"Customer ID: 3480, Gender: Female, postal_code: Hyderabad, Age Range: 50-60, Size: M"
50-60,Delhi,Female,M,3481,"Customer ID: 3481, Gender: Female, postal_code: Delhi, Age Range: 50-60, Size: M"
25-30,Mumbai,Female,M,3483,"Customer ID: 3483, Gender: Female, postal_code: Mumbai, Age Range: 25-30, Size: M"
20-25,Chennai,Female,XS,3484,"Customer ID: 3484, Gender: Female, postal_code: Chennai, Age Range: 20-25, Size: XS"
30-35,Coimbatore,Male,XS,3485,"Customer ID: 3485, Gender: Male, postal_code: Coimbatore, Age Range: 30-35, Size: XS"
20-25,Mumbai,Female,S,3488,"Customer ID: 3488, Gender: Female, postal_code: Mumbai, Age Range: 20-25, Size: S"
40-50,Chandigarh,Female,S,3490,"Customer ID: 3490, Gender: Female, postal_code: Chandigarh, Age Range: 40-50, Size: S"
40-50,Delhi,Male,S,3492,"Customer ID: 3492, Gender: Male, postal_code: Delhi, Age Range: 40-50, Size: S"
25-30,Indore,Male,S,3493,"Customer ID: 3493, Gender: Male, postal_code: Indore, Age Range: 25-30, Size: S"
50-60,Bengaluru,Female,S,3494,"Customer ID: 3494, Gender: Female, postal_code: Bengaluru, Age Range: 50-60, Size: S"
50-60,Chennai,Female,XL,3495,"Customer ID: 3495, Gender: Female, postal_code: Chennai, Age Range: 50-60, Size: XL"
40-50,Kolkata,Female,XL,3497,"Customer ID: 3497, Gender: Female, postal_code: Kolkata, Age Range: 40-50, Size: XL"
25-30,Lucknow,Male,XS,3498,"Customer ID: 3498, Gender: Male, postal_code: Lucknow, Age Range: 25-30, Size: XS"
30-35,Vadodara,Male,L,3499,"Customer ID: 3499, Gender: Male, postal_code: Vadodara, Age Range: 30-35, Size: L"
30-35,Vadodara,Female,M,3500,"Customer ID: 3500, Gender: Female, postal_code: Vadodara, Age Range: 30-35, Size: M"
25-30,Chennai,Female,M,3501,"Customer ID: 3501, Gender: Female, postal_code: Chennai, Age Range: 25-30, Size: M"
20-25,Hyderabad,Female,S,3503,"Customer ID: 3503, Gender: Female, postal_code: Hyderabad, Age Range: 20-25, Size: S"
30-35,Hyderabad,Female,XL,3504,"Customer ID: 3504, Gender: Female, postal_code: Hyderabad, Age Range: 30-35, Size: XL"
40-50,Hyderabad,Female,M,3506,"Customer ID: 3506, Gender: Female, postal_code: Hyderabad, Age Range: 40-50, Size: M"
35-40,Hyderabad,Female,L,3507,"Customer ID: 3507, Gender: Female, postal_code: Hyderabad, Age Range: 35-40, Size: L"
60-70,Delhi,Female,XS,3509,"Customer ID: 3509, Gender: Female, postal_code: Delhi, Age Range: 60-70, Size: XS"
50-60,Bengaluru,Female,XL,3511,"Customer ID: 3511, Gender: Female, postal_code: Bengaluru, Age Range: 50-60, Size: XL"
20-25,Chennai,Male,S,3512,"Customer ID: 3512, Gender: Male, postal_code: Chennai, Age Range: 20-25, Size: S"
25-30,Bengaluru,Male,M,3514,"Customer ID: 3514, Gender: Male, postal_code: Bengaluru, Age Range: 25-30, Size: M"
20-25,Vadodara,Male,XS,3516,"Customer ID: 3516, Gender: Male, postal_code: Vadodara, Age Range: 20-25, Size: XS"
40-50,Bengaluru,Male,XS,3517,"Customer ID: 3517, Gender: Male, postal_code: Bengaluru, Age Range: 40-50, Size: XS"
40-50,Delhi,Male,M,3518,"Customer ID: 3518, Gender: Male, postal_code: Delhi, Age Range: 40-50, Size: M"
50-60,Mumbai,Male,S,3520,"Customer ID: 3520, Gender: Male, postal_code: Mumbai, Age Range: 50-60, Size: S"
50-60,Chennai,Female,XS,3521,"Customer ID: 3521, Gender: Female, postal_code: Chennai, Age Range: 50-60, Size: XS"
30-35,Hyderabad,Female,XS,3523,"Customer ID: 3523, Gender: Female, postal_code: Hyderabad, Age Range: 30-35, Size: XS"
40-50,Jaipur,Female,L,3525,"Customer ID: 3525, Gender: Female, postal_code: Jaipur, Age Range: 40-50, Size: L"
20-25,Lucknow,Male,L,3526,"Customer ID: 3526, Gender: Male, postal_code: Lucknow, Age Range: 20-25, Size: L"
50-60,Chennai,Female,XS,3529,"Customer ID: 3529, Gender: Female, postal_code: Chennai, Age Range: 50-60, Size: XS"
,Chennai,Female,S,3531,"Customer ID: 3531, Gender: Female, postal_code: Chennai, Age Range: nan, Size: S"
20-25,Bengaluru,Female,M,3533,"Customer ID: 3533, Gender: Female, postal_code: Bengaluru, Age Range: 20-25, Size: M"
20-25,Nagpur,Female,L,3535,"Customer ID: 3535, Gender: Female, postal_code: Nagpur, Age Range: 20-25, Size: L"
25-30,Bhopal,Female,XS,3536,"Customer ID: 3536, Gender: Female, postal_code: Bhopal, Age Range: 25-30, Size: XS"
20-25,Chandigarh,Female,M,3537,"Customer ID: 3537, Gender: Female, postal_code: Chandigarh, Age Range: 20-25, Size: M"
25-30,Patna,Female,XL,3539,"Customer ID: 3539, Gender: Female, postal_code: Patna, Age Range: 25-30, Size: XL"
50-60,Kolkata,Male,XS,3541,"Customer ID: 3541, Gender: Male, postal_code: Kolkata, Age Range: 50-60, Size: XS"
50-60,Coimbatore,Female,L,3542,"Customer ID: 3542, Gender: Female, postal_code: Coimbatore, Age Range: 50-60, Size: L"
50-60,Mumbai,Female,M,3544,"Customer ID: 3544, Gender: Female, postal_code: Mumbai, Age Range: 50-60, Size: M"
25-30,Mumbai,Male,M,3545,"Customer ID: 3545, Gender: Male, postal_code: Mumbai, Age Range: 25-30, Size: M"
25-30,Chennai,Female,M,3547,"Customer ID: 3547, Gender: Female, postal_code: Chennai, Age Range: 25-30, Size: M"
25-30,Delhi,Female,XL,3548,"Customer ID: 3548, Gender: Female, postal_code: Delhi, Age Range: 25-30, Size: XL"
50-60,Mumbai,Male,XL,3549,"Customer ID: 3549, Gender: Male, postal_code: Mumbai, Age Range: 50-60, Size: XL"
60-70,Hyderabad,Male,M,3550,"Customer ID: 3550, Gender: Male, postal_code: Hyderabad, Age Range: 60-70, Size: M"
35-40,Delhi,Male,L,3554,"Customer ID: 3554, Gender: Male, postal_code: Delhi, Age Range: 35-40, Size: L"
30-35,Nagpur,Male,S,3555,"Customer ID: 3555, Gender: Male, postal_code: Nagpur, Age Range: 30-35, Size: S"
50-60,Bengaluru,Female,XS,3556,"Customer ID: 3556, Gender: Female, postal_code: Bengaluru, Age Range: 50-60, Size: XS"
50-60,Hyderabad,Female,L,3558,"Customer ID: 3558, Gender: Female, postal_code: Hyderabad, Age Range: 50-60, Size: L"
40-50,Delhi,Female,XS,3561,"Customer ID: 3561, Gender: Female, postal_code: Delhi, Age Range: 40-50, Size: XS"
20-25,Jaipur,Female,XL,3564,"Customer ID: 3564, Gender: Female, postal_code: Jaipur, Age Range: 20-25, Size: XL"
40-50,Visakhapatnam,Female,L,3565,"Customer ID: 3565, Gender: Female, postal_code: Visakhapatnam, Age Range: 40-50, Size: L"
25-30,Coimbatore,Female,L,3572,"Customer ID: 3572, Gender: Female, postal_code: Coimbatore, Age Range: 25-30, Size: L"
20-25,Mumbai,Female,S,3573,"Customer ID: 3573, Gender: Female, postal_code: Mumbai, Age Range: 20-25, Size: S"
35-40,Nagpur,Female,XS,3574,"Customer ID: 3574, Gender: Female, postal_code: Nagpur, Age Range: 35-40, Size: XS"
25-30,Chennai,Female,M,3578,"Customer ID: 3578, Gender: Female, postal_code: Chennai, Age Range: 25-30, Size: M"
25-30,Delhi,Male,M,3579,"Customer ID: 3579, Gender: Male, postal_code: Delhi, Age Range: 25-30, Size: M"
20-25,Delhi,Female,L,3580,"Customer ID: 3580, Gender: Female, postal_code: Delhi, Age Range: 20-25, Size: L"
50-60,Mumbai,Male,XL,3581,"Customer ID: 3581, Gender: Male, postal_code: Mumbai, Age Range: 50-60, Size: XL"
25-30,Chennai,Male,L,3582,"Customer ID: 3582, Gender: Male, postal_code: Chennai, Age Range: 25-30, Size: L"
25-30,Bhopal,Male,M,3583,"Customer ID: 3583, Gender: Male, postal_code: Bhopal, Age Range: 25-30, Size: M"
50-60,Chennai,Male,XS,3587,"Customer ID: 3587, Gender: Male, postal_code: Chennai, Age Range: 50-60, Size: XS"
20-25,Patna,Female,L,3588,"Customer ID: 3588, Gender: Female, postal_code: Patna, Age Range: 20-25, Size: L"
15-20,Mumbai,Female,XS,3589,"Customer ID: 3589, Gender: Female, postal_code: Mumbai, Age Range: 15-20, Size: XS"
20-25,Jaipur,Female,XS,3590,"Customer ID: 3590, Gender: Female, postal_code: Jaipur, Age Range: 20-25, Size: XS"
25-30,Jaipur,Male,S,3591,"Customer ID: 3591, Gender: Male, postal_code: Jaipur, Age Range: 25-30, Size: S"
25-30,Bengaluru,Female,L,3593,"Customer ID: 3593, Gender: Female, postal_code: Bengaluru, Age Range: 25-30, Size: L"
20-25,Hyderabad,Female,L,3594,"Customer ID: 3594, Gender: Female, postal_code: Hyderabad, Age Range: 20-25, Size: L"
40-50,Coimbatore,Female,S,3595,"Customer ID: 3595, Gender: Female, postal_code: Coimbatore, Age Range: 40-50, Size: S"
40-50,Bhopal,Female,XS,3596,"Customer ID: 3596, Gender: Female, postal_code: Bhopal, Age Range: 40-50, Size: XS"
30-35,Chennai,Female,M,3597,"Customer ID: 3597, Gender: Female, postal_code: Chennai, Age Range: 30-35, Size: M"
20-25,Bhopal,Male,XL,3602,"Customer ID: 3602, Gender: Male, postal_code: Bhopal, Age Range: 20-25, Size: XL"
20-25,Coimbatore,Female,L,3603,"Customer ID: 3603, Gender: Female, postal_code: Coimbatore, Age Range: 20-25, Size: L"
50-60,Chennai,Female,XS,3604,"Customer ID: 3604, Gender: Female, postal_code: Chennai, Age Range: 50-60, Size: XS"
60-70,Vadodara,Male,XL,3605,"Customer ID: 3605, Gender: Male, postal_code: Vadodara, Age Range: 60-70, Size: XL"
40-50,Hyderabad,Female,M,3607,"Customer ID: 3607, Gender: Female, postal_code: Hyderabad, Age Range: 40-50, Size: M"
25-30,Delhi,Female,XS,3608,"Customer ID: 3608, Gender: Female, postal_code: Delhi, Age Range: 25-30, Size: XS"
30-35,Bhopal,Female,XS,3611,"Customer ID: 3611, Gender: Female, postal_code: Bhopal, Age Range: 30-35, Size: XS"
40-50,Mumbai,Male,S,3612,"Customer ID: 3612, Gender: Male, postal_code: Mumbai, Age Range: 40-50, Size: S"
25-30,Chennai,Female,XL,3613,"Customer ID: 3613, Gender: Female, postal_code: Chennai, Age Range: 25-30, Size: XL"
50-60,Kolkata,Female,L,3614,"Customer ID: 3614, Gender: Female, postal_code: Kolkata, Age Range: 50-60, Size: L"
60-70,Hyderabad,Male,M,3617,"Customer ID: 3617, Gender: Male, postal_code: Hyderabad, Age Range: 60-70, Size: M"
20-25,Nagpur,Male,XL,3620,"Customer ID: 3620, Gender: Male, postal_code: Nagpur, Age Range: 20-25, Size: XL"
20-25,Hyderabad,Female,XS,3621,"Customer ID: 3621, Gender: Female, postal_code: Hyderabad, Age Range: 20-25, Size: XS"
30-35,Coimbatore,Female,XS,3622,"Customer ID: 3622, Gender: Female, postal_code: Coimbatore, Age Range: 30-35, Size: XS"
20-25,Chennai,Male,S,3624,"Customer ID: 3624, Gender: Male, postal_code: Chennai, Age Range: 20-25, Size: S"
25-30,Nagpur,Female,S,3625,"Customer ID: 3625, Gender: Female, postal_code: Nagpur, Age Range: 25-30, Size: S"
30-35,Visakhapatnam,Female,S,3626,"Customer ID: 3626, Gender: Female, postal_code: Visakhapatnam, Age Range: 30-35, Size: S"
40-50,Bengaluru,Female,M,3627,"Customer ID: 3627, Gender: Female, postal_code: Bengaluru, Age Range: 40-50, Size: M"
25-30,Bengaluru,Female,L,3628,"Customer ID: 3628, Gender: Female, postal_code: Bengaluru, Age Range: 25-30, Size: L"
30-35,Chennai,Male,M,3629,"Customer ID: 3629, Gender: Male, postal_code: Chennai, Age Range: 30-35, Size: M"
40-50,Pune,Male,S,3630,"Customer ID: 3630, Gender: Male, postal_code: Pune, Age Range: 40-50, Size: S"
60-70,Jaipur,Female,S,3631,"Customer ID: 3631, Gender: Female, postal_code: Jaipur, Age Range: 60-70, Size: S"
35-40,Delhi,Female,XS,3632,"Customer ID: 3632, Gender: Female, postal_code: Delhi, Age Range: 35-40, Size: XS"
25-30,Bengaluru,Female,M,3633,"Customer ID: 3633, Gender: Female, postal_code: Bengaluru, Age Range: 25-30, Size: M"
20-25,Chennai,Male,S,3634,"Customer ID: 3634, Gender: Male, postal_code: Chennai, Age Range: 20-25, Size: S"
50-60,Guwahati,Male,XL,3635,"Customer ID: 3635, Gender: Male, postal_code: Guwahati, Age Range: 50-60, Size: XL"
50-60,Mumbai,Female,S,3636,"Customer ID: 3636, Gender: Female, postal_code: Mumbai, Age Range: 50-60, Size: S"
50-60,Chandigarh,Female,M,3638,"Customer ID: 3638, Gender: Female, postal_code: Chandigarh, Age Range: 50-60, Size: M"
40-50,Indore,Female,XL,3640,"Customer ID: 3640, Gender: Female, postal_code: Indore, Age Range: 40-50, Size: XL"
50-60,Bengaluru,Female,S,3641,"Customer ID: 3641, Gender: Female, postal_code: Bengaluru, Age Range: 50-60, Size: S"
25-30,Hyderabad,Female,L,3643,"Customer ID: 3643, Gender: Female, postal_code: Hyderabad, Age Range: 25-30, Size: L"
40-50,Jaipur,Female,XL,3644,"Customer ID: 3644, Gender: Female, postal_code: Jaipur, Age Range: 40-50, Size: XL"
40-50,Kolkata,Male,L,3645,"Customer ID: 3645, Gender: Male, postal_code: Kolkata, Age Range: 40-50, Size: L"
25-30,Pune,Female,XL,3646,"Customer ID: 3646, Gender: Female, postal_code: Pune, Age Range: 25-30, Size: XL"
20-25,Chandigarh,Male,L,3647,"Customer ID: 3647, Gender: Male, postal_code: Chandigarh, Age Range: 20-25, Size: L"
50-60,Chennai,Female,XL,3649,"Customer ID: 3649, Gender: Female, postal_code: Chennai, Age Range: 50-60, Size: XL"
50-60,Mumbai,Female,L,3654,"Customer ID: 3654, Gender: Female, postal_code: Mumbai, Age Range: 50-60, Size: L"
25-30,Delhi,Male,XS,3656,"Customer ID: 3656, Gender: Male, postal_code: Delhi, Age Range: 25-30, Size: XS"
70-80,Bhopal,Female,M,3658,"Customer ID: 3658, Gender: Female, postal_code: Bhopal, Age Range: 70-80, Size: M"
40-50,Mumbai,Female,L,3659,"Customer ID: 3659, Gender: Female, postal_code: Mumbai, Age Range: 40-50, Size: L"
40-50,Chennai,Male,XL,3660,"Customer ID: 3660, Gender: Male, postal_code: Chennai, Age Range: 40-50, Size: XL"
25-30,Delhi,Female,L,3661,"Customer ID: 3661, Gender: Female, postal_code: Delhi, Age Range: 25-30, Size: L"
40-50,Hyderabad,Female,M,3662,"Customer ID: 3662, Gender: Female, postal_code: Hyderabad, Age Range: 40-50, Size: M"
20-25,Mumbai,Male,XS,3663,"Customer ID: 3663, Gender: Male, postal_code: Mumbai, Age Range: 20-25, Size: XS"
20-25,Bhopal,Female,L,3665,"Customer ID: 3665, Gender: Female, postal_code: Bhopal, Age Range: 20-25, Size: L"
70-80,Delhi,Male,M,3667,"Customer ID: 3667, Gender: Male, postal_code: Delhi, Age Range: 70-80, Size: M"
35-40,Bengaluru,Male,L,3668,"Customer ID: 3668, Gender: Male, postal_code: Bengaluru, Age Range: 35-40, Size: L"
20-25,Bengaluru,Male,XL,3669,"Customer ID: 3669, Gender: Male, postal_code: Bengaluru, Age Range: 20-25, Size: XL"
30-35,Mumbai,Female,S,3670,"Customer ID: 3670, Gender: Female, postal_code: Mumbai, Age Range: 30-35, Size: S"
20-25,Guwahati,Male,M,3671,"Customer ID: 3671, Gender: Male, postal_code: Guwahati, Age Range: 20-25, Size: M"
30-35,Jaipur,Male,XS,3672,"Customer ID: 3672, Gender: Male, postal_code: Jaipur, Age Range: 30-35, Size: XS"
15-20,Coimbatore,Male,XS,3674,"Customer ID: 3674, Gender: Male, postal_code: Coimbatore, Age Range: 15-20, Size: XS"
40-50,Hyderabad,Female,XL,3682,"Customer ID: 3682, Gender: Female, postal_code: Hyderabad, Age Range: 40-50, Size: XL"
30-35,Bengaluru,Female,M,3683,"Customer ID: 3683, Gender: Female, postal_code: Bengaluru, Age Range: 30-35, Size: M"
,Bengaluru,Female,L,3684,"Customer ID: 3684, Gender: Female, postal_code: Bengaluru, Age Range: nan, Size: L"
25-30,Nagpur,Female,L,3685,"Customer ID: 3685, Gender: Female, postal_code: Nagpur, Age Range: 25-30, Size: L"
25-30,Nagpur,Female,L,3686,"Customer ID: 3686, Gender: Female, postal_code: Nagpur, Age Range: 25-30, Size: L"
25-30,Bengaluru,Female,L,3688,"Customer ID: 3688, Gender: Female, postal_code: Bengaluru, Age Range: 25-30, Size: L"
40-50,Hyderabad,Female,XS,3689,"Customer ID: 3689, Gender: Female, postal_code: Hyderabad, Age Range: 40-50, Size: XS"
20-25,Mumbai,Female,M,3690,"Customer ID: 3690, Gender: Female, postal_code: Mumbai, Age Range: 20-25, Size: M"
50-60,Delhi,Male,M,3693,"Customer ID: 3693, Gender: Male, postal_code: Delhi, Age Range: 50-60, Size: M"
25-30,Hyderabad,Male,M,3695,"Customer ID: 3695, Gender: Male, postal_code: Hyderabad, Age Range: 25-30, Size: M"
30-35,Hyderabad,Male,XS,3696,"Customer ID: 3696, Gender: Male, postal_code: Hyderabad, Age Range: 30-35, Size: XS"
50-60,Vadodara,Female,XL,3697,"Customer ID: 3697, Gender: Female, postal_code: Vadodara, Age Range: 50-60, Size: XL"
30-35,Delhi,Female,L,3698,"Customer ID: 3698, Gender: Female, postal_code: Delhi, Age Range: 30-35, Size: L"
20-25,Delhi,Male,XS,3699,"Customer ID: 3699, Gender: Male, postal_code: Delhi, Age Range: 20-25, Size: XS"
30-35,Hyderabad,Male,S,3701,"Customer ID: 3701, Gender: Male, postal_code: Hyderabad, Age Range: 30-35, Size: S"
50-60,Hyderabad,Female,XL,3705,"Customer ID: 3705, Gender: Female, postal_code: Hyderabad, Age Range: 50-60, Size: XL"
25-30,Mumbai,Female,M,3706,"Customer ID: 3706, Gender: Female, postal_code: Mumbai, Age Range: 25-30, Size: M"
20-25,Bhopal,Female,M,3708,"Customer ID: 3708, Gender: Female, postal_code: Bhopal, Age Range: 20-25, Size: M"
25-30,Hyderabad,Female,S,3710,"Customer ID: 3710, Gender: Female, postal_code: Hyderabad, Age Range: 25-30, Size: S"
25-30,Guwahati,Male,M,3713,"Customer ID: 3713, Gender: Male, postal_code: Guwahati, Age Range: 25-30, Size: M"
50-60,Mumbai,Male,XS,3714,"Customer ID: 3714, Gender: Male, postal_code: Mumbai, Age Range: 50-60, Size: XS"
20-25,Mumbai,Female,S,3715,"Customer ID: 3715, Gender: Female, postal_code: Mumbai, Age Range: 20-25, Size: S"
25-30,Chennai,Female,XS,3716,"Customer ID: 3716, Gender: Female, postal_code: Chennai, Age Range: 25-30, Size: XS"
40-50,Bengaluru,Male,S,3717,"Customer ID: 3717, Gender: Male, postal_code: Bengaluru, Age Range: 40-50, Size: S"
50-60,Visakhapatnam,Female,L,3718,"Customer ID: 3718, Gender: Female, postal_code: Visakhapatnam, Age Range: 50-60, Size: L"
50-60,Indore,Female,L,3719,"Customer ID: 3719, Gender: Female, postal_code: Indore, Age Range: 50-60, Size: L"
40-50,Surat,Female,L,3720,"Customer ID: 3720, Gender: Female, postal_code: Surat, Age Range: 40-50, Size: L"
40-50,Bengaluru,Female,S,3722,"Customer ID: 3722, Gender: Female, postal_code: Bengaluru, Age Range: 40-50, Size: S"
20-25,Chennai,Female,XL,3723,"Customer ID: 3723, Gender: Female, postal_code: Chennai, Age Range: 20-25, Size: XL"
70-80,Hyderabad,Male,L,3724,"Customer ID: 3724, Gender: Male, postal_code: Hyderabad, Age Range: 70-80, Size: L"
25-30,Hyderabad,Male,M,3725,"Customer ID: 3725, Gender: Male, postal_code: Hyderabad, Age Range: 25-30, Size: M"
20-25,Vadodara,Female,S,3726,"Customer ID: 3726, Gender: Female, postal_code: Vadodara, Age Range: 20-25, Size: S"
20-25,Mumbai,Female,XS,3729,"Customer ID: 3729, Gender: Female, postal_code: Mumbai, Age Range: 20-25, Size: XS"
20-25,Chandigarh,Female,XL,3731,"Customer ID: 3731, Gender: Female, postal_code: Chandigarh, Age Range: 20-25, Size: XL"
40-50,Patna,Male,S,3735,"Customer ID: 3735, Gender: Male, postal_code: Patna, Age Range: 40-50, Size: S"
40-50,Lucknow,Female,S,3737,"Customer ID: 3737, Gender: Female, postal_code: Lucknow, Age Range: 40-50, Size: S"
20-25,Mumbai,Male,XL,3738,"Customer ID: 3738, Gender: Male, postal_code: Mumbai, Age Range: 20-25, Size: XL"
25-30,Nagpur,Male,XS,3741,"Customer ID: 3741, Gender: Male, postal_code: Nagpur, Age Range: 25-30, Size: XS"
25-30,Bhopal,Female,M,3742,"Customer ID: 3742, Gender: Female, postal_code: Bhopal, Age Range: 25-30, Size: M"
50-60,Bengaluru,Female,M,3743,"Customer ID: 3743, Gender: Female, postal_code: Bengaluru, Age Range: 50-60, Size: M"
20-25,Delhi,Male,XL,3745,"Customer ID: 3745, Gender: Male, postal_code: Delhi, Age Range: 20-25, Size: XL"
30-35,Delhi,Female,S,3746,"Customer ID: 3746, Gender: Female, postal_code: Delhi, Age Range: 30-35, Size: S"
60-70,Delhi,Male,L,3747,"Customer ID: 3747, Gender: Male, postal_code: Delhi, Age Range: 60-70, Size: L"
40-50,Vadodara,Male,L,3748,"Customer ID: 3748, Gender: Male, postal_code: Vadodara, Age Range: 40-50, Size: L"
50-60,Patna,Male,M,3749,"Customer ID: 3749, Gender: Male, postal_code: Patna, Age Range: 50-60, Size: M"
40-50,Mumbai,Female,M,3751,"Customer ID: 3751, Gender: Female, postal_code: Mumbai, Age Range: 40-50, Size: M"
25-30,Ahmedabad,Female,M,3755,"Customer ID: 3755, Gender: Female, postal_code: Ahmedabad, Age Range: 25-30, Size: M"
40-50,Mumbai,Male,M,3756,"Customer ID: 3756, Gender: Male, postal_code: Mumbai, Age Range: 40-50, Size: M"
50-60,Coimbatore,Male,XS,3757,"Customer ID: 3757, Gender: Male, postal_code: Coimbatore, Age Range: 50-60, Size: XS"
30-35,Guwahati,Female,S,3758,"Customer ID: 3758, Gender: Female, postal_code: Guwahati, Age Range: 30-35, Size: S"
20-25,Guwahati,Male,M,3759,"Customer ID: 3759, Gender: Male, postal_code: Guwahati, Age Range: 20-25, Size: M"
20-25,Bengaluru,Female,XL,3760,"Customer ID: 3760, Gender: Female, postal_code: Bengaluru, Age Range: 20-25, Size: XL"
25-30,Hyderabad,Female,XS,3761,"Customer ID: 3761, Gender: Female, postal_code: Hyderabad, Age Range: 25-30, Size: XS"
25-30,Indore,Male,L,3762,"Customer ID: 3762, Gender: Male, postal_code: Indore, Age Range: 25-30, Size: L"
30-35,Hyderabad,Female,L,3765,"Customer ID: 3765, Gender: Female, postal_code: Hyderabad, Age Range: 30-35, Size: L"
30-35,Vadodara,Female,XL,3766,"Customer ID: 3766, Gender: Female, postal_code: Vadodara, Age Range: 30-35, Size: XL"
40-50,Coimbatore,Female,S,3767,"Customer ID: 3767, Gender: Female, postal_code: Coimbatore, Age Range: 40-50, Size: S"
30-35,Bhopal,Female,XS,3768,"Customer ID: 3768, Gender: Female, postal_code: Bhopal, Age Range: 30-35, Size: XS"
30-35,Coimbatore,Male,M,3771,"Customer ID: 3771, Gender: Male, postal_code: Coimbatore, Age Range: 30-35, Size: M"
20-25,Chennai,Female,XL,3772,"Customer ID: 3772, Gender: Female, postal_code: Chennai, Age Range: 20-25, Size: XL"
25-30,Mumbai,Female,XS,3775,"Customer ID: 3775, Gender: Female, postal_code: Mumbai, Age Range: 25-30, Size: XS"
40-50,Bengaluru,Female,XL,3777,"Customer ID: 3777, Gender: Female, postal_code: Bengaluru, Age Range: 40-50, Size: XL"
30-35,Chennai,Male,S,3780,"Customer ID: 3780, Gender: Male, postal_code: Chennai, Age Range: 30-35, Size: S"
25-30,Delhi,Female,L,3781,"Customer ID: 3781, Gender: Female, postal_code: Delhi, Age Range: 25-30, Size: L"
25-30,Delhi,Male,XS,3782,"Customer ID: 3782, Gender: Male, postal_code: Delhi, Age Range: 25-30, Size: XS"
20-25,Hyderabad,Female,L,3783,"Customer ID: 3783, Gender: Female, postal_code: Hyderabad, Age Range: 20-25, Size: L"
40-50,Indore,Female,XL,3784,"Customer ID: 3784, Gender: Female, postal_code: Indore, Age Range: 40-50, Size: XL"
20-25,Bengaluru,Female,XS,3786,"Customer ID: 3786, Gender: Female, postal_code: Bengaluru, Age Range: 20-25, Size: XS"
50-60,Chennai,Female,L,3789,"Customer ID: 3789, Gender: Female, postal_code: Chennai, Age Range: 50-60, Size: L"
50-60,Hyderabad,Female,L,3790,"Customer ID: 3790, Gender: Female, postal_code: Hyderabad, Age Range: 50-60, Size: L"
35-40,Jaipur,Male,XS,3792,"Customer ID: 3792, Gender: Male, postal_code: Jaipur, Age Range: 35-40, Size: XS"
40-50,Bengaluru,Male,XL,3793,"Customer ID: 3793, Gender: Male, postal_code: Bengaluru, Age Range: 40-50, Size: XL"
50-60,Jaipur,Male,S,3794,"Customer ID: 3794, Gender: Male, postal_code: Jaipur, Age Range: 50-60, Size: S"
40-50,Patna,Male,XS,3796,"Customer ID: 3796, Gender: Male, postal_code: Patna, Age Range: 40-50, Size: XS"
50-60,Delhi,Female,S,3797,"Customer ID: 3797, Gender: Female, postal_code: Delhi, Age Range: 50-60, Size: S"
25-30,Hyderabad,Female,L,3798,"Customer ID: 3798, Gender: Female, postal_code: Hyderabad, Age Range: 25-30, Size: L"
40-50,Bhopal,Female,XS,3800,"Customer ID: 3800, Gender: Female, postal_code: Bhopal, Age Range: 40-50, Size: XS"
50-60,Surat,Female,S,3801,"Customer ID: 3801, Gender: Female, postal_code: Surat, Age Range: 50-60, Size: S"
20-25,Hyderabad,Female,M,3802,"Customer ID: 3802, Gender: Female, postal_code: Hyderabad, Age Range: 20-25, Size: M"
50-60,Hyderabad,Male,S,3803,"Customer ID: 3803, Gender: Male, postal_code: Hyderabad, Age Range: 50-60, Size: S"
15-20,Surat,Female,L,3805,"Customer ID: 3805, Gender: Female, postal_code: Surat, Age Range: 15-20, Size: L"
30-35,Mumbai,Male,M,3806,"Customer ID: 3806, Gender: Male, postal_code: Mumbai, Age Range: 30-35, Size: M"
50-60,Mumbai,Female,XS,3807,"Customer ID: 3807, Gender: Female, postal_code: Mumbai, Age Range: 50-60, Size: XS"
20-25,Patna,Female,L,3810,"Customer ID: 3810, Gender: Female, postal_code: Patna, Age Range: 20-25, Size: L"
25-30,Indore,Female,XL,3814,"Customer ID: 3814, Gender: Female, postal_code: Indore, Age Range: 25-30, Size: XL"
35-40,Mumbai,Female,S,3816,"Customer ID: 3816, Gender: Female, postal_code: Mumbai, Age Range: 35-40, Size: S"
50-60,Bhopal,Female,XL,3817,"Customer ID: 3817, Gender: Female, postal_code: Bhopal, Age Range: 50-60, Size: XL"
30-35,Delhi,Male,L,3818,"Customer ID: 3818, Gender: Male, postal_code: Delhi, Age Range: 30-35, Size: L"
25-30,Hyderabad,Female,M,3819,"Customer ID: 3819, Gender: Female, postal_code: Hyderabad, Age Range: 25-30, Size: M"
25-30,Hyderabad,Female,M,3820,"Customer ID: 3820, Gender: Female, postal_code: Hyderabad, Age Range: 25-30, Size: M"
50-60,Visakhapatnam,Male,XL,3821,"Customer ID: 3821, Gender: Male, postal_code: Visakhapatnam, Age Range: 50-60, Size: XL"
50-60,Guwahati,Male,XS,3822,"Customer ID: 3822, Gender: Male, postal_code: Guwahati, Age Range: 50-60, Size: XS"
50-60,Delhi,Female,M,3823,"Customer ID: 3823, Gender: Female, postal_code: Delhi, Age Range: 50-60, Size: M"
20-25,Delhi,Female,S,3824,"Customer ID: 3824, Gender: Female, postal_code: Delhi, Age Range: 20-25, Size: S"
30-35,Mumbai,Male,XL,3825,"Customer ID: 3825, Gender: Male, postal_code: Mumbai, Age Range: 30-35, Size: XL"
40-50,Hyderabad,Female,XS,3826,"Customer ID: 3826, Gender: Female, postal_code: Hyderabad, Age Range: 40-50, Size: XS"
40-50,Delhi,Female,M,3827,"Customer ID: 3827, Gender: Female, postal_code: Delhi, Age Range: 40-50, Size: M"
15-20,Ahmedabad,Female,XL,3828,"Customer ID: 3828, Gender: Female, postal_code: Ahmedabad, Age Range: 15-20, Size: XL"
35-40,Chennai,Female,L,3829,"Customer ID: 3829, Gender: Female, postal_code: Chennai, Age Range: 35-40, Size: L"
40-50,Chennai,Male,S,3830,"Customer ID: 3830, Gender: Male, postal_code: Chennai, Age Range: 40-50, Size: S"
40-50,Bengaluru,Female,S,3832,"Customer ID: 3832, Gender: Female, postal_code: Bengaluru, Age Range: 40-50, Size: S"
40-50,Indore,Female,XS,3833,"Customer ID: 3833, Gender: Female, postal_code: Indore, Age Range: 40-50, Size: XS"
25-30,Delhi,Female,XS,3834,"Customer ID: 3834, Gender: Female, postal_code: Delhi, Age Range: 25-30, Size: XS"
40-50,Mumbai,Female,S,3835,"Customer ID: 3835, Gender: Female, postal_code: Mumbai, Age Range: 40-50, Size: S"
60-70,Kolkata,Female,XS,3836,"Customer ID: 3836, Gender: Female, postal_code: Kolkata, Age Range: 60-70, Size: XS"
30-35,Indore,Male,L,3837,"Customer ID: 3837, Gender: Male, postal_code: Indore, Age Range: 30-35, Size: L"
20-25,Mumbai,Female,L,3838,"Customer ID: 3838, Gender: Female, postal_code: Mumbai, Age Range: 20-25, Size: L"
25-30,Surat,Female,L,3841,"Customer ID: 3841, Gender: Female, postal_code: Surat, Age Range: 25-30, Size: L"
25-30,Pune,Female,S,3843,"Customer ID: 3843, Gender: Female, postal_code: Pune, Age Range: 25-30, Size: S"
20-25,Patna,Female,S,3844,"Customer ID: 3844, Gender: Female, postal_code: Patna, Age Range: 20-25, Size: S"
25-30,Mumbai,Female,M,3851,"Customer ID: 3851, Gender: Female, postal_code: Mumbai, Age Range: 25-30, Size: M"
50-60,Ahmedabad,Female,M,3853,"Customer ID: 3853, Gender: Female, postal_code: Ahmedabad, Age Range: 50-60, Size: M"
25-30,Lucknow,Female,L,3854,"Customer ID: 3854, Gender: Female, postal_code: Lucknow, Age Range: 25-30, Size: L"
40-50,Delhi,Female,L,3855,"Customer ID: 3855, Gender: Female, postal_code: Delhi, Age Range: 40-50, Size: L"
25-30,Bhopal,Male,L,3857,"Customer ID: 3857, Gender: Male, postal_code: Bhopal, Age Range: 25-30, Size: L"
35-40,Hyderabad,Female,XS,3858,"Customer ID: 3858, Gender: Female, postal_code: Hyderabad, Age Range: 35-40, Size: XS"
25-30,Mumbai,Female,S,3859,"Customer ID: 3859, Gender: Female, postal_code: Mumbai, Age Range: 25-30, Size: S"
20-25,Visakhapatnam,Female,M,3861,"Customer ID: 3861, Gender: Female, postal_code: Visakhapatnam, Age Range: 20-25, Size: M"
40-50,Delhi,Female,S,3864,"Customer ID: 3864, Gender: Female, postal_code: Delhi, Age Range: 40-50, Size: S"
40-50,Hyderabad,Female,S,3866,"Customer ID: 3866, Gender: Female, postal_code: Hyderabad, Age Range: 40-50, Size: S"
40-50,Chennai,Male,S,3867,"Customer ID: 3867, Gender: Male, postal_code: Chennai, Age Range: 40-50, Size: S"
20-25,Nagpur,Female,XS,3868,"Customer ID: 3868, Gender: Female, postal_code: Nagpur, Age Range: 20-25, Size: XS"
40-50,Delhi,Female,L,3869,"Customer ID: 3869, Gender: Female, postal_code: Delhi, Age Range: 40-50, Size: L"
25-30,Ahmedabad,Female,XL,3871,"Customer ID: 3871, Gender: Female, postal_code: Ahmedabad, Age Range: 25-30, Size: XL"
20-25,Bengaluru,Male,XS,3872,"Customer ID: 3872, Gender: Male, postal_code: Bengaluru, Age Range: 20-25, Size: XS"
20-25,Visakhapatnam,Male,XS,3874,"Customer ID: 3874, Gender: Male, postal_code: Visakhapatnam, Age Range: 20-25, Size: XS"
25-30,Chennai,Female,M,3875,"Customer ID: 3875, Gender: Female, postal_code: Chennai, Age Range: 25-30, Size: M"
40-50,Delhi,Female,S,3878,"Customer ID: 3878, Gender: Female, postal_code: Delhi, Age Range: 40-50, Size: S"
25-30,Mumbai,Female,XL,3882,"Customer ID: 3882, Gender: Female, postal_code: Mumbai, Age Range: 25-30, Size: XL"
25-30,Jaipur,Male,XL,3883,"Customer ID: 3883, Gender: Male, postal_code: Jaipur, Age Range: 25-30, Size: XL"
35-40,Bengaluru,Female,M,3884,"Customer ID: 3884, Gender: Female, postal_code: Bengaluru, Age Range: 35-40, Size: M"
25-30,Chennai,Male,S,3885,"Customer ID: 3885, Gender: Male, postal_code: Chennai, Age Range: 25-30, Size: S"
50-60,Chennai,Female,M,3892,"Customer ID: 3892, Gender: Female, postal_code: Chennai, Age Range: 50-60, Size: M"
70-80,Bengaluru,Female,M,3894,"Customer ID: 3894, Gender: Female, postal_code: Bengaluru, Age Range: 70-80, Size: M"
40-50,Hyderabad,Female,XL,3896,"Customer ID: 3896, Gender: Female, postal_code: Hyderabad, Age Range: 40-50, Size: XL"
40-50,Kolkata,Female,M,3897,"Customer ID: 3897, Gender: Female, postal_code: Kolkata, Age Range: 40-50, Size: M"
30-35,Hyderabad,Male,S,3898,"Customer ID: 3898, Gender: Male, postal_code: Hyderabad, Age Range: 30-35, Size: S"
50-60,Delhi,Male,XL,3900,"Customer ID: 3900, Gender: Male, postal_code: Delhi, Age Range: 50-60, Size: XL"
50-60,Hyderabad,Female,M,3901,"Customer ID: 3901, Gender: Female, postal_code: Hyderabad, Age Range: 50-60, Size: M"
20-25,Hyderabad,Female,XS,3905,"Customer ID: 3905, Gender: Female, postal_code: Hyderabad, Age Range: 20-25, Size: XS"
25-30,Bengaluru,Female,XS,3907,"Customer ID: 3907, Gender: Female, postal_code: Bengaluru, Age Range: 25-30, Size: XS"
50-60,Hyderabad,Female,XL,3909,"Customer ID: 3909, Gender: Female, postal_code: Hyderabad, Age Range: 50-60, Size: XL"
60-70,Bengaluru,Female,M,3911,"Customer ID: 3911, Gender: Female, postal_code: Bengaluru, Age Range: 60-70, Size: M"
30-35,Chennai,Male,XL,3914,"Customer ID: 3914, Gender: Male, postal_code: Chennai, Age Range: 30-35, Size: XL"
40-50,Chennai,Female,S,3915,"Customer ID: 3915, Gender: Female, postal_code: Chennai, Age Range: 40-50, Size: S"
40-50,Mumbai,Female,S,3916,"Customer ID: 3916, Gender: Female, postal_code: Mumbai, Age Range: 40-50, Size: S"
30-35,Vadodara,Female,L,3917,"Customer ID: 3917, Gender: Female, postal_code: Vadodara, Age Range: 30-35, Size: L"
30-35,Visakhapatnam,Female,XS,3918,"Customer ID: 3918, Gender: Female, postal_code: Visakhapatnam, Age Range: 30-35, Size: XS"
30-35,Chennai,Female,M,3919,"Customer ID: 3919, Gender: Female, postal_code: Chennai, Age Range: 30-35, Size: M"
20-25,Lucknow,Male,XL,3920,"Customer ID: 3920, Gender: Male, postal_code: Lucknow, Age Range: 20-25, Size: XL"
,Chennai,Female,M,3923,"Customer ID: 3923, Gender: Female, postal_code: Chennai, Age Range: nan, Size: M"
40-50,Pune,Female,M,3924,"Customer ID: 3924, Gender: Female, postal_code: Pune, Age Range: 40-50, Size: M"
50-60,Delhi,Female,S,3926,"Customer ID: 3926, Gender: Female, postal_code: Delhi, Age Range: 50-60, Size: S"
25-30,Mumbai,Female,XS,3927,"Customer ID: 3927, Gender: Female, postal_code: Mumbai, Age Range: 25-30, Size: XS"
20-25,Mumbai,Female,M,3928,"Customer ID: 3928, Gender: Female, postal_code: Mumbai, Age Range: 20-25, Size: M"
20-25,Mumbai,Female,XS,3932,"Customer ID: 3932, Gender: Female, postal_code: Mumbai, Age Range: 20-25, Size: XS"
25-30,Kolkata,Female,L,3935,"Customer ID: 3935, Gender: Female, postal_code: Kolkata, Age Range: 25-30, Size: L"
40-50,Chandigarh,Male,M,3936,"Customer ID: 3936, Gender: Male, postal_code: Chandigarh, Age Range: 40-50, Size: M"
20-25,Visakhapatnam,Female,XS,3937,"Customer ID: 3937, Gender: Female, postal_code: Visakhapatnam, Age Range: 20-25, Size: XS"
35-40,Patna,Female,S,3938,"Customer ID: 3938, Gender: Female, postal_code: Patna, Age Range: 35-40, Size: S"
20-25,Kolkata,Female,XS,3939,"Customer ID: 3939, Gender: Female, postal_code: Kolkata, Age Range: 20-25, Size: XS"
25-30,Lucknow,Female,M,3941,"Customer ID: 3941, Gender: Female, postal_code: Lucknow, Age Range: 25-30, Size: M"
40-50,Patna,Female,S,3942,"Customer ID: 3942, Gender: Female, postal_code: Patna, Age Range: 40-50, Size: S"
20-25,Vadodara,Female,L,3944,"Customer ID: 3944, Gender: Female, postal_code: Vadodara, Age Range: 20-25, Size: L"
60-70,Patna,Female,M,3945,"Customer ID: 3945, Gender: Female, postal_code: Patna, Age Range: 60-70, Size: M"
30-35,Delhi,Male,S,3946,"Customer ID: 3946, Gender: Male, postal_code: Delhi, Age Range: 30-35, Size: S"
35-40,Bengaluru,Male,XL,3948,"Customer ID: 3948, Gender: Male, postal_code: Bengaluru, Age Range: 35-40, Size: XL"
30-35,Vadodara,Female,XS,3949,"Customer ID: 3949, Gender: Female, postal_code: Vadodara, Age Range: 30-35, Size: XS"
50-60,Delhi,Female,XL,3954,"Customer ID: 3954, Gender: Female, postal_code: Delhi, Age Range: 50-60, Size: XL"
50-60,Chennai,Female,XS,3955,"Customer ID: 3955, Gender: Female, postal_code: Chennai, Age Range: 50-60, Size: XS"
25-30,Chennai,Female,L,3956,"Customer ID: 3956, Gender: Female, postal_code: Chennai, Age Range: 25-30, Size: L"
50-60,Hyderabad,Male,XL,3957,"Customer ID: 3957, Gender: Male, postal_code: Hyderabad, Age Range: 50-60, Size: XL"
25-30,Ahmedabad,Female,S,3958,"Customer ID: 3958, Gender: Female, postal_code: Ahmedabad, Age Range: 25-30, Size: S"
25-30,Jaipur,Male,L,3959,"Customer ID: 3959, Gender: Male, postal_code: Jaipur, Age Range: 25-30, Size: L"
20-25,Indore,Female,XL,3960,"Customer ID: 3960, Gender: Female, postal_code: Indore, Age Range: 20-25, Size: XL"
30-35,Chennai,Female,M,3964,"Customer ID: 3964, Gender: Female, postal_code: Chennai, Age Range: 30-35, Size: M"
50-60,Jaipur,Female,XL,3965,"Customer ID: 3965, Gender: Female, postal_code: Jaipur, Age Range: 50-60, Size: XL"
35-40,Chennai,Male,M,3966,"Customer ID: 3966, Gender: Male, postal_code: Chennai, Age Range: 35-40, Size: M"
50-60,Indore,Female,S,3967,"Customer ID: 3967, Gender: Female, postal_code: Indore, Age Range: 50-60, Size: S"
40-50,Delhi,Female,XS,3968,"Customer ID: 3968, Gender: Female, postal_code: Delhi, Age Range: 40-50, Size: XS"
40-50,Bhopal,Male,XS,3969,"Customer ID: 3969, Gender: Male, postal_code: Bhopal, Age Range: 40-50, Size: XS"
25-30,Ahmedabad,Female,L,3977,"Customer ID: 3977, Gender: Female, postal_code: Ahmedabad, Age Range: 25-30, Size: L"
50-60,Chandigarh,Male,XL,3978,"Customer ID: 3978, Gender: Male, postal_code: Chandigarh, Age Range: 50-60, Size: XL"
40-50,Pune,Female,L,3979,"Customer ID: 3979, Gender: Female, postal_code: Pune, Age Range: 40-50, Size: L"
20-25,Ahmedabad,Female,L,3982,"Customer ID: 3982, Gender: Female, postal_code: Ahmedabad, Age Range: 20-25, Size: L"
25-30,Chennai,Female,XS,3984,"Customer ID: 3984, Gender: Female, postal_code: Chennai, Age Range: 25-30, Size: XS"
35-40,Chandigarh,Female,XL,3985,"Customer ID: 3985, Gender: Female, postal_code: Chandigarh, Age Range: 35-40, Size: XL"
40-50,Mumbai,Male,L,3987,"Customer ID: 3987, Gender: Male, postal_code: Mumbai, Age Range: 40-50, Size: L"
30-35,Mumbai,Female,M,3988,"Customer ID: 3988, Gender: Female, postal_code: Mumbai, Age Range: 30-35, Size: M"
50-60,Ahmedabad,Female,M,3990,"Customer ID: 3990, Gender: Female, postal_code: Ahmedabad, Age Range: 50-60, Size: M"
25-30,Delhi,Male,S,3993,"Customer ID: 3993, Gender: Male, postal_code: Delhi, Age Range: 25-30, Size: S"
30-35,Mumbai,Female,M,3996,"Customer ID: 3996, Gender: Female, postal_code: Mumbai, Age Range: 30-35, Size: M"
25-30,Indore,Male,XS,3998,"Customer ID: 3998, Gender: Male, postal_code: Indore, Age Range: 25-30, Size: XS"
50-60,Chandigarh,Male,XS,4004,"Customer ID: 4004, Gender: Male, postal_code: Chandigarh, Age Range: 50-60, Size: XS"
30-35,Jaipur,Female,XL,4005,"Customer ID: 4005, Gender: Female, postal_code: Jaipur, Age Range: 30-35, Size: XL"
25-30,Bengaluru,Female,L,4006,"Customer ID: 4006, Gender: Female, postal_code: Bengaluru, Age Range: 25-30, Size: L"
40-50,Chennai,Female,S,4007,"Customer ID: 4007, Gender: Female, postal_code: Chennai, Age Range: 40-50, Size: S"
50-60,Chennai,Female,XS,4008,"Customer ID: 4008, Gender: Female, postal_code: Chennai, Age Range: 50-60, Size: XS"
30-35,Lucknow,Female,XS,4009,"Customer ID: 4009, Gender: Female, postal_code: Lucknow, Age Range: 30-35, Size: XS"
20-25,Delhi,Male,XS,4010,"Customer ID: 4010, Gender: Male, postal_code: Delhi, Age Range: 20-25, Size: XS"
20-25,Patna,Male,L,4011,"Customer ID: 4011, Gender: Male, postal_code: Patna, Age Range: 20-25, Size: L"
50-60,Guwahati,Female,XS,4014,"Customer ID: 4014, Gender: Female, postal_code: Guwahati, Age Range: 50-60, Size: XS"
25-30,Chennai,Female,XL,4015,"Customer ID: 4015, Gender: Female, postal_code: Chennai, Age Range: 25-30, Size: XL"
,Coimbatore,Female,S,4016,"Customer ID: 4016, Gender: Female, postal_code: Coimbatore, Age Range: nan, Size: S"
,Mumbai,Male,L,4018,"Customer ID: 4018, Gender: Male, postal_code: Mumbai, Age Range: nan, Size: L"
40-50,Chennai,Female,XL,4021,"Customer ID: 4021, Gender: Female, postal_code: Chennai, Age Range: 40-50, Size: XL"
30-35,Chennai,Female,M,4022,"Customer ID: 4022, Gender: Female, postal_code: Chennai, Age Range: 30-35, Size: M"
30-35,Lucknow,Female,XL,4023,"Customer ID: 4023, Gender: Female, postal_code: Lucknow, Age Range: 30-35, Size: XL"
60-70,Nagpur,Female,S,4025,"Customer ID: 4025, Gender: Female, postal_code: Nagpur, Age Range: 60-70, Size: S"
40-50,Ahmedabad,Male,S,4026,"Customer ID: 4026, Gender: Male, postal_code: Ahmedabad, Age Range: 40-50, Size: S"
30-35,Chennai,Female,M,4028,"Customer ID: 4028, Gender: Female, postal_code: Chennai, Age Range: 30-35, Size: M"
25-30,Kolkata,Female,M,4029,"Customer ID: 4029, Gender: Female, postal_code: Kolkata, Age Range: 25-30, Size: M"
20-25,Indore,Male,S,4030,"Customer ID: 4030, Gender: Male, postal_code: Indore, Age Range: 20-25, Size: S"
40-50,Vadodara,Female,XL,4031,"Customer ID: 4031, Gender: Female, postal_code: Vadodara, Age Range: 40-50, Size: XL"
40-50,Chennai,Female,XL,4032,"Customer ID: 4032, Gender: Female, postal_code: Chennai, Age Range: 40-50, Size: XL"
25-30,Delhi,Male,M,4037,"Customer ID: 4037, Gender: Male, postal_code: Delhi, Age Range: 25-30, Size: M"
40-50,Jaipur,Female,XS,4038,"Customer ID: 4038, Gender: Female, postal_code: Jaipur, Age Range: 40-50, Size: XS"
25-30,Guwahati,Male,XL,4039,"Customer ID: 4039, Gender: Male, postal_code: Guwahati, Age Range: 25-30, Size: XL"
40-50,Chennai,Male,XL,4043,"Customer ID: 4043, Gender: Male, postal_code: Chennai, Age Range: 40-50, Size: XL"
25-30,Nagpur,Male,XS,4044,"Customer ID: 4044, Gender: Male, postal_code: Nagpur, Age Range: 25-30, Size: XS"
20-25,Mumbai,Female,S,4045,"Customer ID: 4045, Gender: Female, postal_code: Mumbai, Age Range: 20-25, Size: S"
60-70,Chennai,Male,L,4046,"Customer ID: 4046, Gender: Male, postal_code: Chennai, Age Range: 60-70, Size: L"
25-30,Hyderabad,Female,XL,4047,"Customer ID: 4047, Gender: Female, postal_code: Hyderabad, Age Range: 25-30, Size: XL"
25-30,Bengaluru,Male,XS,4048,"Customer ID: 4048, Gender: Male, postal_code: Bengaluru, Age Range: 25-30, Size: XS"
30-35,Bengaluru,Female,M,4049,"Customer ID: 4049, Gender: Female, postal_code: Bengaluru, Age Range: 30-35, Size: M"
40-50,Mumbai,Female,XS,4050,"Customer ID: 4050, Gender: Female, postal_code: Mumbai, Age Range: 40-50, Size: XS"
25-30,Mumbai,Female,S,4051,"Customer ID: 4051, Gender: Female, postal_code: Mumbai, Age Range: 25-30, Size: S"
30-35,Chennai,Female,L,4053,"Customer ID: 4053, Gender: Female, postal_code: Chennai, Age Range: 30-35, Size: L"
50-60,Patna,Female,S,4056,"Customer ID: 4056, Gender: Female, postal_code: Patna, Age Range: 50-60, Size: S"
30-35,Surat,Female,M,4058,"Customer ID: 4058, Gender: Female, postal_code: Surat, Age Range: 30-35, Size: M"
25-30,Kolkata,Female,S,4060,"Customer ID: 4060, Gender: Female, postal_code: Kolkata, Age Range: 25-30, Size: S"
25-30,Visakhapatnam,Female,M,4061,"Customer ID: 4061, Gender: Female, postal_code: Visakhapatnam, Age Range: 25-30, Size: M"
20-25,Bengaluru,Male,XL,4062,"Customer ID: 4062, Gender: Male, postal_code: Bengaluru, Age Range: 20-25, Size: XL"
25-30,Delhi,Male,L,4063,"Customer ID: 4063, Gender: Male, postal_code: Delhi, Age Range: 25-30, Size: L"
25-30,Delhi,Male,XL,4064,"Customer ID: 4064, Gender: Male, postal_code: Delhi, Age Range: 25-30, Size: XL"
25-30,Mumbai,Female,S,4065,"Customer ID: 4065, Gender: Female, postal_code: Mumbai, Age Range: 25-30, Size: S"
30-35,Hyderabad,Female,S,4066,"Customer ID: 4066, Gender: Female, postal_code: Hyderabad, Age Range: 30-35, Size: S"
50-60,Bengaluru,Female,M,4068,"Customer ID: 4068, Gender: Female, postal_code: Bengaluru, Age Range: 50-60, Size: M"
50-60,Pune,Female,XL,4069,"Customer ID: 4069, Gender: Female, postal_code: Pune, Age Range: 50-60, Size: XL"
40-50,Bengaluru,Male,M,4070,"Customer ID: 4070, Gender: Male, postal_code: Bengaluru, Age Range: 40-50, Size: M"
20-25,Bengaluru,Male,S,4071,"Customer ID: 4071, Gender: Male, postal_code: Bengaluru, Age Range: 20-25, Size: S"
50-60,Chennai,Female,XS,4072,"Customer ID: 4072, Gender: Female, postal_code: Chennai, Age Range: 50-60, Size: XS"
40-50,Hyderabad,Female,XS,4073,"Customer ID: 4073, Gender: Female, postal_code: Hyderabad, Age Range: 40-50, Size: XS"
25-30,Indore,Male,S,4075,"Customer ID: 4075, Gender: Male, postal_code: Indore, Age Range: 25-30, Size: S"
60-70,Mumbai,Female,XS,4077,"Customer ID: 4077, Gender: Female, postal_code: Mumbai, Age Range: 60-70, Size: XS"
60-70,Bengaluru,Female,XL,4078,"Customer ID: 4078, Gender: Female, postal_code: Bengaluru, Age Range: 60-70, Size: XL"
25-30,Hyderabad,Male,M,4080,"Customer ID: 4080, Gender: Male, postal_code: Hyderabad, Age Range: 25-30, Size: M"
35-40,Hyderabad,Female,XS,4083,"Customer ID: 4083, Gender: Female, postal_code: Hyderabad, Age Range: 35-40, Size: XS"
25-30,Guwahati,Male,S,4084,"Customer ID: 4084, Gender: Male, postal_code: Guwahati, Age Range: 25-30, Size: S"
50-60,Jaipur,Female,L,4087,"Customer ID: 4087, Gender: Female, postal_code: Jaipur, Age Range: 50-60, Size: L"
40-50,Guwahati,Female,L,4088,"Customer ID: 4088, Gender: Female, postal_code: Guwahati, Age Range: 40-50, Size: L"
50-60,Chennai,Female,XL,4089,"Customer ID: 4089, Gender: Female, postal_code: Chennai, Age Range: 50-60, Size: XL"
50-60,Mumbai,Male,M,4093,"Customer ID: 4093, Gender: Male, postal_code: Mumbai, Age Range: 50-60, Size: M"
50-60,Chennai,Male,S,4095,"Customer ID: 4095, Gender: Male, postal_code: Chennai, Age Range: 50-60, Size: S"
60-70,Jaipur,Female,M,4096,"Customer ID: 4096, Gender: Female, postal_code: Jaipur, Age Range: 60-70, Size: M"
50-60,Chennai,Female,M,4097,"Customer ID: 4097, Gender: Female, postal_code: Chennai, Age Range: 50-60, Size: M"
50-60,Patna,Female,XS,4098,"Customer ID: 4098, Gender: Female, postal_code: Patna, Age Range: 50-60, Size: XS"
25-30,Delhi,Female,M,4099,"Customer ID: 4099, Gender: Female, postal_code: Delhi, Age Range: 25-30, Size: M"
60-70,Lucknow,Female,M,4100,"Customer ID: 4100, Gender: Female, postal_code: Lucknow, Age Range: 60-70, Size: M"
60-70,Bhopal,Male,M,4101,"Customer ID: 4101, Gender: Male, postal_code: Bhopal, Age Range: 60-70, Size: M"
25-30,Jaipur,Female,XL,4102,"Customer ID: 4102, Gender: Female, postal_code: Jaipur, Age Range: 25-30, Size: XL"
50-60,Hyderabad,Female,M,4103,"Customer ID: 4103, Gender: Female, postal_code: Hyderabad, Age Range: 50-60, Size: M"
20-25,Chennai,Male,S,4104,"Customer ID: 4104, Gender: Male, postal_code: Chennai, Age Range: 20-25, Size: S"
25-30,Mumbai,Female,L,4106,"Customer ID: 4106, Gender: Female, postal_code: Mumbai, Age Range: 25-30, Size: L"
50-60,Hyderabad,Male,XL,4111,"Customer ID: 4111, Gender: Male, postal_code: Hyderabad, Age Range: 50-60, Size: XL"
40-50,Mumbai,Male,XS,4112,"Customer ID: 4112, Gender: Male, postal_code: Mumbai, Age Range: 40-50, Size: XS"
20-25,Visakhapatnam,Male,XL,4115,"Customer ID: 4115, Gender: Male, postal_code: Visakhapatnam, Age Range: 20-25, Size: XL"
20-25,Delhi,Female,L,4117,"Customer ID: 4117, Gender: Female, postal_code: Delhi, Age Range: 20-25, Size: L"
40-50,Hyderabad,Female,M,4118,"Customer ID: 4118, Gender: Female, postal_code: Hyderabad, Age Range: 40-50, Size: M"
50-60,Hyderabad,Female,L,4119,"Customer ID: 4119, Gender: Female, postal_code: Hyderabad, Age Range: 50-60, Size: L"
40-50,Lucknow,Male,XL,4121,"Customer ID: 4121, Gender: Male, postal_code: Lucknow, Age Range: 40-50, Size: XL"
50-60,Bengaluru,Male,M,4123,"Customer ID: 4123, Gender: Male, postal_code: Bengaluru, Age Range: 50-60, Size: M"
50-60,Delhi,Female,L,4125,"Customer ID: 4125, Gender: Female, postal_code: Delhi, Age Range: 50-60, Size: L"
30-35,Chennai,Female,M,4127,"Customer ID: 4127, Gender: Female, postal_code: Chennai, Age Range: 30-35, Size: M"
50-60,Indore,Female,S,4129,"Customer ID: 4129, Gender: Female, postal_code: Indore, Age Range: 50-60, Size: S"
40-50,Lucknow,Male,L,4130,"Customer ID: 4130, Gender: Male, postal_code: Lucknow, Age Range: 40-50, Size: L"
20-25,Chennai,Female,M,4131,"Customer ID: 4131, Gender: Female, postal_code: Chennai, Age Range: 20-25, Size: M"
20-25,Surat,Female,XL,4136,"Customer ID: 4136, Gender: Female, postal_code: Surat, Age Range: 20-25, Size: XL"
50-60,Chennai,Male,XL,4138,"Customer ID: 4138, Gender: Male, postal_code: Chennai, Age Range: 50-60, Size: XL"
20-25,Lucknow,Female,S,4139,"Customer ID: 4139, Gender: Female, postal_code: Lucknow, Age Range: 20-25, Size: S"
30-35,Patna,Male,L,4140,"Customer ID: 4140, Gender: Male, postal_code: Patna, Age Range: 30-35, Size: L"
40-50,Chennai,Female,S,4141,"Customer ID: 4141, Gender: Female, postal_code: Chennai, Age Range: 40-50, Size: S"
50-60,Hyderabad,Male,XL,4142,"Customer ID: 4142, Gender: Male, postal_code: Hyderabad, Age Range: 50-60, Size: XL"
30-35,Mumbai,Male,M,4143,"Customer ID: 4143, Gender: Male, postal_code: Mumbai, Age Range: 30-35, Size: M"
40-50,Chennai,Female,XL,4144,"Customer ID: 4144, Gender: Female, postal_code: Chennai, Age Range: 40-50, Size: XL"
50-60,Bengaluru,Female,XS,4146,"Customer ID: 4146, Gender: Female, postal_code: Bengaluru, Age Range: 50-60, Size: XS"
20-25,Delhi,Female,XL,4147,"Customer ID: 4147, Gender: Female, postal_code: Delhi, Age Range: 20-25, Size: XL"
25-30,Bhopal,Male,M,4148,"Customer ID: 4148, Gender: Male, postal_code: Bhopal, Age Range: 25-30, Size: M"
20-25,Bengaluru,Female,M,4149,"Customer ID: 4149, Gender: Female, postal_code: Bengaluru, Age Range: 20-25, Size: M"
40-50,Delhi,Male,XS,4150,"Customer ID: 4150, Gender: Male, postal_code: Delhi, Age Range: 40-50, Size: XS"
40-50,Surat,Female,XS,4151,"Customer ID: 4151, Gender: Female, postal_code: Surat, Age Range: 40-50, Size: XS"
50-60,Kolkata,Female,L,4152,"Customer ID: 4152, Gender: Female, postal_code: Kolkata, Age Range: 50-60, Size: L"
50-60,Lucknow,Male,M,4156,"Customer ID: 4156, Gender: Male, postal_code: Lucknow, Age Range: 50-60, Size: M"
20-25,Mumbai,Female,L,4157,"Customer ID: 4157, Gender: Female, postal_code: Mumbai, Age Range: 20-25, Size: L"
30-35,Ahmedabad,Female,M,4158,"Customer ID: 4158, Gender: Female, postal_code: Ahmedabad, Age Range: 30-35, Size: M"
25-30,Patna,Female,S,4159,"Customer ID: 4159, Gender: Female, postal_code: Patna, Age Range: 25-30, Size: S"
50-60,Patna,Female,L,4160,"Customer ID: 4160, Gender: Female, postal_code: Patna, Age Range: 50-60, Size: L"
30-35,Chennai,Male,L,4161,"Customer ID: 4161, Gender: Male, postal_code: Chennai, Age Range: 30-35, Size: L"
25-30,Mumbai,Female,S,4162,"Customer ID: 4162, Gender: Female, postal_code: Mumbai, Age Range: 25-30, Size: S"
50-60,Delhi,Male,S,4163,"Customer ID: 4163, Gender: Male, postal_code: Delhi, Age Range: 50-60, Size: S"
25-30,Mumbai,Female,L,4164,"Customer ID: 4164, Gender: Female, postal_code: Mumbai, Age Range: 25-30, Size: L"
25-30,Vadodara,Male,S,4168,"Customer ID: 4168, Gender: Male, postal_code: Vadodara, Age Range: 25-30, Size: S"
50-60,Bengaluru,Male,XS,4169,"Customer ID: 4169, Gender: Male, postal_code: Bengaluru, Age Range: 50-60, Size: XS"
50-60,Bengaluru,Female,L,4171,"Customer ID: 4171, Gender: Female, postal_code: Bengaluru, Age Range: 50-60, Size: L"
35-40,Visakhapatnam,Female,XS,4176,"Customer ID: 4176, Gender: Female, postal_code: Visakhapatnam, Age Range: 35-40, Size: XS"
50-60,Hyderabad,Male,S,4179,"Customer ID: 4179, Gender: Male, postal_code: Hyderabad, Age Range: 50-60, Size: S"
20-25,Lucknow,Female,M,4181,"Customer ID: 4181, Gender: Female, postal_code: Lucknow, Age Range: 20-25, Size: M"
30-35,Hyderabad,Female,L,4182,"Customer ID: 4182, Gender: Female, postal_code: Hyderabad, Age Range: 30-35, Size: L"
40-50,Hyderabad,Male,M,4183,"Customer ID: 4183, Gender: Male, postal_code: Hyderabad, Age Range: 40-50, Size: M"
30-35,Jaipur,Female,M,4186,"Customer ID: 4186, Gender: Female, postal_code: Jaipur, Age Range: 30-35, Size: M"
50-60,Guwahati,Female,L,4187,"Customer ID: 4187, Gender: Female, postal_code: Guwahati, Age Range: 50-60, Size: L"
50-60,Chennai,Female,XS,4188,"Customer ID: 4188, Gender: Female, postal_code: Chennai, Age Range: 50-60, Size: XS"
20-25,Chennai,Female,S,4189,"Customer ID: 4189, Gender: Female, postal_code: Chennai, Age Range: 20-25, Size: S"
25-30,Nagpur,Female,L,4191,"Customer ID: 4191, Gender: Female, postal_code: Nagpur, Age Range: 25-30, Size: L"
40-50,Ahmedabad,Female,S,4192,"Customer ID: 4192, Gender: Female, postal_code: Ahmedabad, Age Range: 40-50, Size: S"
35-40,Bengaluru,Female,XL,4194,"Customer ID: 4194, Gender: Female, postal_code: Bengaluru, Age Range: 35-40, Size: XL"
80-90,Hyderabad,Female,XS,4196,"Customer ID: 4196, Gender: Female, postal_code: Hyderabad, Age Range: 80-90, Size: XS"
50-60,Delhi,Female,XS,4198,"Customer ID: 4198, Gender: Female, postal_code: Delhi, Age Range: 50-60, Size: XS"
40-50,Chennai,Female,S,4199,"Customer ID: 4199, Gender: Female, postal_code: Chennai, Age Range: 40-50, Size: S"
35-40,Nagpur,Female,L,4201,"Customer ID: 4201, Gender: Female, postal_code: Nagpur, Age Range: 35-40, Size: L"
40-50,Vadodara,Female,XS,4202,"Customer ID: 4202, Gender: Female, postal_code: Vadodara, Age Range: 40-50, Size: XS"
25-30,Ahmedabad,Female,XL,4203,"Customer ID: 4203, Gender: Female, postal_code: Ahmedabad, Age Range: 25-30, Size: XL"
20-25,Bengaluru,Male,M,4206,"Customer ID: 4206, Gender: Male, postal_code: Bengaluru, Age Range: 20-25, Size: M"
25-30,Hyderabad,Female,S,4207,"Customer ID: 4207, Gender: Female, postal_code: Hyderabad, Age Range: 25-30, Size: S"
50-60,Bengaluru,Male,XL,4208,"Customer ID: 4208, Gender: Male, postal_code: Bengaluru, Age Range: 50-60, Size: XL"
25-30,Delhi,Male,XL,4209,"Customer ID: 4209, Gender: Male, postal_code: Delhi, Age Range: 25-30, Size: XL"
40-50,Hyderabad,Male,L,4212,"Customer ID: 4212, Gender: Male, postal_code: Hyderabad, Age Range: 40-50, Size: L"
50-60,Patna,Male,M,4213,"Customer ID: 4213, Gender: Male, postal_code: Patna, Age Range: 50-60, Size: M"
50-60,Hyderabad,Female,M,4214,"Customer ID: 4214, Gender: Female, postal_code: Hyderabad, Age Range: 50-60, Size: M"
50-60,Hyderabad,Female,XS,4215,"Customer ID: 4215, Gender: Female, postal_code: Hyderabad, Age Range: 50-60, Size: XS"
30-35,Delhi,Female,XL,4220,"Customer ID: 4220, Gender: Female, postal_code: Delhi, Age Range: 30-35, Size: XL"
50-60,Chennai,Female,S,4221,"Customer ID: 4221, Gender: Female, postal_code: Chennai, Age Range: 50-60, Size: S"
60-70,Chennai,Female,XS,4224,"Customer ID: 4224, Gender: Female, postal_code: Chennai, Age Range: 60-70, Size: XS"
50-60,Nagpur,Female,XL,4225,"Customer ID: 4225, Gender: Female, postal_code: Nagpur, Age Range: 50-60, Size: XL"
40-50,Hyderabad,Female,XS,4228,"Customer ID: 4228, Gender: Female, postal_code: Hyderabad, Age Range: 40-50, Size: XS"
35-40,Delhi,Female,M,4229,"Customer ID: 4229, Gender: Female, postal_code: Delhi, Age Range: 35-40, Size: M"
25-30,Hyderabad,Female,L,4230,"Customer ID: 4230, Gender: Female, postal_code: Hyderabad, Age Range: 25-30, Size: L"
40-50,Hyderabad,Female,S,4232,"Customer ID: 4232, Gender: Female, postal_code: Hyderabad, Age Range: 40-50, Size: S"
20-25,Visakhapatnam,Male,L,4233,"Customer ID: 4233, Gender: Male, postal_code: Visakhapatnam, Age Range: 20-25, Size: L"
35-40,Mumbai,Female,M,4234,"Customer ID: 4234, Gender: Female, postal_code: Mumbai, Age Range: 35-40, Size: M"
20-25,Coimbatore,Male,XS,4235,"Customer ID: 4235, Gender: Male, postal_code: Coimbatore, Age Range: 20-25, Size: XS"
25-30,Lucknow,Male,L,4238,"Customer ID: 4238, Gender: Male, postal_code: Lucknow, Age Range: 25-30, Size: L"
35-40,Hyderabad,Male,XS,4239,"Customer ID: 4239, Gender: Male, postal_code: Hyderabad, Age Range: 35-40, Size: XS"
40-50,Chennai,Female,XS,4243,"Customer ID: 4243, Gender: Female, postal_code: Chennai, Age Range: 40-50, Size: XS"
50-60,Ahmedabad,Female,L,4244,"Customer ID: 4244, Gender: Female, postal_code: Ahmedabad, Age Range: 50-60, Size: L"
40-50,Chennai,Male,L,4245,"Customer ID: 4245, Gender: Male, postal_code: Chennai, Age Range: 40-50, Size: L"
50-60,Mumbai,Female,XL,4247,"Customer ID: 4247, Gender: Female, postal_code: Mumbai, Age Range: 50-60, Size: XL"
25-30,Indore,Female,M,4248,"Customer ID: 4248, Gender: Female, postal_code: Indore, Age Range: 25-30, Size: M"
30-35,Pune,Female,L,4249,"Customer ID: 4249, Gender: Female, postal_code: Pune, Age Range: 30-35, Size: L"
40-50,Bhopal,Female,XL,4250,"Customer ID: 4250, Gender: Female, postal_code: Bhopal, Age Range: 40-50, Size: XL"
20-25,Delhi,Female,L,4254,"Customer ID: 4254, Gender: Female, postal_code: Delhi, Age Range: 20-25, Size: L"
25-30,Surat,Male,M,4256,"Customer ID: 4256, Gender: Male, postal_code: Surat, Age Range: 25-30, Size: M"
25-30,Delhi,Female,XL,4257,"Customer ID: 4257, Gender: Female, postal_code: Delhi, Age Range: 25-30, Size: XL"
60-70,Patna,Male,L,4258,"Customer ID: 4258, Gender: Male, postal_code: Patna, Age Range: 60-70, Size: L"
50-60,Patna,Male,S,4259,"Customer ID: 4259, Gender: Male, postal_code: Patna, Age Range: 50-60, Size: S"
20-25,Mumbai,Female,XS,4261,"Customer ID: 4261, Gender: Female, postal_code: Mumbai, Age Range: 20-25, Size: XS"
20-25,Delhi,Male,L,4262,"Customer ID: 4262, Gender: Male, postal_code: Delhi, Age Range: 20-25, Size: L"
50-60,Hyderabad,Male,L,4264,"Customer ID: 4264, Gender: Male, postal_code: Hyderabad, Age Range: 50-60, Size: L"
40-50,Hyderabad,Male,XS,4267,"Customer ID: 4267, Gender: Male, postal_code: Hyderabad, Age Range: 40-50, Size: XS"
20-25,Visakhapatnam,Male,XS,4268,"Customer ID: 4268, Gender: Male, postal_code: Visakhapatnam, Age Range: 20-25, Size: XS"
30-35,Bhopal,Female,S,4269,"Customer ID: 4269, Gender: Female, postal_code: Bhopal, Age Range: 30-35, Size: S"
25-30,Indore,Female,S,4272,"Customer ID: 4272, Gender: Female, postal_code: Indore, Age Range: 25-30, Size: S"
20-25,Guwahati,Female,XL,4274,"Customer ID: 4274, Gender: Female, postal_code: Guwahati, Age Range: 20-25, Size: XL"
50-60,Vadodara,Female,S,4275,"Customer ID: 4275, Gender: Female, postal_code: Vadodara, Age Range: 50-60, Size: S"
20-25,Patna,Male,XL,4277,"Customer ID: 4277, Gender: Male, postal_code: Patna, Age Range: 20-25, Size: XL"
40-50,Bengaluru,Female,S,4278,"Customer ID: 4278, Gender: Female, postal_code: Bengaluru, Age Range: 40-50, Size: S"
35-40,Bengaluru,Female,XL,4279,"Customer ID: 4279, Gender: Female, postal_code: Bengaluru, Age Range: 35-40, Size: XL"
40-50,Visakhapatnam,Female,S,4280,"Customer ID: 4280, Gender: Female, postal_code: Visakhapatnam, Age Range: 40-50, Size: S"
35-40,Hyderabad,Male,L,4284,"Customer ID: 4284, Gender: Male, postal_code: Hyderabad, Age Range: 35-40, Size: L"
50-60,Chennai,Female,L,4285,"Customer ID: 4285, Gender: Female, postal_code: Chennai, Age Range: 50-60, Size: L"
40-50,Pune,Female,L,4287,"Customer ID: 4287, Gender: Female, postal_code: Pune, Age Range: 40-50, Size: L"
20-25,Vadodara,Female,XS,4289,"Customer ID: 4289, Gender: Female, postal_code: Vadodara, Age Range: 20-25, Size: XS"
30-35,Chennai,Female,S,4291,"Customer ID: 4291, Gender: Female, postal_code: Chennai, Age Range: 30-35, Size: S"
50-60,Delhi,Male,L,4292,"Customer ID: 4292, Gender: Male, postal_code: Delhi, Age Range: 50-60, Size: L"
20-25,Ahmedabad,Male,M,4293,"Customer ID: 4293, Gender: Male, postal_code: Ahmedabad, Age Range: 20-25, Size: M"
40-50,Surat,Female,XS,4298,"Customer ID: 4298, Gender: Female, postal_code: Surat, Age Range: 40-50, Size: XS"
35-40,Pune,Female,M,4299,"Customer ID: 4299, Gender: Female, postal_code: Pune, Age Range: 35-40, Size: M"
50-60,Bengaluru,Male,XS,4301,"Customer ID: 4301, Gender: Male, postal_code: Bengaluru, Age Range: 50-60, Size: XS"
20-25,Ahmedabad,Female,L,4302,"Customer ID: 4302, Gender: Female, postal_code: Ahmedabad, Age Range: 20-25, Size: L"
30-35,Hyderabad,Female,XS,4303,"Customer ID: 4303, Gender: Female, postal_code: Hyderabad, Age Range: 30-35, Size: XS"
35-40,Bengaluru,Female,S,4305,"Customer ID: 4305, Gender: Female, postal_code: Bengaluru, Age Range: 35-40, Size: S"
50-60,Hyderabad,Female,L,4307,"Customer ID: 4307, Gender: Female, postal_code: Hyderabad, Age Range: 50-60, Size: L"
35-40,Delhi,Female,S,4308,"Customer ID: 4308, Gender: Female, postal_code: Delhi, Age Range: 35-40, Size: S"
50-60,Delhi,Male,XL,4309,"Customer ID: 4309, Gender: Male, postal_code: Delhi, Age Range: 50-60, Size: XL"
25-30,Hyderabad,Female,XL,4310,"Customer ID: 4310, Gender: Female, postal_code: Hyderabad, Age Range: 25-30, Size: XL"
50-60,Bengaluru,Male,XL,4311,"Customer ID: 4311, Gender: Male, postal_code: Bengaluru, Age Range: 50-60, Size: XL"
60-70,Surat,Female,S,4312,"Customer ID: 4312, Gender: Female, postal_code: Surat, Age Range: 60-70, Size: S"
25-30,Kolkata,Male,XS,4313,"Customer ID: 4313, Gender: Male, postal_code: Kolkata, Age Range: 25-30, Size: XS"
50-60,Mumbai,Female,XS,4314,"Customer ID: 4314, Gender: Female, postal_code: Mumbai, Age Range: 50-60, Size: XS"
20-25,Patna,Female,S,4315,"Customer ID: 4315, Gender: Female, postal_code: Patna, Age Range: 20-25, Size: S"
25-30,Coimbatore,Female,XS,4316,"Customer ID: 4316, Gender: Female, postal_code: Coimbatore, Age Range: 25-30, Size: XS"
40-50,Vadodara,Male,S,4322,"Customer ID: 4322, Gender: Male, postal_code: Vadodara, Age Range: 40-50, Size: S"
50-60,Bengaluru,Male,L,4323,"Customer ID: 4323, Gender: Male, postal_code: Bengaluru, Age Range: 50-60, Size: L"
20-25,Hyderabad,Female,S,4324,"Customer ID: 4324, Gender: Female, postal_code: Hyderabad, Age Range: 20-25, Size: S"
30-35,Delhi,Female,M,4326,"Customer ID: 4326, Gender: Female, postal_code: Delhi, Age Range: 30-35, Size: M"
20-25,Chandigarh,Female,XS,4327,"Customer ID: 4327, Gender: Female, postal_code: Chandigarh, Age Range: 20-25, Size: XS"
25-30,Mumbai,Female,XL,4328,"Customer ID: 4328, Gender: Female, postal_code: Mumbai, Age Range: 25-30, Size: XL"
35-40,Bhopal,Female,L,4329,"Customer ID: 4329, Gender: Female, postal_code: Bhopal, Age Range: 35-40, Size: L"
25-30,Guwahati,Female,XS,4330,"Customer ID: 4330, Gender: Female, postal_code: Guwahati, Age Range: 25-30, Size: XS"
25-30,Chennai,Female,L,4332,"Customer ID: 4332, Gender: Female, postal_code: Chennai, Age Range: 25-30, Size: L"
25-30,Chandigarh,Male,XS,4335,"Customer ID: 4335, Gender: Male, postal_code: Chandigarh, Age Range: 25-30, Size: XS"
40-50,Nagpur,Male,M,4336,"Customer ID: 4336, Gender: Male, postal_code: Nagpur, Age Range: 40-50, Size: M"
60-70,Chandigarh,Female,L,4337,"Customer ID: 4337, Gender: Female, postal_code: Chandigarh, Age Range: 60-70, Size: L"
25-30,Hyderabad,Male,XS,4340,"Customer ID: 4340, Gender: Male, postal_code: Hyderabad, Age Range: 25-30, Size: XS"
15-20,Lucknow,Female,S,4343,"Customer ID: 4343, Gender: Female, postal_code: Lucknow, Age Range: 15-20, Size: S"
25-30,Coimbatore,Female,M,4344,"Customer ID: 4344, Gender: Female, postal_code: Coimbatore, Age Range: 25-30, Size: M"
30-35,Bhopal,Male,XL,4345,"Customer ID: 4345, Gender: Male, postal_code: Bhopal, Age Range: 30-35, Size: XL"
30-35,Lucknow,Female,S,4346,"Customer ID: 4346, Gender: Female, postal_code: Lucknow, Age Range: 30-35, Size: S"
35-40,Vadodara,Female,L,4347,"Customer ID: 4347, Gender: Female, postal_code: Vadodara, Age Range: 35-40, Size: L"
25-30,Nagpur,Male,M,4348,"Customer ID: 4348, Gender: Male, postal_code: Nagpur, Age Range: 25-30, Size: M"
50-60,Chennai,Female,S,4351,"Customer ID: 4351, Gender: Female, postal_code: Chennai, Age Range: 50-60, Size: S"
40-50,Visakhapatnam,Female,L,4353,"Customer ID: 4353, Gender: Female, postal_code: Visakhapatnam, Age Range: 40-50, Size: L"
25-30,Mumbai,Female,XS,4354,"Customer ID: 4354, Gender: Female, postal_code: Mumbai, Age Range: 25-30, Size: XS"
20-25,Mumbai,Female,M,4355,"Customer ID: 4355, Gender: Female, postal_code: Mumbai, Age Range: 20-25, Size: M"
20-25,Mumbai,Female,S,4357,"Customer ID: 4357, Gender: Female, postal_code: Mumbai, Age Range: 20-25, Size: S"
25-30,Delhi,Female,XL,4358,"Customer ID: 4358, Gender: Female, postal_code: Delhi, Age Range: 25-30, Size: XL"
25-30,Nagpur,Female,M,4359,"Customer ID: 4359, Gender: Female, postal_code: Nagpur, Age Range: 25-30, Size: M"
40-50,Bengaluru,Male,XL,4360,"Customer ID: 4360, Gender: Male, postal_code: Bengaluru, Age Range: 40-50, Size: XL"
25-30,Chennai,Female,L,4361,"Customer ID: 4361, Gender: Female, postal_code: Chennai, Age Range: 25-30, Size: L"
20-25,Indore,Female,L,4362,"Customer ID: 4362, Gender: Female, postal_code: Indore, Age Range: 20-25, Size: L"
40-50,Mumbai,Male,XS,4367,"Customer ID: 4367, Gender: Male, postal_code: Mumbai, Age Range: 40-50, Size: XS"
20-25,Pune,Female,M,4368,"Customer ID: 4368, Gender: Female, postal_code: Pune, Age Range: 20-25, Size: M"
25-30,Delhi,Female,S,4369,"Customer ID: 4369, Gender: Female, postal_code: Delhi, Age Range: 25-30, Size: S"
50-60,Mumbai,Female,L,4370,"Customer ID: 4370, Gender: Female, postal_code: Mumbai, Age Range: 50-60, Size: L"
20-25,Bengaluru,Female,M,4371,"Customer ID: 4371, Gender: Female, postal_code: Bengaluru, Age Range: 20-25, Size: M"
30-35,Delhi,Female,L,4373,"Customer ID: 4373, Gender: Female, postal_code: Delhi, Age Range: 30-35, Size: L"
25-30,Delhi,Female,S,4376,"Customer ID: 4376, Gender: Female, postal_code: Delhi, Age Range: 25-30, Size: S"
25-30,Chennai,Male,XS,4378,"Customer ID: 4378, Gender: Male, postal_code: Chennai, Age Range: 25-30, Size: XS"
50-60,Hyderabad,Female,XL,4380,"Customer ID: 4380, Gender: Female, postal_code: Hyderabad, Age Range: 50-60, Size: XL"
20-25,Vadodara,Male,L,4381,"Customer ID: 4381, Gender: Male, postal_code: Vadodara, Age Range: 20-25, Size: L"
35-40,Chennai,Female,M,4382,"Customer ID: 4382, Gender: Female, postal_code: Chennai, Age Range: 35-40, Size: M"
25-30,Nagpur,Female,M,4383,"Customer ID: 4383, Gender: Female, postal_code: Nagpur, Age Range: 25-30, Size: M"
30-35,Jaipur,Female,XL,4384,"Customer ID: 4384, Gender: Female, postal_code: Jaipur, Age Range: 30-35, Size: XL"
35-40,Hyderabad,Male,S,4385,"Customer ID: 4385, Gender: Male, postal_code: Hyderabad, Age Range: 35-40, Size: S"
20-25,Chandigarh,Male,XL,4386,"Customer ID: 4386, Gender: Male, postal_code: Chandigarh, Age Range: 20-25, Size: XL"
40-50,Chandigarh,Male,XS,4387,"Customer ID: 4387, Gender: Male, postal_code: Chandigarh, Age Range: 40-50, Size: XS"
25-30,Delhi,Female,XS,4388,"Customer ID: 4388, Gender: Female, postal_code: Delhi, Age Range: 25-30, Size: XS"
50-60,Delhi,Female,S,4389,"Customer ID: 4389, Gender: Female, postal_code: Delhi, Age Range: 50-60, Size: S"
25-30,Mumbai,Male,XL,4391,"Customer ID: 4391, Gender: Male, postal_code: Mumbai, Age Range: 25-30, Size: XL"
20-25,Hyderabad,Female,XL,4392,"Customer ID: 4392, Gender: Female, postal_code: Hyderabad, Age Range: 20-25, Size: XL"
20-25,Bengaluru,Female,L,4394,"Customer ID: 4394, Gender: Female, postal_code: Bengaluru, Age Range: 20-25, Size: L"
50-60,Hyderabad,Female,XS,4396,"Customer ID: 4396, Gender: Female, postal_code: Hyderabad, Age Range: 50-60, Size: XS"
40-50,Hyderabad,Female,XL,4397,"Customer ID: 4397, Gender: Female, postal_code: Hyderabad, Age Range: 40-50, Size: XL"
30-35,Mumbai,Female,L,4399,"Customer ID: 4399, Gender: Female, postal_code: Mumbai, Age Range: 30-35, Size: L"
30-35,Chennai,Male,S,4401,"Customer ID: 4401, Gender: Male, postal_code: Chennai, Age Range: 30-35, Size: S"
20-25,Bengaluru,Female,L,4403,"Customer ID: 4403, Gender: Female, postal_code: Bengaluru, Age Range: 20-25, Size: L"
50-60,Pune,Female,XS,4408,"Customer ID: 4408, Gender: Female, postal_code: Pune, Age Range: 50-60, Size: XS"
25-30,Kolkata,Male,S,4409,"Customer ID: 4409, Gender: Male, postal_code: Kolkata, Age Range: 25-30, Size: S"
40-50,Surat,Female,M,4413,"Customer ID: 4413, Gender: Female, postal_code: Surat, Age Range: 40-50, Size: M"
60-70,Chandigarh,Female,XL,4417,"Customer ID: 4417, Gender: Female, postal_code: Chandigarh, Age Range: 60-70, Size: XL"
15-20,Delhi,Male,S,4418,"Customer ID: 4418, Gender: Male, postal_code: Delhi, Age Range: 15-20, Size: S"
50-60,Mumbai,Female,M,4420,"Customer ID: 4420, Gender: Female, postal_code: Mumbai, Age Range: 50-60, Size: M"
30-35,Bengaluru,Female,XL,4421,"Customer ID: 4421, Gender: Female, postal_code: Bengaluru, Age Range: 30-35, Size: XL"
25-30,Mumbai,Female,XS,4423,"Customer ID: 4423, Gender: Female, postal_code: Mumbai, Age Range: 25-30, Size: XS"
25-30,Delhi,Male,L,4424,"Customer ID: 4424, Gender: Male, postal_code: Delhi, Age Range: 25-30, Size: L"
35-40,Coimbatore,Female,M,4427,"Customer ID: 4427, Gender: Female, postal_code: Coimbatore, Age Range: 35-40, Size: M"
50-60,Chennai,Male,L,4428,"Customer ID: 4428, Gender: Male, postal_code: Chennai, Age Range: 50-60, Size: L"
40-50,Coimbatore,Male,XS,4433,"Customer ID: 4433, Gender: Male, postal_code: Coimbatore, Age Range: 40-50, Size: XS"
25-30,Vadodara,Male,S,4434,"Customer ID: 4434, Gender: Male, postal_code: Vadodara, Age Range: 25-30, Size: S"
25-30,Vadodara,Male,L,4435,"Customer ID: 4435, Gender: Male, postal_code: Vadodara, Age Range: 25-30, Size: L"
50-60,Jaipur,Male,S,4436,"Customer ID: 4436, Gender: Male, postal_code: Jaipur, Age Range: 50-60, Size: S"
50-60,Delhi,Male,L,4437,"Customer ID: 4437, Gender: Male, postal_code: Delhi, Age Range: 50-60, Size: L"
20-25,Guwahati,Female,XL,4438,"Customer ID: 4438, Gender: Female, postal_code: Guwahati, Age Range: 20-25, Size: XL"
25-30,Bengaluru,Female,XL,4440,"Customer ID: 4440, Gender: Female, postal_code: Bengaluru, Age Range: 25-30, Size: XL"
25-30,Ahmedabad,Female,L,4442,"Customer ID: 4442, Gender: Female, postal_code: Ahmedabad, Age Range: 25-30, Size: L"
25-30,Delhi,Female,XL,4443,"Customer ID: 4443, Gender: Female, postal_code: Delhi, Age Range: 25-30, Size: XL"
25-30,Pune,Female,M,4444,"Customer ID: 4444, Gender: Female, postal_code: Pune, Age Range: 25-30, Size: M"
30-35,Chennai,Female,M,4445,"Customer ID: 4445, Gender: Female, postal_code: Chennai, Age Range: 30-35, Size: M"
25-30,Hyderabad,Female,XL,4447,"Customer ID: 4447, Gender: Female, postal_code: Hyderabad, Age Range: 25-30, Size: XL"
25-30,Delhi,Female,S,4449,"Customer ID: 4449, Gender: Female, postal_code: Delhi, Age Range: 25-30, Size: S"
50-60,Coimbatore,Female,S,4452,"Customer ID: 4452, Gender: Female, postal_code: Coimbatore, Age Range: 50-60, Size: S"
30-35,Ahmedabad,Female,S,4453,"Customer ID: 4453, Gender: Female, postal_code: Ahmedabad, Age Range: 30-35, Size: S"
40-50,Chennai,Female,XL,4455,"Customer ID: 4455, Gender: Female, postal_code: Chennai, Age Range: 40-50, Size: XL"
30-35,Delhi,Male,S,4456,"Customer ID: 4456, Gender: Male, postal_code: Delhi, Age Range: 30-35, Size: S"
25-30,Hyderabad,Male,S,4457,"Customer ID: 4457, Gender: Male, postal_code: Hyderabad, Age Range: 25-30, Size: S"
25-30,Mumbai,Male,XS,4458,"Customer ID: 4458, Gender: Male, postal_code: Mumbai, Age Range: 25-30, Size: XS"
25-30,Mumbai,Female,M,4462,"Customer ID: 4462, Gender: Female, postal_code: Mumbai, Age Range: 25-30, Size: M"
25-30,Delhi,Female,M,4464,"Customer ID: 4464, Gender: Female, postal_code: Delhi, Age Range: 25-30, Size: M"
40-50,Vadodara,Male,M,4465,"Customer ID: 4465, Gender: Male, postal_code: Vadodara, Age Range: 40-50, Size: M"
50-60,Guwahati,Female,XL,4466,"Customer ID: 4466, Gender: Female, postal_code: Guwahati, Age Range: 50-60, Size: XL"
40-50,Pune,Female,M,4470,"Customer ID: 4470, Gender: Female, postal_code: Pune, Age Range: 40-50, Size: M"
20-25,Delhi,Male,XL,4472,"Customer ID: 4472, Gender: Male, postal_code: Delhi, Age Range: 20-25, Size: XL"
20-25,Visakhapatnam,Male,L,4473,"Customer ID: 4473, Gender: Male, postal_code: Visakhapatnam, Age Range: 20-25, Size: L"
30-35,Chennai,Female,XL,4474,"Customer ID: 4474, Gender: Female, postal_code: Chennai, Age Range: 30-35, Size: XL"
70-80,Coimbatore,Male,S,4476,"Customer ID: 4476, Gender: Male, postal_code: Coimbatore, Age Range: 70-80, Size: S"
25-30,Guwahati,Female,S,4479,"Customer ID: 4479, Gender: Female, postal_code: Guwahati, Age Range: 25-30, Size: S"
20-25,Nagpur,Female,XL,4480,"Customer ID: 4480, Gender: Female, postal_code: Nagpur, Age Range: 20-25, Size: XL"
50-60,Lucknow,Female,XS,4485,"Customer ID: 4485, Gender: Female, postal_code: Lucknow, Age Range: 50-60, Size: XS"
35-40,Pune,Female,XL,4487,"Customer ID: 4487, Gender: Female, postal_code: Pune, Age Range: 35-40, Size: XL"
40-50,Hyderabad,Female,S,4488,"Customer ID: 4488, Gender: Female, postal_code: Hyderabad, Age Range: 40-50, Size: S"
25-30,Jaipur,Female,L,4490,"Customer ID: 4490, Gender: Female, postal_code: Jaipur, Age Range: 25-30, Size: L"
40-50,Ahmedabad,Female,M,4492,"Customer ID: 4492, Gender: Female, postal_code: Ahmedabad, Age Range: 40-50, Size: M"
30-35,Delhi,Female,M,4493,"Customer ID: 4493, Gender: Female, postal_code: Delhi, Age Range: 30-35, Size: M"
40-50,Jaipur,Male,M,4494,"Customer ID: 4494, Gender: Male, postal_code: Jaipur, Age Range: 40-50, Size: M"
35-40,Hyderabad,Female,L,4496,"Customer ID: 4496, Gender: Female, postal_code: Hyderabad, Age Range: 35-40, Size: L"
50-60,Chennai,Female,XL,4498,"Customer ID: 4498, Gender: Female, postal_code: Chennai, Age Range: 50-60, Size: XL"
40-50,Bengaluru,Female,XS,4499,"Customer ID: 4499, Gender: Female, postal_code: Bengaluru, Age Range: 40-50, Size: XS"
50-60,Kolkata,Male,XS,4501,"Customer ID: 4501, Gender: Male, postal_code: Kolkata, Age Range: 50-60, Size: XS"
50-60,Mumbai,Female,XL,4507,"Customer ID: 4507, Gender: Female, postal_code: Mumbai, Age Range: 50-60, Size: XL"
20-25,Delhi,Male,XL,4508,"Customer ID: 4508, Gender: Male, postal_code: Delhi, Age Range: 20-25, Size: XL"
50-60,Chennai,Male,XS,4509,"Customer ID: 4509, Gender: Male, postal_code: Chennai, Age Range: 50-60, Size: XS"
40-50,Chennai,Female,M,4510,"Customer ID: 4510, Gender: Female, postal_code: Chennai, Age Range: 40-50, Size: M"
35-40,Mumbai,Female,XL,4511,"Customer ID: 4511, Gender: Female, postal_code: Mumbai, Age Range: 35-40, Size: XL"
30-35,Hyderabad,Female,M,4512,"Customer ID: 4512, Gender: Female, postal_code: Hyderabad, Age Range: 30-35, Size: M"
30-35,Jaipur,Female,XS,4516,"Customer ID: 4516, Gender: Female, postal_code: Jaipur, Age Range: 30-35, Size: XS"
60-70,Delhi,Male,XL,4517,"Customer ID: 4517, Gender: Male, postal_code: Delhi, Age Range: 60-70, Size: XL"
40-50,Vadodara,Female,XL,4519,"Customer ID: 4519, Gender: Female, postal_code: Vadodara, Age Range: 40-50, Size: XL"
50-60,Hyderabad,Male,S,4520,"Customer ID: 4520, Gender: Male, postal_code: Hyderabad, Age Range: 50-60, Size: S"
20-25,Kolkata,Female,XL,4521,"Customer ID: 4521, Gender: Female, postal_code: Kolkata, Age Range: 20-25, Size: XL"
25-30,Hyderabad,Male,L,4523,"Customer ID: 4523, Gender: Male, postal_code: Hyderabad, Age Range: 25-30, Size: L"
50-60,Delhi,Female,M,4526,"Customer ID: 4526, Gender: Female, postal_code: Delhi, Age Range: 50-60, Size: M"
30-35,Hyderabad,Male,L,4527,"Customer ID: 4527, Gender: Male, postal_code: Hyderabad, Age Range: 30-35, Size: L"
40-50,Lucknow,Male,XL,4529,"Customer ID: 4529, Gender: Male, postal_code: Lucknow, Age Range: 40-50, Size: XL"
20-25,Bengaluru,Female,L,4530,"Customer ID: 4530, Gender: Female, postal_code: Bengaluru, Age Range: 20-25, Size: L"
30-35,Hyderabad,Female,XS,4533,"Customer ID: 4533, Gender: Female, postal_code: Hyderabad, Age Range: 30-35, Size: XS"
25-30,Delhi,Male,M,4535,"Customer ID: 4535, Gender: Male, postal_code: Delhi, Age Range: 25-30, Size: M"
25-30,Surat,Female,XL,4536,"Customer ID: 4536, Gender: Female, postal_code: Surat, Age Range: 25-30, Size: XL"
25-30,Chennai,Male,XL,4537,"Customer ID: 4537, Gender: Male, postal_code: Chennai, Age Range: 25-30, Size: XL"
35-40,Mumbai,Male,M,4540,"Customer ID: 4540, Gender: Male, postal_code: Mumbai, Age Range: 35-40, Size: M"
20-25,Mumbai,Female,M,4541,"Customer ID: 4541, Gender: Female, postal_code: Mumbai, Age Range: 20-25, Size: M"
25-30,Vadodara,Female,XS,4542,"Customer ID: 4542, Gender: Female, postal_code: Vadodara, Age Range: 25-30, Size: XS"
25-30,Mumbai,Female,M,4543,"Customer ID: 4543, Gender: Female, postal_code: Mumbai, Age Range: 25-30, Size: M"
50-60,Chennai,Female,M,4544,"Customer ID: 4544, Gender: Female, postal_code: Chennai, Age Range: 50-60, Size: M"
40-50,Mumbai,Male,XL,4545,"Customer ID: 4545, Gender: Male, postal_code: Mumbai, Age Range: 40-50, Size: XL"
20-25,Mumbai,Male,S,4546,"Customer ID: 4546, Gender: Male, postal_code: Mumbai, Age Range: 20-25, Size: S"
30-35,Ahmedabad,Female,XS,4548,"Customer ID: 4548, Gender: Female, postal_code: Ahmedabad, Age Range: 30-35, Size: XS"
25-30,Vadodara,Male,L,4551,"Customer ID: 4551, Gender: Male, postal_code: Vadodara, Age Range: 25-30, Size: L"
25-30,Ahmedabad,Male,XL,4553,"Customer ID: 4553, Gender: Male, postal_code: Ahmedabad, Age Range: 25-30, Size: XL"
60-70,Delhi,Female,M,4554,"Customer ID: 4554, Gender: Female, postal_code: Delhi, Age Range: 60-70, Size: M"
30-35,Patna,Male,M,4555,"Customer ID: 4555, Gender: Male, postal_code: Patna, Age Range: 30-35, Size: M"
70-80,Patna,Male,XL,4556,"Customer ID: 4556, Gender: Male, postal_code: Patna, Age Range: 70-80, Size: XL"
50-60,Mumbai,Female,S,4557,"Customer ID: 4557, Gender: Female, postal_code: Mumbai, Age Range: 50-60, Size: S"
20-25,Chennai,Female,S,4561,"Customer ID: 4561, Gender: Female, postal_code: Chennai, Age Range: 20-25, Size: S"
50-60,Chennai,Male,L,4562,"Customer ID: 4562, Gender: Male, postal_code: Chennai, Age Range: 50-60, Size: L"
25-30,Pune,Female,XL,4563,"Customer ID: 4563, Gender: Female, postal_code: Pune, Age Range: 25-30, Size: XL"
50-60,Indore,Female,XL,4565,"Customer ID: 4565, Gender: Female, postal_code: Indore, Age Range: 50-60, Size: XL"
40-50,Chandigarh,Female,S,4567,"Customer ID: 4567, Gender: Female, postal_code: Chandigarh, Age Range: 40-50, Size: S"
30-35,Visakhapatnam,Female,XL,4570,"Customer ID: 4570, Gender: Female, postal_code: Visakhapatnam, Age Range: 30-35, Size: XL"
35-40,Hyderabad,Male,XS,4571,"Customer ID: 4571, Gender: Male, postal_code: Hyderabad, Age Range: 35-40, Size: XS"
25-30,Guwahati,Male,XL,4573,"Customer ID: 4573, Gender: Male, postal_code: Guwahati, Age Range: 25-30, Size: XL"
20-25,Delhi,Male,XS,4575,"Customer ID: 4575, Gender: Male, postal_code: Delhi, Age Range: 20-25, Size: XS"
50-60,Bengaluru,Male,XS,4576,"Customer ID: 4576, Gender: Male, postal_code: Bengaluru, Age Range: 50-60, Size: XS"
25-30,Mumbai,Male,XS,4577,"Customer ID: 4577, Gender: Male, postal_code: Mumbai, Age Range: 25-30, Size: XS"
20-25,Mumbai,Male,M,4579,"Customer ID: 4579, Gender: Male, postal_code: Mumbai, Age Range: 20-25, Size: M"
60-70,Bengaluru,Female,XS,4580,"Customer ID: 4580, Gender: Female, postal_code: Bengaluru, Age Range: 60-70, Size: XS"
70-80,Mumbai,Female,S,4583,"Customer ID: 4583, Gender: Female, postal_code: Mumbai, Age Range: 70-80, Size: S"
50-60,Bengaluru,Female,XS,4585,"Customer ID: 4585, Gender: Female, postal_code: Bengaluru, Age Range: 50-60, Size: XS"
20-25,Coimbatore,Female,XL,4586,"Customer ID: 4586, Gender: Female, postal_code: Coimbatore, Age Range: 20-25, Size: XL"
20-25,Chandigarh,Female,S,4589,"Customer ID: 4589, Gender: Female, postal_code: Chandigarh, Age Range: 20-25, Size: S"
60-70,Hyderabad,Female,XS,4591,"Customer ID: 4591, Gender: Female, postal_code: Hyderabad, Age Range: 60-70, Size: XS"
30-35,Mumbai,Female,S,4592,"Customer ID: 4592, Gender: Female, postal_code: Mumbai, Age Range: 30-35, Size: S"
60-70,Hyderabad,Female,XL,4594,"Customer ID: 4594, Gender: Female, postal_code: Hyderabad, Age Range: 60-70, Size: XL"
35-40,Bengaluru,Female,XS,4595,"Customer ID: 4595, Gender: Female, postal_code: Bengaluru, Age Range: 35-40, Size: XS"
25-30,Ahmedabad,Female,S,4598,"Customer ID: 4598, Gender: Female, postal_code: Ahmedabad, Age Range: 25-30, Size: S"
50-60,Chennai,Male,XS,4599,"Customer ID: 4599, Gender: Male, postal_code: Chennai, Age Range: 50-60, Size: XS"
20-25,Chennai,Female,S,4600,"Customer ID: 4600, Gender: Female, postal_code: Chennai, Age Range: 20-25, Size: S"
50-60,Ahmedabad,Male,XL,4602,"Customer ID: 4602, Gender: Male, postal_code: Ahmedabad, Age Range: 50-60, Size: XL"
25-30,Bhopal,Female,S,4604,"Customer ID: 4604, Gender: Female, postal_code: Bhopal, Age Range: 25-30, Size: S"
25-30,Chennai,Female,S,4605,"Customer ID: 4605, Gender: Female, postal_code: Chennai, Age Range: 25-30, Size: S"
60-70,Jaipur,Male,XS,4606,"Customer ID: 4606, Gender: Male, postal_code: Jaipur, Age Range: 60-70, Size: XS"
35-40,Hyderabad,Female,S,4607,"Customer ID: 4607, Gender: Female, postal_code: Hyderabad, Age Range: 35-40, Size: S"
40-50,Hyderabad,Female,M,4608,"Customer ID: 4608, Gender: Female, postal_code: Hyderabad, Age Range: 40-50, Size: M"
40-50,Bengaluru,Female,XS,4609,"Customer ID: 4609, Gender: Female, postal_code: Bengaluru, Age Range: 40-50, Size: XS"
25-30,Guwahati,Female,S,4612,"Customer ID: 4612, Gender: Female, postal_code: Guwahati, Age Range: 25-30, Size: S"
20-25,Delhi,Male,L,4614,"Customer ID: 4614, Gender: Male, postal_code: Delhi, Age Range: 20-25, Size: L"
50-60,Hyderabad,Male,XL,4615,"Customer ID: 4615, Gender: Male, postal_code: Hyderabad, Age Range: 50-60, Size: XL"
50-60,Hyderabad,Female,M,4617,"Customer ID: 4617, Gender: Female, postal_code: Hyderabad, Age Range: 50-60, Size: M"
20-25,Surat,Male,S,4619,"Customer ID: 4619, Gender: Male, postal_code: Surat, Age Range: 20-25, Size: S"
50-60,Chennai,Female,L,4621,"Customer ID: 4621, Gender: Female, postal_code: Chennai, Age Range: 50-60, Size: L"
50-60,Hyderabad,Male,XL,4622,"Customer ID: 4622, Gender: Male, postal_code: Hyderabad, Age Range: 50-60, Size: XL"
50-60,Nagpur,Male,XS,4628,"Customer ID: 4628, Gender: Male, postal_code: Nagpur, Age Range: 50-60, Size: XS"
25-30,Chandigarh,Female,L,4629,"Customer ID: 4629, Gender: Female, postal_code: Chandigarh, Age Range: 25-30, Size: L"
35-40,Ahmedabad,Female,S,4632,"Customer ID: 4632, Gender: Female, postal_code: Ahmedabad, Age Range: 35-40, Size: S"
15-20,Indore,Male,L,4633,"Customer ID: 4633, Gender: Male, postal_code: Indore, Age Range: 15-20, Size: L"
20-25,Mumbai,Female,XS,4634,"Customer ID: 4634, Gender: Female, postal_code: Mumbai, Age Range: 20-25, Size: XS"
30-35,Bengaluru,Male,L,4635,"Customer ID: 4635, Gender: Male, postal_code: Bengaluru, Age Range: 30-35, Size: L"
35-40,Patna,Female,M,4636,"Customer ID: 4636, Gender: Female, postal_code: Patna, Age Range: 35-40, Size: M"
20-25,Chennai,Female,L,4637,"Customer ID: 4637, Gender: Female, postal_code: Chennai, Age Range: 20-25, Size: L"
25-30,Chennai,Male,L,4638,"Customer ID: 4638, Gender: Male, postal_code: Chennai, Age Range: 25-30, Size: L"
35-40,Chennai,Female,S,4639,"Customer ID: 4639, Gender: Female, postal_code: Chennai, Age Range: 35-40, Size: S"
50-60,Mumbai,Female,L,4640,"Customer ID: 4640, Gender: Female, postal_code: Mumbai, Age Range: 50-60, Size: L"
35-40,Indore,Male,M,4641,"Customer ID: 4641, Gender: Male, postal_code: Indore, Age Range: 35-40, Size: M"
25-30,Surat,Male,M,4642,"Customer ID: 4642, Gender: Male, postal_code: Surat, Age Range: 25-30, Size: M"
50-60,Guwahati,Female,S,4643,"Customer ID: 4643, Gender: Female, postal_code: Guwahati, Age Range: 50-60, Size: S"
25-30,Visakhapatnam,Male,L,4644,"Customer ID: 4644, Gender: Male, postal_code: Visakhapatnam, Age Range: 25-30, Size: L"
50-60,Delhi,Female,XL,4645,"Customer ID: 4645, Gender: Female, postal_code: Delhi, Age Range: 50-60, Size: XL"
20-25,Hyderabad,Male,L,4646,"Customer ID: 4646, Gender: Male, postal_code: Hyderabad, Age Range: 20-25, Size: L"
25-30,Delhi,Male,S,4650,"Customer ID: 4650, Gender: Male, postal_code: Delhi, Age Range: 25-30, Size: S"
60-70,Vadodara,Male,XS,4652,"Customer ID: 4652, Gender: Male, postal_code: Vadodara, Age Range: 60-70, Size: XS"
35-40,Bengaluru,Male,XS,4654,"Customer ID: 4654, Gender: Male, postal_code: Bengaluru, Age Range: 35-40, Size: XS"
40-50,Kolkata,Female,S,4660,"Customer ID: 4660, Gender: Female, postal_code: Kolkata, Age Range: 40-50, Size: S"
20-25,Chennai,Male,M,4661,"Customer ID: 4661, Gender: Male, postal_code: Chennai, Age Range: 20-25, Size: M"
25-30,Ahmedabad,Female,XL,4663,"Customer ID: 4663, Gender: Female, postal_code: Ahmedabad, Age Range: 25-30, Size: XL"
60-70,Mumbai,Male,XL,4664,"Customer ID: 4664, Gender: Male, postal_code: Mumbai, Age Range: 60-70, Size: XL"
40-50,Visakhapatnam,Male,M,4665,"Customer ID: 4665, Gender: Male, postal_code: Visakhapatnam, Age Range: 40-50, Size: M"
20-25,Guwahati,Female,XS,4666,"Customer ID: 4666, Gender: Female, postal_code: Guwahati, Age Range: 20-25, Size: XS"
30-35,Chennai,Female,S,4669,"Customer ID: 4669, Gender: Female, postal_code: Chennai, Age Range: 30-35, Size: S"
25-30,Delhi,Male,XL,4670,"Customer ID: 4670, Gender: Male, postal_code: Delhi, Age Range: 25-30, Size: XL"
50-60,Guwahati,Male,L,4673,"Customer ID: 4673, Gender: Male, postal_code: Guwahati, Age Range: 50-60, Size: L"
70-80,Indore,Female,L,4677,"Customer ID: 4677, Gender: Female, postal_code: Indore, Age Range: 70-80, Size: L"
25-30,Jaipur,Male,M,4679,"Customer ID: 4679, Gender: Male, postal_code: Jaipur, Age Range: 25-30, Size: M"
50-60,Hyderabad,Female,XL,4682,"Customer ID: 4682, Gender: Female, postal_code: Hyderabad, Age Range: 50-60, Size: XL"
40-50,Chennai,Female,S,4683,"Customer ID: 4683, Gender: Female, postal_code: Chennai, Age Range: 40-50, Size: S"
30-35,Lucknow,Female,M,4684,"Customer ID: 4684, Gender: Female, postal_code: Lucknow, Age Range: 30-35, Size: M"
25-30,Mumbai,Male,L,4687,"Customer ID: 4687, Gender: Male, postal_code: Mumbai, Age Range: 25-30, Size: L"
30-35,Chennai,Female,XL,4691,"Customer ID: 4691, Gender: Female, postal_code: Chennai, Age Range: 30-35, Size: XL"
20-25,Kolkata,Male,S,4693,"Customer ID: 4693, Gender: Male, postal_code: Kolkata, Age Range: 20-25, Size: S"
15-20,Vadodara,Male,XL,4694,"Customer ID: 4694, Gender: Male, postal_code: Vadodara, Age Range: 15-20, Size: XL"
25-30,Pune,Male,XS,4695,"Customer ID: 4695, Gender: Male, postal_code: Pune, Age Range: 25-30, Size: XS"
50-60,Bengaluru,Male,L,4696,"Customer ID: 4696, Gender: Male, postal_code: Bengaluru, Age Range: 50-60, Size: L"
50-60,Vadodara,Female,XL,4697,"Customer ID: 4697, Gender: Female, postal_code: Vadodara, Age Range: 50-60, Size: XL"
25-30,Hyderabad,Male,S,4698,"Customer ID: 4698, Gender: Male, postal_code: Hyderabad, Age Range: 25-30, Size: S"
50-60,Indore,Female,S,4699,"Customer ID: 4699, Gender: Female, postal_code: Indore, Age Range: 50-60, Size: S"
25-30,Mumbai,Female,S,4701,"Customer ID: 4701, Gender: Female, postal_code: Mumbai, Age Range: 25-30, Size: S"
30-35,Hyderabad,Female,XL,4702,"Customer ID: 4702, Gender: Female, postal_code: Hyderabad, Age Range: 30-35, Size: XL"
25-30,Chennai,Male,M,4703,"Customer ID: 4703, Gender: Male, postal_code: Chennai, Age Range: 25-30, Size: M"
30-35,Hyderabad,Male,XL,4704,"Customer ID: 4704, Gender: Male, postal_code: Hyderabad, Age Range: 30-35, Size: XL"
60-70,Vadodara,Male,L,4705,"Customer ID: 4705, Gender: Male, postal_code: Vadodara, Age Range: 60-70, Size: L"
,Delhi,Female,M,4706,"Customer ID: 4706, Gender: Female, postal_code: Delhi, Age Range: nan, Size: M"
20-25,Surat,Female,S,4707,"Customer ID: 4707, Gender: Female, postal_code: Surat, Age Range: 20-25, Size: S"
50-60,Coimbatore,Female,XS,4709,"Customer ID: 4709, Gender: Female, postal_code: Coimbatore, Age Range: 50-60, Size: XS"
50-60,Hyderabad,Female,XL,4710,"Customer ID: 4710, Gender: Female, postal_code: Hyderabad, Age Range: 50-60, Size: XL"
50-60,Mumbai,Female,XL,4713,"Customer ID: 4713, Gender: Female, postal_code: Mumbai, Age Range: 50-60, Size: XL"
40-50,Delhi,Female,XL,4714,"Customer ID: 4714, Gender: Female, postal_code: Delhi, Age Range: 40-50, Size: XL"
20-25,Lucknow,Male,XS,4716,"Customer ID: 4716, Gender: Male, postal_code: Lucknow, Age Range: 20-25, Size: XS"
25-30,Bengaluru,Female,M,4718,"Customer ID: 4718, Gender: Female, postal_code: Bengaluru, Age Range: 25-30, Size: M"
50-60,Bengaluru,Male,S,4719,"Customer ID: 4719, Gender: Male, postal_code: Bengaluru, Age Range: 50-60, Size: S"
50-60,Surat,Female,S,4720,"Customer ID: 4720, Gender: Female, postal_code: Surat, Age Range: 50-60, Size: S"
20-25,Chandigarh,Female,M,4723,"Customer ID: 4723, Gender: Female, postal_code: Chandigarh, Age Range: 20-25, Size: M"
25-30,Hyderabad,Male,M,4726,"Customer ID: 4726, Gender: Male, postal_code: Hyderabad, Age Range: 25-30, Size: M"
40-50,Ahmedabad,Male,XL,4728,"Customer ID: 4728, Gender: Male, postal_code: Ahmedabad, Age Range: 40-50, Size: XL"
60-70,Chennai,Male,S,4730,"Customer ID: 4730, Gender: Male, postal_code: Chennai, Age Range: 60-70, Size: S"
35-40,Ahmedabad,Female,XS,4731,"Customer ID: 4731, Gender: Female, postal_code: Ahmedabad, Age Range: 35-40, Size: XS"
40-50,Bhopal,Male,XS,4734,"Customer ID: 4734, Gender: Male, postal_code: Bhopal, Age Range: 40-50, Size: XS"
30-35,Delhi,Female,M,4735,"Customer ID: 4735, Gender: Female, postal_code: Delhi, Age Range: 30-35, Size: M"
40-50,Ahmedabad,Female,XS,4736,"Customer ID: 4736, Gender: Female, postal_code: Ahmedabad, Age Range: 40-50, Size: XS"
40-50,Bengaluru,Female,L,4739,"Customer ID: 4739, Gender: Female, postal_code: Bengaluru, Age Range: 40-50, Size: L"
20-25,Jaipur,Male,S,4740,"Customer ID: 4740, Gender: Male, postal_code: Jaipur, Age Range: 20-25, Size: S"
25-30,Surat,Male,M,4742,"Customer ID: 4742, Gender: Male, postal_code: Surat, Age Range: 25-30, Size: M"
25-30,Hyderabad,Male,XL,4743,"Customer ID: 4743, Gender: Male, postal_code: Hyderabad, Age Range: 25-30, Size: XL"
40-50,Mumbai,Female,S,4744,"Customer ID: 4744, Gender: Female, postal_code: Mumbai, Age Range: 40-50, Size: S"
20-25,Mumbai,Female,S,4747,"Customer ID: 4747, Gender: Female, postal_code: Mumbai, Age Range: 20-25, Size: S"
50-60,Chennai,Female,XS,4748,"Customer ID: 4748, Gender: Female, postal_code: Chennai, Age Range: 50-60, Size: XS"
50-60,Bengaluru,Female,L,4749,"Customer ID: 4749, Gender: Female, postal_code: Bengaluru, Age Range: 50-60, Size: L"
20-25,Chennai,Female,M,4750,"Customer ID: 4750, Gender: Female, postal_code: Chennai, Age Range: 20-25, Size: M"
20-25,Hyderabad,Female,S,4752,"Customer ID: 4752, Gender: Female, postal_code: Hyderabad, Age Range: 20-25, Size: S"
25-30,Chandigarh,Female,L,4753,"Customer ID: 4753, Gender: Female, postal_code: Chandigarh, Age Range: 25-30, Size: L"
20-25,Hyderabad,Female,L,4755,"Customer ID: 4755, Gender: Female, postal_code: Hyderabad, Age Range: 20-25, Size: L"
40-50,Jaipur,Male,L,4756,"Customer ID: 4756, Gender: Male, postal_code: Jaipur, Age Range: 40-50, Size: L"
50-60,Jaipur,Male,M,4758,"Customer ID: 4758, Gender: Male, postal_code: Jaipur, Age Range: 50-60, Size: M"
25-30,Patna,Female,XS,4761,"Customer ID: 4761, Gender: Female, postal_code: Patna, Age Range: 25-30, Size: XS"
30-35,Hyderabad,Female,L,4762,"Customer ID: 4762, Gender: Female, postal_code: Hyderabad, Age Range: 30-35, Size: L"
30-35,Mumbai,Female,S,4763,"Customer ID: 4763, Gender: Female, postal_code: Mumbai, Age Range: 30-35, Size: S"
30-35,Delhi,Male,M,4764,"Customer ID: 4764, Gender: Male, postal_code: Delhi, Age Range: 30-35, Size: M"
20-25,Delhi,Male,XS,4765,"Customer ID: 4765, Gender: Male, postal_code: Delhi, Age Range: 20-25, Size: XS"
35-40,Hyderabad,Male,S,4767,"Customer ID: 4767, Gender: Male, postal_code: Hyderabad, Age Range: 35-40, Size: S"
50-60,Chennai,Male,S,4769,"Customer ID: 4769, Gender: Male, postal_code: Chennai, Age Range: 50-60, Size: S"
20-25,Chennai,Female,XL,4771,"Customer ID: 4771, Gender: Female, postal_code: Chennai, Age Range: 20-25, Size: XL"
25-30,Delhi,Female,XS,4772,"Customer ID: 4772, Gender: Female, postal_code: Delhi, Age Range: 25-30, Size: XS"
20-25,Chennai,Male,XS,4773,"Customer ID: 4773, Gender: Male, postal_code: Chennai, Age Range: 20-25, Size: XS"
70-80,Bengaluru,Female,S,4775,"Customer ID: 4775, Gender: Female, postal_code: Bengaluru, Age Range: 70-80, Size: S"
60-70,Lucknow,Male,XL,4776,"Customer ID: 4776, Gender: Male, postal_code: Lucknow, Age Range: 60-70, Size: XL"
20-25,Hyderabad,Female,XS,4778,"Customer ID: 4778, Gender: Female, postal_code: Hyderabad, Age Range: 20-25, Size: XS"
20-25,Kolkata,Male,M,4780,"Customer ID: 4780, Gender: Male, postal_code: Kolkata, Age Range: 20-25, Size: M"
30-35,Hyderabad,Female,XS,4782,"Customer ID: 4782, Gender: Female, postal_code: Hyderabad, Age Range: 30-35, Size: XS"
50-60,Chennai,Female,XS,4783,"Customer ID: 4783, Gender: Female, postal_code: Chennai, Age Range: 50-60, Size: XS"
20-25,Bengaluru,Female,L,4784,"Customer ID: 4784, Gender: Female, postal_code: Bengaluru, Age Range: 20-25, Size: L"
50-60,Bhopal,Female,XS,4785,"Customer ID: 4785, Gender: Female, postal_code: Bhopal, Age Range: 50-60, Size: XS"
50-60,Mumbai,Male,M,4786,"Customer ID: 4786, Gender: Male, postal_code: Mumbai, Age Range: 50-60, Size: M"
40-50,Bhopal,Female,L,4788,"Customer ID: 4788, Gender: Female, postal_code: Bhopal, Age Range: 40-50, Size: L"
30-35,Delhi,Male,XL,4791,"Customer ID: 4791, Gender: Male, postal_code: Delhi, Age Range: 30-35, Size: XL"
50-60,Nagpur,Male,M,4792,"Customer ID: 4792, Gender: Male, postal_code: Nagpur, Age Range: 50-60, Size: M"
30-35,Lucknow,Female,XL,4793,"Customer ID: 4793, Gender: Female, postal_code: Lucknow, Age Range: 30-35, Size: XL"
40-50,Bengaluru,Male,M,4797,"Customer ID: 4797, Gender: Male, postal_code: Bengaluru, Age Range: 40-50, Size: M"
30-35,Bengaluru,Female,M,4799,"Customer ID: 4799, Gender: Female, postal_code: Bengaluru, Age Range: 30-35, Size: M"
40-50,Hyderabad,Female,XS,4801,"Customer ID: 4801, Gender: Female, postal_code: Hyderabad, Age Range: 40-50, Size: XS"
40-50,Vadodara,Female,L,4802,"Customer ID: 4802, Gender: Female, postal_code: Vadodara, Age Range: 40-50, Size: L"
30-35,Guwahati,Female,S,4804,"Customer ID: 4804, Gender: Female, postal_code: Guwahati, Age Range: 30-35, Size: S"
25-30,Hyderabad,Female,L,4806,"Customer ID: 4806, Gender: Female, postal_code: Hyderabad, Age Range: 25-30, Size: L"
30-35,Kolkata,Female,S,4807,"Customer ID: 4807, Gender: Female, postal_code: Kolkata, Age Range: 30-35, Size: S"
40-50,Mumbai,Female,M,4808,"Customer ID: 4808, Gender: Female, postal_code: Mumbai, Age Range: 40-50, Size: M"
60-70,Hyderabad,Male,M,4809,"Customer ID: 4809, Gender: Male, postal_code: Hyderabad, Age Range: 60-70, Size: M"
40-50,Vadodara,Female,S,4811,"Customer ID: 4811, Gender: Female, postal_code: Vadodara, Age Range: 40-50, Size: S"
30-35,Bengaluru,Male,M,4812,"Customer ID: 4812, Gender: Male, postal_code: Bengaluru, Age Range: 30-35, Size: M"
35-40,Kolkata,Female,XS,4814,"Customer ID: 4814, Gender: Female, postal_code: Kolkata, Age Range: 35-40, Size: XS"
20-25,Guwahati,Female,XL,4816,"Customer ID: 4816, Gender: Female, postal_code: Guwahati, Age Range: 20-25, Size: XL"
25-30,Guwahati,Female,L,4817,"Customer ID: 4817, Gender: Female, postal_code: Guwahati, Age Range: 25-30, Size: L"
,Surat,Male,L,4818,"Customer ID: 4818, Gender: Male, postal_code: Surat, Age Range: nan, Size: L"
20-25,Coimbatore,Female,M,4819,"Customer ID: 4819, Gender: Female, postal_code: Coimbatore, Age Range: 20-25, Size: M"
30-35,Mumbai,Male,L,4820,"Customer ID: 4820, Gender: Male, postal_code: Mumbai, Age Range: 30-35, Size: L"
20-25,Bengaluru,Female,XS,4821,"Customer ID: 4821, Gender: Female, postal_code: Bengaluru, Age Range: 20-25, Size: XS"
25-30,Kolkata,Female,XS,4824,"Customer ID: 4824, Gender: Female, postal_code: Kolkata, Age Range: 25-30, Size: XS"
40-50,Ahmedabad,Male,L,4825,"Customer ID: 4825, Gender: Male, postal_code: Ahmedabad, Age Range: 40-50, Size: L"
20-25,Chennai,Female,XL,4827,"Customer ID: 4827, Gender: Female, postal_code: Chennai, Age Range: 20-25, Size: XL"
30-35,Mumbai,Male,M,4832,"Customer ID: 4832, Gender: Male, postal_code: Mumbai, Age Range: 30-35, Size: M"
30-35,Jaipur,Female,M,4833,"Customer ID: 4833, Gender: Female, postal_code: Jaipur, Age Range: 30-35, Size: M"
25-30,Hyderabad,Female,L,4835,"Customer ID: 4835, Gender: Female, postal_code: Hyderabad, Age Range: 25-30, Size: L"
50-60,Jaipur,Female,XS,4837,"Customer ID: 4837, Gender: Female, postal_code: Jaipur, Age Range: 50-60, Size: XS"
25-30,Chennai,Male,XS,4838,"Customer ID: 4838, Gender: Male, postal_code: Chennai, Age Range: 25-30, Size: XS"
40-50,Mumbai,Male,S,4842,"Customer ID: 4842, Gender: Male, postal_code: Mumbai, Age Range: 40-50, Size: S"
50-60,Bengaluru,Female,L,4843,"Customer ID: 4843, Gender: Female, postal_code: Bengaluru, Age Range: 50-60, Size: L"
60-70,Indore,Female,L,4844,"Customer ID: 4844, Gender: Female, postal_code: Indore, Age Range: 60-70, Size: L"
,Vadodara,Female,XS,4845,"Customer ID: 4845, Gender: Female, postal_code: Vadodara, Age Range: nan, Size: XS"
25-30,Pune,Female,L,4847,"Customer ID: 4847, Gender: Female, postal_code: Pune, Age Range: 25-30, Size: L"
20-25,Hyderabad,Female,S,4848,"Customer ID: 4848, Gender: Female, postal_code: Hyderabad, Age Range: 20-25, Size: S"
40-50,Guwahati,Male,L,4849,"Customer ID: 4849, Gender: Male, postal_code: Guwahati, Age Range: 40-50, Size: L"
60-70,Chennai,Female,XL,4851,"Customer ID: 4851, Gender: Female, postal_code: Chennai, Age Range: 60-70, Size: XL"
50-60,Visakhapatnam,Male,XL,4852,"Customer ID: 4852, Gender: Male, postal_code: Visakhapatnam, Age Range: 50-60, Size: XL"
25-30,Ahmedabad,Female,M,4854,"Customer ID: 4854, Gender: Female, postal_code: Ahmedabad, Age Range: 25-30, Size: M"
15-20,Surat,Female,L,4855,"Customer ID: 4855, Gender: Female, postal_code: Surat, Age Range: 15-20, Size: L"
30-35,Bhopal,Male,M,4856,"Customer ID: 4856, Gender: Male, postal_code: Bhopal, Age Range: 30-35, Size: M"
25-30,Hyderabad,Male,S,4857,"Customer ID: 4857, Gender: Male, postal_code: Hyderabad, Age Range: 25-30, Size: S"
20-25,Mumbai,Male,S,4858,"Customer ID: 4858, Gender: Male, postal_code: Mumbai, Age Range: 20-25, Size: S"
50-60,Delhi,Female,S,4859,"Customer ID: 4859, Gender: Female, postal_code: Delhi, Age Range: 50-60, Size: S"
35-40,Delhi,Female,XS,4862,"Customer ID: 4862, Gender: Female, postal_code: Delhi, Age Range: 35-40, Size: XS"
50-60,Visakhapatnam,Male,XS,4863,"Customer ID: 4863, Gender: Male, postal_code: Visakhapatnam, Age Range: 50-60, Size: XS"
25-30,Visakhapatnam,Male,L,4865,"Customer ID: 4865, Gender: Male, postal_code: Visakhapatnam, Age Range: 25-30, Size: L"
20-25,Chennai,Female,M,4866,"Customer ID: 4866, Gender: Female, postal_code: Chennai, Age Range: 20-25, Size: M"
25-30,Bengaluru,Female,XS,4869,"Customer ID: 4869, Gender: Female, postal_code: Bengaluru, Age Range: 25-30, Size: XS"
40-50,Hyderabad,Male,XL,4870,"Customer ID: 4870, Gender: Male, postal_code: Hyderabad, Age Range: 40-50, Size: XL"
20-25,Chennai,Female,XS,4872,"Customer ID: 4872, Gender: Female, postal_code: Chennai, Age Range: 20-25, Size: XS"
50-60,Indore,Male,XS,4873,"Customer ID: 4873, Gender: Male, postal_code: Indore, Age Range: 50-60, Size: XS"
25-30,Jaipur,Female,XL,4874,"Customer ID: 4874, Gender: Female, postal_code: Jaipur, Age Range: 25-30, Size: XL"
40-50,Bengaluru,Male,M,4875,"Customer ID: 4875, Gender: Male, postal_code: Bengaluru, Age Range: 40-50, Size: M"
35-40,Pune,Male,M,4878,"Customer ID: 4878, Gender: Male, postal_code: Pune, Age Range: 35-40, Size: M"
35-40,Indore,Female,S,4879,"Customer ID: 4879, Gender: Female, postal_code: Indore, Age Range: 35-40, Size: S"
20-25,Pune,Female,XL,4880,"Customer ID: 4880, Gender: Female, postal_code: Pune, Age Range: 20-25, Size: XL"
25-30,Guwahati,Male,S,4881,"Customer ID: 4881, Gender: Male, postal_code: Guwahati, Age Range: 25-30, Size: S"
20-25,Visakhapatnam,Female,S,4882,"Customer ID: 4882, Gender: Female, postal_code: Visakhapatnam, Age Range: 20-25, Size: S"
40-50,Bengaluru,Male,XS,4883,"Customer ID: 4883, Gender: Male, postal_code: Bengaluru, Age Range: 40-50, Size: XS"
40-50,Kolkata,Female,XL,4888,"Customer ID: 4888, Gender: Female, postal_code: Kolkata, Age Range: 40-50, Size: XL"
40-50,Delhi,Female,L,4889,"Customer ID: 4889, Gender: Female, postal_code: Delhi, Age Range: 40-50, Size: L"
35-40,Bengaluru,Female,L,4890,"Customer ID: 4890, Gender: Female, postal_code: Bengaluru, Age Range: 35-40, Size: L"
50-60,Chennai,Male,S,4892,"Customer ID: 4892, Gender: Male, postal_code: Chennai, Age Range: 50-60, Size: S"
40-50,Vadodara,Female,L,4894,"Customer ID: 4894, Gender: Female, postal_code: Vadodara, Age Range: 40-50, Size: L"
25-30,Lucknow,Male,M,4895,"Customer ID: 4895, Gender: Male, postal_code: Lucknow, Age Range: 25-30, Size: M"
20-25,Bengaluru,Female,XL,4897,"Customer ID: 4897, Gender: Female, postal_code: Bengaluru, Age Range: 20-25, Size: XL"
30-35,Lucknow,Female,L,4899,"Customer ID: 4899, Gender: Female, postal_code: Lucknow, Age Range: 30-35, Size: L"
40-50,Surat,Male,XS,4900,"Customer ID: 4900, Gender: Male, postal_code: Surat, Age Range: 40-50, Size: XS"
40-50,Visakhapatnam,Male,M,4904,"Customer ID: 4904, Gender: Male, postal_code: Visakhapatnam, Age Range: 40-50, Size: M"
40-50,Lucknow,Male,XL,4906,"Customer ID: 4906, Gender: Male, postal_code: Lucknow, Age Range: 40-50, Size: XL"
20-25,Mumbai,Male,XS,4909,"Customer ID: 4909, Gender: Male, postal_code: Mumbai, Age Range: 20-25, Size: XS"
20-25,Indore,Female,XS,4911,"Customer ID: 4911, Gender: Female, postal_code: Indore, Age Range: 20-25, Size: XS"
20-25,Hyderabad,Female,XL,4912,"Customer ID: 4912, Gender: Female, postal_code: Hyderabad, Age Range: 20-25, Size: XL"
40-50,Chennai,Female,XS,4914,"Customer ID: 4914, Gender: Female, postal_code: Chennai, Age Range: 40-50, Size: XS"
40-50,Chennai,Male,L,4915,"Customer ID: 4915, Gender: Male, postal_code: Chennai, Age Range: 40-50, Size: L"
20-25,Indore,Female,S,4916,"Customer ID: 4916, Gender: Female, postal_code: Indore, Age Range: 20-25, Size: S"
50-60,Delhi,Male,L,4917,"Customer ID: 4917, Gender: Male, postal_code: Delhi, Age Range: 50-60, Size: L"
25-30,Indore,Female,M,4920,"Customer ID: 4920, Gender: Female, postal_code: Indore, Age Range: 25-30, Size: M"
30-35,Bengaluru,Male,S,4921,"Customer ID: 4921, Gender: Male, postal_code: Bengaluru, Age Range: 30-35, Size: S"
25-30,Delhi,Male,S,4922,"Customer ID: 4922, Gender: Male, postal_code: Delhi, Age Range: 25-30, Size: S"
40-50,Guwahati,Female,L,4923,"Customer ID: 4923, Gender: Female, postal_code: Guwahati, Age Range: 40-50, Size: L"
20-25,Visakhapatnam,Female,M,4924,"Customer ID: 4924, Gender: Female, postal_code: Visakhapatnam, Age Range: 20-25, Size: M"
50-60,Nagpur,Female,XL,4925,"Customer ID: 4925, Gender: Female, postal_code: Nagpur, Age Range: 50-60, Size: XL"
50-60,Hyderabad,Female,XL,4926,"Customer ID: 4926, Gender: Female, postal_code: Hyderabad, Age Range: 50-60, Size: XL"
25-30,Chennai,Male,XS,4927,"Customer ID: 4927, Gender: Male, postal_code: Chennai, Age Range: 25-30, Size: XS"
20-25,Hyderabad,Female,M,4928,"Customer ID: 4928, Gender: Female, postal_code: Hyderabad, Age Range: 20-25, Size: M"
30-35,Bhopal,Female,L,4931,"Customer ID: 4931, Gender: Female, postal_code: Bhopal, Age Range: 30-35, Size: L"
30-35,Patna,Female,S,4932,"Customer ID: 4932, Gender: Female, postal_code: Patna, Age Range: 30-35, Size: S"
20-25,Bengaluru,Female,XL,4933,"Customer ID: 4933, Gender: Female, postal_code: Bengaluru, Age Range: 20-25, Size: XL"
30-35,Bengaluru,Male,M,4936,"Customer ID: 4936, Gender: Male, postal_code: Bengaluru, Age Range: 30-35, Size: M"
30-35,Surat,Female,M,4937,"Customer ID: 4937, Gender: Female, postal_code: Surat, Age Range: 30-35, Size: M"
40-50,Hyderabad,Female,XL,4938,"Customer ID: 4938, Gender: Female, postal_code: Hyderabad, Age Range: 40-50, Size: XL"
25-30,Visakhapatnam,Female,XS,4941,"Customer ID: 4941, Gender: Female, postal_code: Visakhapatnam, Age Range: 25-30, Size: XS"
50-60,Hyderabad,Male,XL,4944,"Customer ID: 4944, Gender: Male, postal_code: Hyderabad, Age Range: 50-60, Size: XL"
20-25,Delhi,Female,S,4945,"Customer ID: 4945, Gender: Female, postal_code: Delhi, Age Range: 20-25, Size: S"
50-60,Mumbai,Female,S,4946,"Customer ID: 4946, Gender: Female, postal_code: Mumbai, Age Range: 50-60, Size: S"
25-30,Vadodara,Male,XL,4947,"Customer ID: 4947, Gender: Male, postal_code: Vadodara, Age Range: 25-30, Size: XL"
60-70,Patna,Female,XL,4948,"Customer ID: 4948, Gender: Female, postal_code: Patna, Age Range: 60-70, Size: XL"
25-30,Pune,Male,M,4949,"Customer ID: 4949, Gender: Male, postal_code: Pune, Age Range: 25-30, Size: M"
20-25,Chennai,Female,S,4954,"Customer ID: 4954, Gender: Female, postal_code: Chennai, Age Range: 20-25, Size: S"
50-60,Hyderabad,Female,M,4956,"Customer ID: 4956, Gender: Female, postal_code: Hyderabad, Age Range: 50-60, Size: M"
40-50,Mumbai,Female,XL,4957,"Customer ID: 4957, Gender: Female, postal_code: Mumbai, Age Range: 40-50, Size: XL"
25-30,Coimbatore,Female,XL,4958,"Customer ID: 4958, Gender: Female, postal_code: Coimbatore, Age Range: 25-30, Size: XL"
60-70,Hyderabad,Female,L,4959,"Customer ID: 4959, Gender: Female, postal_code: Hyderabad, Age Range: 60-70, Size: L"
20-25,Bhopal,Female,S,4962,"Customer ID: 4962, Gender: Female, postal_code: Bhopal, Age Range: 20-25, Size: S"
40-50,Bengaluru,Female,S,4963,"Customer ID: 4963, Gender: Female, postal_code: Bengaluru, Age Range: 40-50, Size: S"
30-35,Hyderabad,Male,S,4967,"Customer ID: 4967, Gender: Male, postal_code: Hyderabad, Age Range: 30-35, Size: S"
40-50,Bengaluru,Female,M,4969,"Customer ID: 4969, Gender: Female, postal_code: Bengaluru, Age Range: 40-50, Size: M"
50-60,Bengaluru,Female,XL,4970,"Customer ID: 4970, Gender: Female, postal_code: Bengaluru, Age Range: 50-60, Size: XL"
50-60,Nagpur,Female,S,4973,"Customer ID: 4973, Gender: Female, postal_code: Nagpur, Age Range: 50-60, Size: S"
20-25,Vadodara,Female,XS,4976,"Customer ID: 4976, Gender: Female, postal_code: Vadodara, Age Range: 20-25, Size: XS"
15-20,Nagpur,Male,M,4977,"Customer ID: 4977, Gender: Male, postal_code: Nagpur, Age Range: 15-20, Size: M"
40-50,Nagpur,Male,L,4978,"Customer ID: 4978, Gender: Male, postal_code: Nagpur, Age Range: 40-50, Size: L"
30-35,Guwahati,Female,XL,4979,"Customer ID: 4979, Gender: Female, postal_code: Guwahati, Age Range: 30-35, Size: XL"
25-30,Vadodara,Female,S,4980,"Customer ID: 4980, Gender: Female, postal_code: Vadodara, Age Range: 25-30, Size: S"
35-40,Chennai,Female,XS,4981,"Customer ID: 4981, Gender: Female, postal_code: Chennai, Age Range: 35-40, Size: XS"
50-60,Nagpur,Female,XS,4984,"Customer ID: 4984, Gender: Female, postal_code: Nagpur, Age Range: 50-60, Size: XS"
70-80,Bengaluru,Female,S,4985,"Customer ID: 4985, Gender: Female, postal_code: Bengaluru, Age Range: 70-80, Size: S"
40-50,Mumbai,Female,L,4986,"Customer ID: 4986, Gender: Female, postal_code: Mumbai, Age Range: 40-50, Size: L"
25-30,Hyderabad,Female,XS,4988,"Customer ID: 4988, Gender: Female, postal_code: Hyderabad, Age Range: 25-30, Size: XS"
70-80,Hyderabad,Male,XS,4989,"Customer ID: 4989, Gender: Male, postal_code: Hyderabad, Age Range: 70-80, Size: XS"
25-30,Delhi,Female,L,4992,"Customer ID: 4992, Gender: Female, postal_code: Delhi, Age Range: 25-30, Size: L"
