t_dat,article_id,sales_channel_id,payment_method,SKU_No,prod_return_type,return_Status,delivered,cust_id
2018-09-29,655347006,1,UPI,655347006.0,No return,Not Returned,Delivered,4512
2018-10-07,607564004,1,Cash,607564004.0,15 days return,Not Returned,Delivered,1864
2018-10-22,637280002,2,Card,637280002.0,7 days return,Not Returned,Delivered,383
2018-09-30,673630003,1,UPI,673630003.0,15 days return,Not Returned,Delivered,881
2018-10-27,600229001,1,UPI,600229001.0,No return,Not Returned,Delivered,2921
2018-11-01,664074020,1,Card,664074020.0,7 days return,Not Returned,Delivered,552
2018-10-10,556260007,1,UPI,556260007.0,7 days return,Not Returned,Delivered,3866
2018-10-20,610776002,1,UPI,610776002.0,15 days return,Not Returned,Delivered,334
2018-09-26,700862001,2,UPI,700862001.0,7 days return,Not Returned,Delivered,3857
2018-09-29,634332001,1,Card,634332001.0,15 days return,Not Returned,Delivered,4897
2018-09-29,703193001,1,Card,703193001.0,7 days return,Returned,Delivered,236
2018-09-30,610776022,1,UPI,610776022.0,No return,Not Returned,Delivered,1093
2018-10-20,569206001,2,UPI,569206001.0,7 days return,Returned,Delivered,1621
2018-10-12,427159023,1,UPI,427159023.0,15 days return,Not Returned,Delivered,799
2018-10-05,633136017,1,Card,633136017.0,7 days return,Not Returned,Delivered,3339
2018-10-20,393447016,2,UPI,393447016.0,No return,Not Returned,Delivered,1467
2018-10-13,648968003,2,UPI,648968003.0,15 days return,Not Returned,Delivered,1469
2018-10-17,524061003,2,UPI,524061003.0,7 days return,,Not Delivered (Others),3745
2018-10-15,676141001,1,UPI,676141001.0,7 days return,Not Returned,Delivered,4843
2018-10-10,562245039,1,Card,562245039.0,15 days return,Not Returned,Delivered,4243
2018-11-01,549263016,2,UPI,549263016.0,7 days return,Returned,Delivered,572
2018-10-31,620855001,2,UPI,620855001.0,15 days return,Not Returned,Delivered,4357
2018-10-22,532578017,2,Cash,532578017.0,7 days return,,Not Delivered (Wrong Item),1361
2018-09-30,576775012,2,UPI,576775012.0,7 days return,Not Returned,Delivered,4562
2018-10-24,689931001,2,UPI,689931001.0,No return,Not Returned,Delivered,3743
2018-10-05,669862001,2,Cash,669862001.0,15 days return,Not Returned,Delivered,1771
2018-09-29,648630001,1,Card,648630001.0,15 days return,,Not Delivered (Wrong Item),2665
2018-10-11,665201001,2,UPI,665201001.0,No return,Not Returned,Delivered,3759
2018-10-09,496762018,2,UPI,496762018.0,No return,Not Returned,Delivered,2630
2018-09-21,662888002,1,UPI,662888002.0,No return,Not Returned,Delivered,3196
2018-10-28,661810002,2,UPI,661810002.0,15 days return,Not Returned,Delivered,3578
2018-10-04,579541001,2,Cash,579541001.0,15 days return,Not Returned,Delivered,4030
2018-10-30,657243004,2,UPI,657243004.0,No return,Not Returned,Delivered,1843
2018-09-20,688873002,1,Cash,688873002.0,15 days return,,Not Delivered (Others),2026
2018-10-13,626263002,1,UPI,626263002.0,7 days return,Returned,Delivered,428
2018-10-17,675139006,2,UPI,675139006.0,7 days return,Not Returned,Delivered,4346
2018-10-10,662980001,1,UPI,662980001.0,7 days return,Not Returned,Delivered,2479
2018-09-26,632143001,2,Cash,632143001.0,7 days return,Returned,Delivered,3593
2018-10-20,640807002,2,UPI,640807002.0,No return,Not Returned,Delivered,1064
2018-10-07,728146001,2,UPI,728146001.0,15 days return,Not Returned,Delivered,282
2018-10-04,522398011,2,UPI,522398011.0,No return,Not Returned,Delivered,1905
2018-10-26,506166025,1,UPI,506166025.0,No return,Not Returned,Delivered,3990
2018-09-27,648627001,1,Card,648627001.0,No return,Not Returned,Delivered,2913
2018-09-30,625939035,2,Card,625939035.0,7 days return,Not Returned,Delivered,4958
2018-10-18,625939003,2,UPI,625939003.0,No return,Not Returned,Delivered,2234
2018-10-13,111586001,1,Card,111586001.0,7 days return,,Not Delivered (Others),2306
2018-09-25,661166005,1,UPI,661166005.0,No return,Not Returned,Delivered,1420
2018-10-21,614644001,2,Card,614644001.0,7 days return,Not Returned,Delivered,393
2018-09-23,557247007,1,Card,557247007.0,15 days return,Not Returned,Delivered,2691
2018-09-29,680374002,2,Card,680374002.0,7 days return,Returned,Delivered,909
2018-09-26,678086001,2,UPI,678086001.0,15 days return,Not Returned,Delivered,835
2018-09-30,570004053,1,UPI,570004053.0,No return,Not Returned,Delivered,317
2018-10-12,659562001,2,UPI,659562001.0,15 days return,Returned,Delivered,536
2018-10-24,543054009,1,UPI,543054009.0,7 days return,Returned,Delivered,1011
2018-09-29,547874002,2,UPI,547874002.0,No return,Not Returned,Delivered,3810
2018-09-29,672890001,2,UPI,672890001.0,No return,Not Returned,Delivered,3506
2018-10-27,647781001,1,Card,647781001.0,No return,Not Returned,Delivered,2763
2018-09-28,685687002,2,UPI,685687002.0,15 days return,Returned,Delivered,3202
2018-10-30,685766001,2,UPI,685766001.0,7 days return,Returned,Delivered,2158
2018-10-25,712547001,1,UPI,712547001.0,No return,Not Returned,Delivered,407
2018-10-14,636902003,2,UPI,636902003.0,7 days return,Returned,Delivered,2130
2018-10-10,662593001,1,UPI,662593001.0,7 days return,Not Returned,Delivered,578
2018-10-12,667378002,2,UPI,667378002.0,15 days return,Returned,Delivered,2592
2018-09-21,619175003,2,UPI,619175003.0,15 days return,Not Returned,Delivered,1089
2018-10-18,570003016,2,UPI,570003016.0,No return,Not Returned,Delivered,3987
2018-10-01,642380001,2,UPI,642380001.0,7 days return,Returned,Delivered,3672
2018-10-25,628499016,2,UPI,628499016.0,7 days return,Returned,Delivered,1410
2018-09-24,693956003,2,UPI,693956003.0,No return,Not Returned,Delivered,2171
2018-10-17,717130004,2,UPI,717130004.0,No return,Not Returned,Delivered,1306
2018-09-25,646592006,2,Card,646592006.0,7 days return,,Not Delivered (Wrong Item),4749
2018-10-02,663679001,2,UPI,663679001.0,15 days return,Returned,Delivered,4084
2018-10-26,625518001,2,Card,625518001.0,7 days return,Returned,Delivered,2917
2018-10-10,637515005,2,Cash,637515005.0,7 days return,Not Returned,Delivered,4713
2018-09-24,189626001,2,UPI,189626001.0,7 days return,Not Returned,Delivered,3937
2018-10-25,651558012,2,UPI,651558012.0,No return,Not Returned,Delivered,1999
2018-10-10,686496001,2,Card,686496001.0,15 days return,Not Returned,Delivered,1947
2018-10-06,589222005,1,Cash,589222005.0,7 days return,Not Returned,Delivered,1064
2018-09-24,536385003,2,UPI,536385003.0,7 days return,,Not Delivered (Others),447
2018-09-20,581086004,2,Card,581086004.0,15 days return,Not Returned,Delivered,1059
2018-10-25,687331005,2,UPI,687331005.0,7 days return,Not Returned,Delivered,4726
2018-09-25,561445025,1,UPI,561445025.0,No return,Not Returned,Delivered,686
2018-10-31,399087001,2,Card,399087001.0,7 days return,Not Returned,Delivered,3720
2018-09-24,687260002,1,Cash,687260002.0,No return,Not Returned,Delivered,4507
2018-11-01,496111017,2,Cash,496111017.0,15 days return,Not Returned,Delivered,3698
2018-10-11,520508001,2,UPI,520508001.0,No return,Not Returned,Delivered,4309
2018-10-22,574109014,2,UPI,574109014.0,15 days return,Not Returned,Delivered,4162
2018-10-08,667499013,1,Cash,667499013.0,7 days return,Returned,Delivered,858
2018-10-29,558996009,2,Card,558996009.0,No return,Not Returned,Delivered,1185
2018-10-31,637667001,2,Card,637667001.0,7 days return,Not Returned,Delivered,3372
2018-10-13,501616008,1,Card,501616008.0,15 days return,Returned,Delivered,3684
2018-10-11,520508003,2,Cash,520508003.0,7 days return,Returned,Delivered,1988
2018-10-01,633917001,2,UPI,633917001.0,No return,Not Returned,Delivered,4878
2018-10-13,529055001,2,UPI,529055001.0,15 days return,Returned,Delivered,2843
2018-10-05,660599004,2,Card,660599004.0,No return,Not Returned,Delivered,3781
2018-09-20,640639001,2,UPI,640639001.0,15 days return,Returned,Delivered,66
2018-10-22,400342025,1,Cash,400342025.0,7 days return,Not Returned,Delivered,240
2018-09-20,692454002,2,Cash,692454002.0,No return,Not Returned,Delivered,66
2018-09-29,660599004,2,Card,660599004.0,No return,Not Returned,Delivered,4103
2018-10-06,399223024,1,Card,399223024.0,7 days return,,Not Delivered (Others),3407
2018-10-30,554598009,1,UPI,554598009.0,7 days return,Returned,Delivered,180
2018-10-25,694589005,1,UPI,694589005.0,No return,Not Returned,Delivered,666
2018-10-06,652000009,1,Card,652000009.0,15 days return,Not Returned,Delivered,3352
2018-10-10,638945003,1,UPI,638945003.0,No return,Not Returned,Delivered,524
2018-09-28,662888002,2,UPI,662888002.0,No return,Not Returned,Delivered,2003
2018-10-26,607564004,1,UPI,607564004.0,15 days return,Not Returned,Delivered,3204
2018-10-07,448515031,2,UPI,448515031.0,15 days return,Returned,Delivered,1285
2018-10-23,653538001,2,UPI,653538001.0,7 days return,Not Returned,Delivered,526
2018-10-06,457892003,2,UPI,457892003.0,No return,Not Returned,Delivered,1741
2018-10-30,607247002,2,UPI,607247002.0,7 days return,Returned,Delivered,3437
2018-10-04,666006004,2,UPI,666006004.0,7 days return,Not Returned,Delivered,3012
2018-10-27,653277001,2,UPI,653277001.0,15 days return,Not Returned,Delivered,504
2018-10-21,638554001,2,UPI,638554001.0,15 days return,Returned,Delivered,2944
2018-10-25,607046002,2,UPI,607046002.0,7 days return,Returned,Delivered,3611
2018-10-01,543054010,2,UPI,543054010.0,7 days return,Returned,Delivered,337
2018-09-29,610776006,1,Cash,610776006.0,15 days return,Returned,Delivered,3485
2018-10-21,662189001,1,UPI,662189001.0,7 days return,Returned,Delivered,726
2018-10-06,559139001,1,Cash,559139001.0,No return,Not Returned,Delivered,630
2018-10-20,673260004,2,UPI,673260004.0,7 days return,,Not Delivered (Wrong Item),4788
2018-10-30,637549012,2,UPI,637549012.0,No return,Not Returned,Delivered,4628
2018-10-10,642739002,2,Card,642739002.0,15 days return,Not Returned,Delivered,590
2018-10-25,366859031,2,UPI,366859031.0,No return,Not Returned,Delivered,3611
2018-09-29,610776002,1,UPI,610776002.0,15 days return,Not Returned,Delivered,2047
2018-10-22,649437001,2,UPI,649437001.0,7 days return,Not Returned,Delivered,325
2018-10-09,665477001,2,UPI,665477001.0,7 days return,,Not Delivered (Others),1694
2018-10-04,399256001,2,UPI,399256001.0,No return,Not Returned,Delivered,1744
2018-09-27,672590001,1,Card,672590001.0,7 days return,Not Returned,Delivered,98
2018-09-29,676954001,2,UPI,676954001.0,15 days return,Not Returned,Delivered,1977
2018-10-03,620081001,1,UPI,620081001.0,No return,Not Returned,Delivered,3449
2018-10-19,504155012,1,UPI,504155012.0,No return,Not Returned,Delivered,4490
2018-10-19,665703001,2,UPI,665703001.0,7 days return,Not Returned,Delivered,4776
2018-10-03,633135004,2,UPI,633135004.0,No return,Not Returned,Delivered,3130
2018-10-19,674448003,1,UPI,674448003.0,15 days return,Not Returned,Delivered,3516
2018-10-19,555364002,2,UPI,555364002.0,7 days return,Not Returned,Delivered,2638
2018-10-24,571436009,2,Cash,571436009.0,7 days return,Not Returned,Delivered,3365
2018-10-30,411413001,2,UPI,411413001.0,15 days return,Not Returned,Delivered,3844
2018-10-24,471714014,2,Cash,471714014.0,15 days return,,Not Delivered (Wrong Item),4250
2018-09-29,691291001,1,UPI,691291001.0,15 days return,Not Returned,Delivered,2968
2018-10-16,648638002,2,UPI,648638002.0,No return,Not Returned,Delivered,2241
2018-09-23,637255009,2,UPI,637255009.0,15 days return,Not Returned,Delivered,3363
2018-10-01,639976001,1,UPI,639976001.0,No return,Not Returned,Delivered,1620
2018-10-06,670655001,2,UPI,670655001.0,15 days return,Returned,Delivered,3743
2018-10-02,485521004,2,UPI,485521004.0,No return,Not Returned,Delivered,1269
2018-10-12,648505002,2,UPI,648505002.0,15 days return,Not Returned,Delivered,4914
2018-10-23,626168001,2,Card,626168001.0,15 days return,Not Returned,Delivered,1306
2018-10-25,638899001,1,Card,638899001.0,No return,Not Returned,Delivered,1300
2018-10-20,554598013,1,Card,554598013.0,7 days return,Not Returned,Delivered,3383
2018-09-29,653621002,2,Card,653621002.0,7 days return,Not Returned,Delivered,4186
2018-10-15,561570001,2,UPI,561570001.0,7 days return,Not Returned,Delivered,2604
2018-10-19,578487002,1,UPI,578487002.0,7 days return,Not Returned,Delivered,4403
2018-09-24,609185005,2,UPI,609185005.0,No return,Not Returned,Delivered,4329
2018-09-29,448515018,1,UPI,448515018.0,15 days return,,Not Delivered (Wrong Item),64
2018-10-21,618899001,2,UPI,618899001.0,No return,Not Returned,Delivered,866
2018-10-22,630116001,2,UPI,630116001.0,15 days return,Not Returned,Delivered,2716
2018-10-14,507910004,1,Cash,507910004.0,No return,,Not Delivered (Others),1133
2018-10-13,539723001,2,UPI,539723001.0,15 days return,Not Returned,Delivered,4047
2018-10-28,695263001,2,Card,695263001.0,7 days return,Not Returned,Delivered,2028
2018-09-29,626813006,2,UPI,626813006.0,7 days return,Not Returned,Delivered,3206
2018-10-16,663679002,2,UPI,663679002.0,7 days return,Not Returned,Delivered,2938
2018-09-28,703991001,2,Card,703991001.0,7 days return,Not Returned,Delivered,4684
2018-10-09,607154001,2,Card,607154001.0,No return,Not Returned,Delivered,525
2018-10-11,562245057,1,UPI,562245057.0,7 days return,Not Returned,Delivered,4617
2018-10-19,640124003,2,Card,640124003.0,15 days return,Returned,Delivered,2721
2018-10-31,682465001,2,Card,682465001.0,7 days return,Returned,Delivered,1832
2018-10-16,610776001,2,UPI,610776001.0,No return,Not Returned,Delivered,2283
2018-10-04,662857004,1,UPI,662857004.0,15 days return,Not Returned,Delivered,400
2018-10-04,639685006,2,Card,639685006.0,No return,Not Returned,Delivered,3608
2018-10-11,573856023,1,Card,573856023.0,7 days return,Not Returned,Delivered,1779
2018-10-05,667499005,1,UPI,667499005.0,No return,Not Returned,Delivered,4707
2018-10-23,610744009,2,UPI,610744009.0,7 days return,Returned,Delivered,711
2018-10-17,648738021,2,UPI,648738021.0,No return,Not Returned,Delivered,2631
2018-10-02,507909003,1,UPI,507909003.0,No return,Not Returned,Delivered,442
2018-10-25,643985001,1,Cash,643985001.0,15 days return,Not Returned,Delivered,4880
2018-09-29,591334014,2,UPI,591334014.0,7 days return,Returned,Delivered,3044
2018-10-23,683493005,1,Card,683493005.0,No return,Not Returned,Delivered,3132
2018-10-25,386859007,1,UPI,386859007.0,7 days return,Returned,Delivered,1493
2018-10-01,657476002,2,UPI,657476002.0,7 days return,,Not Delivered (Wrong Item),419
2018-09-25,664133003,2,Card,664133003.0,15 days return,Returned,Delivered,1005
2018-10-11,355569004,2,UPI,355569004.0,7 days return,Returned,Delivered,37
2018-10-23,717593001,2,UPI,717593001.0,7 days return,Not Returned,Delivered,539
2018-09-27,474471002,2,Cash,474471002.0,No return,Not Returned,Delivered,2480
2018-10-01,607834001,2,UPI,607834001.0,15 days return,Not Returned,Delivered,3682
2018-10-31,638899001,2,Cash,638899001.0,No return,Not Returned,Delivered,4234
2018-10-22,621525001,2,UPI,621525001.0,No return,Not Returned,Delivered,1662
2018-10-13,703843001,1,Card,703843001.0,15 days return,Returned,Delivered,1439
2018-09-21,554772002,2,Card,554772002.0,7 days return,Returned,Delivered,1937
2018-10-03,513701008,2,Card,513701008.0,7 days return,Not Returned,Delivered,2910
2018-10-19,695270002,1,Card,695270002.0,No return,Not Returned,Delivered,2770
2018-10-11,668537001,2,UPI,668537001.0,No return,Not Returned,Delivered,12
2018-10-11,615525008,2,UPI,615525008.0,15 days return,Not Returned,Delivered,2196
2018-10-17,652924006,2,UPI,652924006.0,7 days return,,Not Delivered (Others),640
2018-10-27,651558012,2,UPI,651558012.0,No return,,Not Delivered (Wrong Item),1259
2018-10-15,512251003,2,Card,512251003.0,No return,Not Returned,Delivered,1469
2018-10-10,562252034,2,Card,562252034.0,15 days return,Not Returned,Delivered,3607
2018-10-29,673144002,2,UPI,673144002.0,7 days return,Not Returned,Delivered,3603
2018-10-22,563027002,2,UPI,563027002.0,7 days return,Not Returned,Delivered,2731
2018-10-03,536139009,2,Card,536139009.0,7 days return,Returned,Delivered,250
2018-10-24,623284009,2,UPI,623284009.0,No return,Not Returned,Delivered,1429
2018-10-16,637549001,2,UPI,637549001.0,7 days return,Returned,Delivered,3803
2018-09-27,653275006,2,Cash,653275006.0,15 days return,Not Returned,Delivered,2201
2018-09-23,689165001,2,UPI,689165001.0,7 days return,Not Returned,Delivered,3851
2018-10-20,653233001,2,UPI,653233001.0,No return,Not Returned,Delivered,2920
2018-10-07,522918041,2,UPI,522918041.0,7 days return,Not Returned,Delivered,3967
2018-09-22,399061008,1,UPI,399061008.0,7 days return,Returned,Delivered,1080
2018-10-29,163734002,1,UPI,163734002.0,7 days return,Not Returned,Delivered,3211
2018-10-16,457892003,1,UPI,457892003.0,No return,Not Returned,Delivered,265
2018-10-20,648738021,2,UPI,648738021.0,No return,Not Returned,Delivered,1903
2018-09-24,693956003,2,UPI,693956003.0,No return,Not Returned,Delivered,2171
2018-10-12,669034005,2,UPI,669034005.0,15 days return,Not Returned,Delivered,536
2018-10-23,265069014,2,UPI,265069014.0,7 days return,Not Returned,Delivered,2282
2018-10-21,545396033,1,UPI,545396033.0,7 days return,Not Returned,Delivered,4580
2018-10-27,573085019,1,Card,573085019.0,15 days return,,Not Delivered (Others),2366
2018-10-26,600167002,2,UPI,600167002.0,No return,Not Returned,Delivered,1706
2018-10-10,688873009,1,UPI,688873009.0,7 days return,Returned,Delivered,576
2018-10-30,516712001,2,Card,516712001.0,7 days return,Returned,Delivered,3669
2018-10-13,662857004,1,Card,662857004.0,15 days return,Returned,Delivered,4065
2018-10-11,684385001,2,UPI,684385001.0,No return,Not Returned,Delivered,2633
2018-10-02,399201020,2,Cash,399201020.0,15 days return,Not Returned,Delivered,368
2018-09-21,665509002,2,UPI,665509002.0,7 days return,Not Returned,Delivered,1719
2018-09-29,501820003,1,UPI,501820003.0,No return,Not Returned,Delivered,1468
2018-10-12,691300001,2,UPI,691300001.0,No return,Not Returned,Delivered,274
2018-09-20,635957003,2,UPI,635957003.0,15 days return,Not Returned,Delivered,3765
2018-10-06,652008002,1,UPI,652008002.0,7 days return,Not Returned,Delivered,2810
2018-09-30,397068001,1,Card,397068001.0,7 days return,Not Returned,Delivered,2323
2018-09-22,685687004,2,Cash,685687004.0,7 days return,Returned,Delivered,3423
2018-10-28,399201020,2,UPI,399201020.0,15 days return,Returned,Delivered,996
2018-09-29,660599001,1,UPI,660599001.0,No return,Not Returned,Delivered,2505
2018-10-19,399223028,2,UPI,399223028.0,15 days return,Not Returned,Delivered,3683
2018-10-30,611615003,2,UPI,611615003.0,No return,,Not Delivered (Others),943
2018-10-12,672597002,2,Card,672597002.0,No return,Not Returned,Delivered,4064
2018-10-27,580769001,2,UPI,580769001.0,7 days return,Not Returned,Delivered,2594
2018-10-28,695263001,2,UPI,695263001.0,7 days return,Not Returned,Delivered,2028
2018-10-30,727676001,2,UPI,727676001.0,No return,Not Returned,Delivered,2070
2018-10-08,688341001,2,Card,688341001.0,No return,Not Returned,Delivered,2856
2018-10-23,565379001,1,UPI,565379001.0,7 days return,Returned,Delivered,3147
2018-10-23,635050002,2,Cash,635050002.0,No return,,Not Delivered (Others),1737
2018-10-20,572791007,2,UPI,572791007.0,15 days return,Not Returned,Delivered,963
2018-10-15,355072001,2,UPI,355072001.0,15 days return,,Not Delivered (Others),837
2018-10-11,640528003,2,UPI,640528003.0,7 days return,Not Returned,Delivered,608
2018-10-06,516000074,2,UPI,516000074.0,7 days return,Not Returned,Delivered,4498
2018-10-11,544914004,2,UPI,544914004.0,15 days return,Not Returned,Delivered,4201
2018-10-24,678553003,2,UPI,678553003.0,7 days return,Not Returned,Delivered,4573
2018-09-23,643201001,2,UPI,643201001.0,7 days return,Not Returned,Delivered,962
2018-10-19,562245057,1,UPI,562245057.0,7 days return,Returned,Delivered,2955
2018-09-26,692454002,2,UPI,692454002.0,No return,Not Returned,Delivered,2361
2018-09-23,399256001,1,Cash,399256001.0,No return,Not Returned,Delivered,4112
2018-09-23,537612021,2,UPI,537612021.0,15 days return,Not Returned,Delivered,3002
2018-10-26,631590005,2,UPI,631590005.0,No return,Not Returned,Delivered,492
2018-10-12,580894001,2,UPI,580894001.0,7 days return,Not Returned,Delivered,3573
2018-10-04,639685006,2,UPI,639685006.0,No return,Not Returned,Delivered,3608
2018-10-17,662253002,2,Card,662253002.0,7 days return,Returned,Delivered,2872
2018-10-21,559139001,2,UPI,559139001.0,No return,Not Returned,Delivered,3720
2018-10-05,618899001,2,Card,618899001.0,No return,Not Returned,Delivered,274
2018-10-10,524825010,2,UPI,524825010.0,7 days return,Not Returned,Delivered,3932
2018-09-23,552346001,1,Card,552346001.0,7 days return,Returned,Delivered,100
2018-10-18,657925001,2,UPI,657925001.0,No return,Not Returned,Delivered,3397
2018-10-13,650799002,2,UPI,650799002.0,7 days return,Not Returned,Delivered,1894
2018-09-27,682550010,1,Card,682550010.0,No return,Not Returned,Delivered,2769
2018-09-21,399223001,2,UPI,399223001.0,15 days return,Not Returned,Delivered,699
2018-10-24,688873001,2,UPI,688873001.0,No return,,Not Delivered (Others),2030
2018-10-29,536139012,2,Card,536139012.0,7 days return,Not Returned,Delivered,1455
2018-10-02,557248023,2,UPI,557248023.0,15 days return,Returned,Delivered,2883
2018-10-10,537346024,2,UPI,537346024.0,15 days return,Not Returned,Delivered,4713
2018-09-20,565373002,1,Cash,565373002.0,15 days return,Not Returned,Delivered,3907
2018-10-30,564358030,1,UPI,564358030.0,15 days return,Returned,Delivered,4131
2018-10-05,585869003,1,Card,585869003.0,No return,Not Returned,Delivered,4892
2018-10-29,508671003,1,UPI,508671003.0,7 days return,Not Returned,Delivered,4279
2018-10-10,643282001,1,UPI,643282001.0,7 days return,Returned,Delivered,1179
2018-09-26,456163018,2,UPI,456163018.0,No return,Not Returned,Delivered,239
2018-11-01,561222002,1,Cash,561222002.0,15 days return,Not Returned,Delivered,3123
2018-10-16,504152001,1,Card,504152001.0,7 days return,Returned,Delivered,1892
2018-09-28,578846001,2,UPI,578846001.0,No return,Not Returned,Delivered,3959
2018-09-21,674336003,2,UPI,674336003.0,7 days return,Not Returned,Delivered,3341
2018-10-12,663396002,1,Card,663396002.0,15 days return,Returned,Delivered,3924
2018-10-05,651793004,2,UPI,651793004.0,7 days return,Not Returned,Delivered,2706
2018-10-08,653428002,1,UPI,653428002.0,No return,Not Returned,Delivered,1527
2018-09-29,672371001,2,UPI,672371001.0,7 days return,Not Returned,Delivered,4899
2018-10-14,626587004,1,UPI,626587004.0,15 days return,Not Returned,Delivered,229
2018-10-19,416157025,2,UPI,416157025.0,No return,Not Returned,Delivered,2523
2018-09-30,637549012,2,UPI,637549012.0,No return,Not Returned,Delivered,2565
2018-10-03,607310005,2,Cash,607310005.0,No return,Not Returned,Delivered,270
2018-10-27,120129001,2,UPI,120129001.0,15 days return,Not Returned,Delivered,864
2018-09-26,568301001,2,UPI,568301001.0,7 days return,Not Returned,Delivered,256
2018-09-21,674715004,2,Card,674715004.0,15 days return,Returned,Delivered,1726
2018-10-25,405586006,2,Cash,405586006.0,15 days return,Not Returned,Delivered,255
2018-10-20,662888006,1,UPI,662888006.0,15 days return,Not Returned,Delivered,3521
2018-10-17,537346024,2,UPI,537346024.0,15 days return,Not Returned,Delivered,547
2018-09-29,633960003,1,UPI,633960003.0,No return,Not Returned,Delivered,2465
2018-09-28,599502001,2,UPI,599502001.0,7 days return,Not Returned,Delivered,2258
2018-09-20,675827001,1,Cash,675827001.0,7 days return,Not Returned,Delivered,2800
2018-10-17,611024001,2,Card,611024001.0,15 days return,Not Returned,Delivered,4602
2018-10-25,679525001,1,UPI,679525001.0,7 days return,Not Returned,Delivered,1802
2018-10-12,548659001,2,UPI,548659001.0,7 days return,Not Returned,Delivered,2148
2018-10-09,640244002,2,UPI,640244002.0,7 days return,Returned,Delivered,1120
2018-10-27,156224002,1,UPI,156224002.0,No return,Not Returned,Delivered,148
2018-10-24,607310002,1,Card,607310002.0,7 days return,Not Returned,Delivered,923
2018-09-21,687535001,2,UPI,687535001.0,No return,Not Returned,Delivered,1241
2018-10-11,399136009,1,UPI,399136009.0,No return,Not Returned,Delivered,2591
2018-10-10,619110001,2,UPI,619110001.0,15 days return,Not Returned,Delivered,1313
2018-09-29,714375001,2,Cash,714375001.0,No return,,Not Delivered (Wrong Item),3814
2018-10-28,582248007,1,UPI,582248007.0,7 days return,Not Returned,Delivered,4347
2018-10-11,472320001,2,UPI,472320001.0,No return,Not Returned,Delivered,2439
2018-09-28,595779002,1,Card,595779002.0,No return,Not Returned,Delivered,565
2018-10-01,538993005,2,UPI,538993005.0,15 days return,Not Returned,Delivered,2617
2018-10-19,662593004,2,Card,662593004.0,15 days return,Not Returned,Delivered,3594
2018-09-29,656266004,2,UPI,656266004.0,7 days return,Not Returned,Delivered,4835
2018-09-24,597918002,2,UPI,597918002.0,No return,Not Returned,Delivered,2909
2018-09-30,680374002,2,Card,680374002.0,7 days return,Not Returned,Delivered,534
2018-09-21,637268006,2,UPI,637268006.0,No return,Not Returned,Delivered,3578
2018-10-09,688873012,2,UPI,688873012.0,15 days return,Not Returned,Delivered,788
2018-10-10,704032002,2,UPI,704032002.0,7 days return,Not Returned,Delivered,4516
2018-10-25,579990002,2,UPI,579990002.0,7 days return,,Not Delivered (Others),4434
2018-10-25,557248003,2,UPI,557248003.0,7 days return,Not Returned,Delivered,4462
2018-09-20,692454002,2,UPI,692454002.0,No return,Not Returned,Delivered,3426
2018-10-15,697980001,1,Card,697980001.0,15 days return,Not Returned,Delivered,3884
2018-10-17,607627001,2,UPI,607627001.0,15 days return,,Not Delivered (Wrong Item),1910
2018-09-27,688873005,1,Card,688873005.0,7 days return,Returned,Delivered,444
2018-10-29,671515001,2,Card,671515001.0,15 days return,Returned,Delivered,4927
2018-09-29,626815002,2,UPI,626815002.0,7 days return,Not Returned,Delivered,985
2018-10-04,719031001,1,Card,719031001.0,No return,Not Returned,Delivered,1129
2018-09-24,568861005,1,Card,568861005.0,No return,Not Returned,Delivered,2262
2018-10-12,297067002,1,Cash,297067002.0,15 days return,Not Returned,Delivered,1067
2018-10-23,680186002,2,UPI,680186002.0,15 days return,Returned,Delivered,3346
2018-10-16,554598004,2,Card,554598004.0,15 days return,Not Returned,Delivered,4026
2018-10-08,688873014,1,UPI,688873014.0,7 days return,,Not Delivered (Others),3884
2018-10-13,536139028,2,UPI,536139028.0,7 days return,Not Returned,Delivered,1994
2018-10-31,651558010,2,UPI,651558010.0,No return,Not Returned,Delivered,1714
2018-10-02,573716039,2,UPI,573716039.0,15 days return,,Not Delivered (Others),1270
2018-10-13,554598009,1,Cash,554598009.0,7 days return,Not Returned,Delivered,2451
2018-10-20,540742008,2,UPI,540742008.0,7 days return,Not Returned,Delivered,3755
2018-10-06,658926001,2,UPI,658926001.0,15 days return,Not Returned,Delivered,4437
2018-10-08,384263013,2,UPI,384263013.0,7 days return,Not Returned,Delivered,1792
2018-10-16,531273001,2,UPI,531273001.0,No return,Not Returned,Delivered,3926
2018-10-19,583804002,2,UPI,583804002.0,15 days return,Returned,Delivered,3605
2018-10-06,599965005,2,UPI,599965005.0,7 days return,Returned,Delivered,3444
2018-10-24,622231011,2,UPI,622231011.0,15 days return,Returned,Delivered,2200
2018-10-12,632220001,1,UPI,632220001.0,15 days return,Returned,Delivered,2050
2018-09-26,600556001,2,Card,600556001.0,15 days return,Not Returned,Delivered,3420
2018-10-04,399087011,2,UPI,399087011.0,15 days return,Not Returned,Delivered,303
2018-10-09,613497003,2,Cash,613497003.0,7 days return,Not Returned,Delivered,3723
2018-10-18,562245057,2,UPI,562245057.0,7 days return,Returned,Delivered,2412
2018-10-02,681900002,2,Cash,681900002.0,7 days return,,Not Delivered (Others),3825
2018-09-22,554772015,2,UPI,554772015.0,15 days return,Returned,Delivered,233
2018-10-05,637661002,1,UPI,637661002.0,No return,Not Returned,Delivered,2669
2018-09-29,539723005,1,UPI,539723005.0,7 days return,Not Returned,Delivered,3945
2018-09-20,634789001,1,UPI,634789001.0,No return,Not Returned,Delivered,3132
2018-09-21,430694018,2,UPI,430694018.0,7 days return,Returned,Delivered,3377
2018-10-25,677930003,1,UPI,677930003.0,No return,Not Returned,Delivered,926
2018-09-26,669034002,2,UPI,669034002.0,15 days return,Returned,Delivered,611
2018-10-19,673638002,2,Cash,673638002.0,No return,Not Returned,Delivered,2638
2018-10-28,675319006,2,UPI,675319006.0,7 days return,Not Returned,Delivered,3550
2018-09-23,670655001,2,UPI,670655001.0,15 days return,Returned,Delivered,1192
2018-10-14,677930015,2,UPI,677930015.0,No return,Not Returned,Delivered,3719
2018-10-27,688873013,2,UPI,688873013.0,15 days return,Returned,Delivered,2243
2018-09-29,591334003,2,UPI,591334003.0,15 days return,Not Returned,Delivered,2623
2018-10-05,671553006,2,Cash,671553006.0,No return,Not Returned,Delivered,4654
2018-10-06,663351002,2,UPI,663351002.0,No return,Not Returned,Delivered,3698
2018-09-24,650974003,1,Cash,650974003.0,No return,,Not Delivered (Wrong Item),2495
2018-10-20,598806001,2,UPI,598806001.0,7 days return,Returned,Delivered,3173
2018-10-12,651336001,1,Cash,651336001.0,No return,Not Returned,Delivered,3641
2018-09-29,636935006,1,Card,636935006.0,No return,Not Returned,Delivered,1021
2018-10-26,382127040,2,UPI,382127040.0,No return,Not Returned,Delivered,2705
2018-10-01,516000044,1,UPI,516000044.0,No return,Not Returned,Delivered,2350
2018-10-13,550744001,1,UPI,550744001.0,15 days return,Not Returned,Delivered,3343
2018-10-07,554598009,1,UPI,554598009.0,7 days return,Not Returned,Delivered,1951
2018-09-21,479227018,2,UPI,479227018.0,15 days return,Not Returned,Delivered,3377
2018-09-20,634037002,2,Card,634037002.0,7 days return,Returned,Delivered,3717
2018-09-28,642938001,2,UPI,642938001.0,No return,Not Returned,Delivered,4308
2018-09-29,561445008,2,UPI,561445008.0,15 days return,Not Returned,Delivered,3044
2018-10-28,673917001,2,UPI,673917001.0,No return,Not Returned,Delivered,955
2018-10-26,662868001,1,UPI,662868001.0,7 days return,,Not Delivered (Wrong Item),2701
2018-10-12,636902001,2,UPI,636902001.0,7 days return,Not Returned,Delivered,2199
2018-09-27,657415004,1,UPI,657415004.0,7 days return,Not Returned,Delivered,1507
2018-10-10,663515004,2,UPI,663515004.0,No return,,Not Delivered (Others),3822
2018-10-23,660623002,1,UPI,660623002.0,No return,Not Returned,Delivered,4904
2018-10-16,631741001,2,UPI,631741001.0,No return,Not Returned,Delivered,674
2018-10-09,573085010,2,Card,573085010.0,15 days return,Returned,Delivered,3861
2018-10-18,669682001,1,UPI,669682001.0,15 days return,Not Returned,Delivered,1705
2018-10-10,665477002,2,UPI,665477002.0,15 days return,Not Returned,Delivered,42
2018-10-23,648173002,2,UPI,648173002.0,7 days return,Not Returned,Delivered,2507
2018-10-18,502175002,2,UPI,502175002.0,15 days return,,Not Delivered (Others),2751
2018-10-26,484108008,2,Card,484108008.0,15 days return,Not Returned,Delivered,254
2018-10-16,556260002,2,UPI,556260002.0,No return,Not Returned,Delivered,621
2018-10-07,718501001,2,UPI,718501001.0,7 days return,Returned,Delivered,4639
2018-10-19,399201005,2,UPI,399201005.0,7 days return,Returned,Delivered,2324
2018-10-11,568905013,2,Cash,568905013.0,15 days return,Returned,Delivered,4018
2018-10-09,496111020,1,UPI,496111020.0,No return,Not Returned,Delivered,1301
2018-10-17,685170002,2,UPI,685170002.0,15 days return,Not Returned,Delivered,2326
2018-10-10,657759003,2,UPI,657759003.0,15 days return,Not Returned,Delivered,1075
2018-10-08,507909021,1,UPI,507909021.0,No return,Not Returned,Delivered,3884
2018-10-23,501820008,1,Card,501820008.0,No return,Not Returned,Delivered,2740
2018-10-31,689123002,2,UPI,689123002.0,15 days return,Not Returned,Delivered,2030
2018-10-16,516903005,1,UPI,516903005.0,15 days return,,Not Delivered (Wrong Item),3363
2018-09-29,674492001,1,Card,674492001.0,15 days return,Returned,Delivered,2694
2018-10-24,703833001,2,Card,703833001.0,No return,Not Returned,Delivered,674
2018-09-26,501820004,2,Cash,501820004.0,15 days return,Not Returned,Delivered,44
2018-09-29,309864010,1,UPI,309864010.0,15 days return,Returned,Delivered,64
2018-10-25,641666001,2,UPI,641666001.0,7 days return,Not Returned,Delivered,815
2018-09-26,485689011,2,UPI,485689011.0,7 days return,Not Returned,Delivered,490
2018-10-01,667378001,2,UPI,667378001.0,15 days return,,Not Delivered (Wrong Item),1309
2018-10-22,669896001,2,UPI,669896001.0,No return,Not Returned,Delivered,2731
2018-10-13,717341002,2,UPI,717341002.0,No return,Not Returned,Delivered,4230
2018-09-25,637661001,1,UPI,637661001.0,7 days return,Returned,Delivered,1070
2018-10-10,539296001,2,UPI,539296001.0,15 days return,Not Returned,Delivered,2165
2018-10-08,507909003,2,UPI,507909003.0,No return,Not Returned,Delivered,511
2018-09-28,625480003,2,UPI,625480003.0,No return,Not Returned,Delivered,2015
2018-10-05,436261001,1,UPI,436261001.0,7 days return,Not Returned,Delivered,1700
2018-09-25,690624001,1,Card,690624001.0,15 days return,Not Returned,Delivered,1078
2018-10-31,636389002,2,UPI,636389002.0,No return,Not Returned,Delivered,2395
2018-09-28,568597008,2,UPI,568597008.0,No return,Not Returned,Delivered,4127
2018-10-23,664478001,2,UPI,664478001.0,15 days return,Not Returned,Delivered,1013
2018-09-26,692454002,2,UPI,692454002.0,No return,Not Returned,Delivered,2361
2018-10-13,627009006,1,UPI,627009006.0,No return,Not Returned,Delivered,428
2018-09-26,637515006,2,Cash,637515006.0,15 days return,Returned,Delivered,3027
2018-10-10,668767002,2,Cash,668767002.0,15 days return,Returned,Delivered,4563
2018-10-05,662857003,1,UPI,662857003.0,No return,Not Returned,Delivered,2100
2018-10-13,316441001,1,UPI,316441001.0,7 days return,Not Returned,Delivered,53
2018-10-24,634249002,1,UPI,634249002.0,No return,Not Returned,Delivered,876
2018-09-27,479227001,1,UPI,479227001.0,No return,Not Returned,Delivered,3710
2018-10-22,555550001,2,UPI,555550001.0,7 days return,Not Returned,Delivered,4060
2018-10-31,682776002,2,UPI,682776002.0,15 days return,Not Returned,Delivered,2436
2018-10-06,398814002,1,UPI,398814002.0,15 days return,Not Returned,Delivered,3936
2018-10-17,685170001,2,UPI,685170001.0,7 days return,Not Returned,Delivered,2326
2018-10-04,691039003,2,UPI,691039003.0,7 days return,Not Returned,Delivered,2005
2018-10-28,615021022,2,Card,615021022.0,15 days return,Returned,Delivered,2484
2018-10-13,636938003,1,UPI,636938003.0,No return,,Not Delivered (Wrong Item),2831
2018-09-23,633136006,2,UPI,633136006.0,15 days return,Not Returned,Delivered,3304
2018-10-11,667870001,2,UPI,667870001.0,15 days return,Not Returned,Delivered,2697
2018-10-17,312878005,2,UPI,312878005.0,15 days return,Returned,Delivered,351
2018-09-29,630145006,2,UPI,630145006.0,7 days return,,Not Delivered (Wrong Item),1971
2018-09-25,554450015,2,UPI,554450015.0,No return,,Not Delivered (Others),1297
2018-10-20,581542002,2,UPI,581542002.0,15 days return,Not Returned,Delivered,2135
2018-10-14,533406008,2,UPI,533406008.0,7 days return,Not Returned,Delivered,3662
2018-10-28,654266008,2,Cash,654266008.0,15 days return,Returned,Delivered,873
2018-10-11,663003004,2,Cash,663003004.0,No return,Not Returned,Delivered,2265
2018-09-24,562245039,2,UPI,562245039.0,15 days return,Returned,Delivered,4508
2018-09-28,565200013,1,UPI,565200013.0,No return,Not Returned,Delivered,3057
2018-09-28,692066001,2,UPI,692066001.0,7 days return,Not Returned,Delivered,2837
2018-10-22,548613029,1,Cash,548613029.0,No return,Not Returned,Delivered,946
2018-10-28,613246002,2,Card,613246002.0,No return,,Not Delivered (Others),308
2018-09-23,560270007,2,UPI,560270007.0,No return,Not Returned,Delivered,4156
2018-10-24,675322001,1,Card,675322001.0,7 days return,Not Returned,Delivered,2651
2018-10-24,146730001,2,Card,146730001.0,15 days return,Not Returned,Delivered,726
2018-10-07,699209001,2,Cash,699209001.0,No return,Not Returned,Delivered,1788
2018-10-04,673186001,2,UPI,673186001.0,7 days return,Not Returned,Delivered,2121
2018-09-24,663515004,2,Cash,663515004.0,No return,Not Returned,Delivered,2711
2018-10-19,493438027,1,UPI,493438027.0,15 days return,,Not Delivered (Wrong Item),850
2018-10-03,662948003,1,UPI,662948003.0,No return,Not Returned,Delivered,2477
2018-10-09,606983001,2,UPI,606983001.0,15 days return,Not Returned,Delivered,1293
2018-09-23,490176002,2,Cash,490176002.0,15 days return,Not Returned,Delivered,2157
2018-09-27,504154022,1,UPI,504154022.0,No return,Not Returned,Delivered,4758
2018-10-25,677809002,1,UPI,677809002.0,15 days return,Not Returned,Delivered,649
2018-10-27,591088001,2,UPI,591088001.0,No return,Not Returned,Delivered,3366
2018-09-21,569933006,2,UPI,569933006.0,No return,Not Returned,Delivered,3377
2018-10-10,564419002,2,UPI,564419002.0,7 days return,Not Returned,Delivered,242
2018-10-15,663236004,2,Card,663236004.0,15 days return,Not Returned,Delivered,1465
2018-09-23,672456007,2,Card,672456007.0,7 days return,Not Returned,Delivered,3227
2018-10-18,684021004,2,UPI,684021004.0,7 days return,Not Returned,Delivered,2993
2018-10-13,572797001,2,UPI,572797001.0,15 days return,Not Returned,Delivered,4573
2018-09-23,556364001,2,UPI,556364001.0,15 days return,,Not Delivered (Others),893
2018-10-15,610543009,2,UPI,610543009.0,15 days return,Not Returned,Delivered,4570
2018-10-17,591334014,1,UPI,591334014.0,7 days return,Not Returned,Delivered,4854
2018-09-28,626425001,1,UPI,626425001.0,15 days return,,Not Delivered (Wrong Item),191
2018-10-05,637515011,1,UPI,637515011.0,7 days return,Not Returned,Delivered,845
2018-09-30,669091001,2,UPI,669091001.0,15 days return,Not Returned,Delivered,472
2018-10-01,658680001,2,UPI,658680001.0,7 days return,Not Returned,Delivered,2680
2018-10-24,629551003,2,UPI,629551003.0,No return,Not Returned,Delivered,2720
2018-09-29,504154021,2,UPI,504154021.0,15 days return,,Not Delivered (Others),4765
2018-09-23,631848002,2,Cash,631848002.0,15 days return,,Not Delivered (Wrong Item),3955
2018-10-28,621523007,2,UPI,621523007.0,No return,,Not Delivered (Others),4323
2018-10-27,655347006,2,Card,655347006.0,No return,Not Returned,Delivered,883
2018-10-01,648491001,2,UPI,648491001.0,7 days return,Returned,Delivered,1919
2018-10-28,562245006,2,Card,562245006.0,15 days return,Not Returned,Delivered,2346
2018-10-13,633377003,1,UPI,633377003.0,No return,Not Returned,Delivered,4576
2018-10-08,523998004,2,UPI,523998004.0,15 days return,Returned,Delivered,1500
2018-10-02,537346013,2,Cash,537346013.0,7 days return,Not Returned,Delivered,2173
2018-10-28,639677004,2,Card,639677004.0,No return,Not Returned,Delivered,1267
2018-10-17,625321005,2,Card,625321005.0,15 days return,Not Returned,Delivered,4121
2018-10-25,701398002,1,UPI,701398002.0,7 days return,Returned,Delivered,4229
2018-10-01,552370002,2,UPI,552370002.0,No return,Not Returned,Delivered,258
2018-09-29,551413002,1,UPI,551413002.0,7 days return,Not Returned,Delivered,64
2018-10-17,613246004,2,UPI,613246004.0,7 days return,Returned,Delivered,3285
2018-09-25,399087017,2,Card,399087017.0,15 days return,,Not Delivered (Others),2646
2018-10-11,685170001,2,UPI,685170001.0,7 days return,Returned,Delivered,2320
2018-10-16,633136008,1,UPI,633136008.0,No return,Not Returned,Delivered,1234
2018-10-11,671505002,2,UPI,671505002.0,15 days return,,Not Delivered (Others),3854
2018-10-24,108775015,1,UPI,108775015.0,15 days return,Not Returned,Delivered,1011
2018-10-08,636455012,1,Cash,636455012.0,7 days return,,Not Delivered (Wrong Item),2292
2018-10-03,671186003,1,Cash,671186003.0,15 days return,Not Returned,Delivered,4845
2018-09-25,536139006,2,UPI,536139006.0,7 days return,Returned,Delivered,3591
2018-09-27,665201001,1,UPI,665201001.0,No return,Not Returned,Delivered,3407
2018-09-21,572990001,2,UPI,572990001.0,No return,Not Returned,Delivered,2364
2018-10-31,687539002,2,UPI,687539002.0,7 days return,Returned,Delivered,511
2018-10-13,676763001,1,UPI,676763001.0,15 days return,Not Returned,Delivered,3144
2018-09-20,555102001,2,Card,555102001.0,7 days return,Not Returned,Delivered,4233
2018-09-30,665186002,2,UPI,665186002.0,7 days return,Returned,Delivered,397
2018-10-29,633130008,2,Cash,633130008.0,No return,Not Returned,Delivered,4394
2018-09-20,673677002,1,UPI,673677002.0,7 days return,Not Returned,Delivered,1729
2018-10-08,635136001,1,UPI,635136001.0,15 days return,Not Returned,Delivered,3351
2018-09-26,516000024,2,UPI,516000024.0,7 days return,Not Returned,Delivered,819
2018-10-07,562252004,2,UPI,562252004.0,7 days return,Not Returned,Delivered,3695
2018-10-23,613246004,2,Card,613246004.0,7 days return,Returned,Delivered,3410
2018-10-22,671515001,2,Cash,671515001.0,15 days return,Not Returned,Delivered,45
2018-10-14,537346026,2,UPI,537346026.0,7 days return,Not Returned,Delivered,2130
2018-10-06,639544003,2,UPI,639544003.0,No return,Not Returned,Delivered,3444
2018-09-29,670233006,1,UPI,670233006.0,No return,Not Returned,Delivered,1867
2018-10-01,588689001,2,Card,588689001.0,15 days return,Not Returned,Delivered,330
2018-09-24,570781006,2,UPI,570781006.0,7 days return,Not Returned,Delivered,888
2018-09-21,399136004,2,UPI,399136004.0,No return,Not Returned,Delivered,4776
2018-10-17,446224014,1,UPI,446224014.0,15 days return,Not Returned,Delivered,3617
2018-10-24,657168003,1,UPI,657168003.0,7 days return,,Not Delivered (Wrong Item),3336
2018-10-12,621387001,2,Card,621387001.0,7 days return,Not Returned,Delivered,1725
2018-10-31,676990001,1,Cash,676990001.0,No return,Not Returned,Delivered,4652
2018-10-01,562245058,1,UPI,562245058.0,15 days return,Returned,Delivered,3270
2018-10-26,538993005,2,UPI,538993005.0,15 days return,Returned,Delivered,1392
2018-09-22,693584002,2,Cash,693584002.0,15 days return,Not Returned,Delivered,3074
2018-09-23,399136011,2,UPI,399136011.0,15 days return,Not Returned,Delivered,3608
2018-10-11,539723001,2,Card,539723001.0,15 days return,Returned,Delivered,2454
2018-10-09,401044004,2,Card,401044004.0,7 days return,Returned,Delivered,2923
2018-09-28,625532001,2,UPI,625532001.0,15 days return,Not Returned,Delivered,4609
2018-10-07,538142006,2,Cash,538142006.0,7 days return,Not Returned,Delivered,3695
2018-09-26,570781008,2,UPI,570781008.0,15 days return,Not Returned,Delivered,819
2018-10-05,608458002,2,UPI,608458002.0,15 days return,Returned,Delivered,4654
2018-09-21,705691001,2,UPI,705691001.0,7 days return,Not Returned,Delivered,117
2018-10-01,634563001,2,Card,634563001.0,No return,Not Returned,Delivered,4540
2018-09-27,648173003,2,UPI,648173003.0,7 days return,Returned,Delivered,1898
2018-09-28,634825003,1,Cash,634825003.0,15 days return,Not Returned,Delivered,1413
2018-09-29,714417001,1,Card,714417001.0,7 days return,Returned,Delivered,4381
2018-10-23,561445005,1,UPI,561445005.0,7 days return,Not Returned,Delivered,1191
2018-10-24,571436030,2,UPI,571436030.0,7 days return,,Not Delivered (Others),3165
2018-10-10,638945003,1,UPI,638945003.0,No return,Not Returned,Delivered,3228
2018-10-11,679986001,1,Cash,679986001.0,No return,Not Returned,Delivered,2741
2018-10-16,557248024,2,UPI,557248024.0,7 days return,Not Returned,Delivered,3298
2018-10-22,666221002,2,Cash,666221002.0,No return,Not Returned,Delivered,1079
2018-10-25,630010001,2,Card,630010001.0,No return,Not Returned,Delivered,921
2018-10-10,646536003,2,UPI,646536003.0,7 days return,Not Returned,Delivered,1082
2018-09-21,501820045,2,UPI,501820045.0,No return,Not Returned,Delivered,437
2018-10-22,495685001,1,Card,495685001.0,15 days return,Returned,Delivered,2267
2018-09-28,686269003,2,Card,686269003.0,7 days return,Not Returned,Delivered,4492
2018-10-31,640807002,2,UPI,640807002.0,No return,Not Returned,Delivered,2805
2018-10-02,542982010,1,UPI,542982010.0,15 days return,Not Returned,Delivered,2357
2018-09-24,562245039,2,Cash,562245039.0,15 days return,,Not Delivered (Wrong Item),4508
2018-10-24,189626001,2,UPI,189626001.0,7 days return,,Not Delivered (Others),4345
2018-10-05,399201005,2,UPI,399201005.0,7 days return,,Not Delivered (Others),3334
2018-10-13,701129002,1,UPI,701129002.0,No return,Not Returned,Delivered,4660
2018-10-04,671505004,1,UPI,671505004.0,7 days return,Not Returned,Delivered,3920
2018-10-06,552471033,2,Cash,552471033.0,No return,Not Returned,Delivered,2848
2018-10-06,695151001,2,Card,695151001.0,15 days return,Not Returned,Delivered,806
2018-10-24,678715002,2,UPI,678715002.0,15 days return,Not Returned,Delivered,2144
2018-10-28,664387001,2,UPI,664387001.0,15 days return,Not Returned,Delivered,2507
2018-10-23,639192002,2,UPI,639192002.0,No return,Not Returned,Delivered,71
2018-10-02,647434001,2,UPI,647434001.0,7 days return,Not Returned,Delivered,499
2018-10-10,433252004,2,UPI,433252004.0,No return,Not Returned,Delivered,2772
2018-10-12,677930003,1,UPI,677930003.0,No return,Not Returned,Delivered,469
2018-10-23,615021020,2,UPI,615021020.0,15 days return,Returned,Delivered,1565
2018-10-12,688873015,1,UPI,688873015.0,7 days return,Not Returned,Delivered,4541
2018-10-06,688873006,1,UPI,688873006.0,15 days return,Not Returned,Delivered,4673
2018-10-24,580482004,2,Cash,580482004.0,No return,Not Returned,Delivered,3516
2018-10-24,405887029,2,UPI,405887029.0,7 days return,Not Returned,Delivered,1429
2018-10-06,398814002,1,UPI,398814002.0,15 days return,Returned,Delivered,3936
2018-09-25,600229001,2,UPI,600229001.0,No return,Not Returned,Delivered,1633
2018-09-22,309864002,1,UPI,309864002.0,15 days return,Not Returned,Delivered,4214
2018-10-06,639207003,2,Cash,639207003.0,7 days return,Returned,Delivered,3444
2018-10-29,602409010,2,UPI,602409010.0,7 days return,Returned,Delivered,4804
2018-10-27,556255003,2,Cash,556255003.0,No return,Not Returned,Delivered,1538
2018-10-16,567993015,2,UPI,567993015.0,No return,Not Returned,Delivered,1442
2018-09-22,680912007,2,UPI,680912007.0,15 days return,Not Returned,Delivered,1296
2018-09-27,626405004,2,UPI,626405004.0,No return,Not Returned,Delivered,1604
2018-10-09,687427002,2,Card,687427002.0,No return,Not Returned,Delivered,2630
2018-10-02,660712012,2,Card,660712012.0,15 days return,Returned,Delivered,2871
2018-09-24,640651004,2,UPI,640651004.0,No return,Not Returned,Delivered,2909
2018-10-25,639677004,1,Card,639677004.0,No return,Not Returned,Delivered,3466
2018-09-21,500399001,2,UPI,500399001.0,7 days return,,Not Delivered (Wrong Item),3578
2018-09-27,719031001,1,Card,719031001.0,No return,Not Returned,Delivered,327
2018-10-16,661306005,2,UPI,661306005.0,No return,Not Returned,Delivered,2938
2018-11-01,640716001,1,UPI,640716001.0,15 days return,Not Returned,Delivered,3630
2018-10-12,612935007,2,UPI,612935007.0,7 days return,Not Returned,Delivered,4479
2018-09-26,671852003,2,Card,671852003.0,7 days return,Not Returned,Delivered,283
2018-09-22,690112002,2,Cash,690112002.0,No return,Not Returned,Delivered,1342
2018-10-05,663835001,1,UPI,663835001.0,No return,Not Returned,Delivered,566
2018-10-31,677930006,2,UPI,677930006.0,15 days return,Not Returned,Delivered,2668
2018-10-12,562252035,1,Card,562252035.0,7 days return,Not Returned,Delivered,1494
2018-10-17,615021027,2,UPI,615021027.0,7 days return,,Not Delivered (Wrong Item),2475
2018-11-01,650678004,2,UPI,650678004.0,No return,Not Returned,Delivered,3595
2018-10-09,675139001,1,Card,675139001.0,7 days return,Not Returned,Delivered,3178
2018-10-01,633136009,1,Card,633136009.0,7 days return,Returned,Delivered,4403
2018-10-26,719002001,1,UPI,719002001.0,No return,Not Returned,Delivered,3957
2018-10-27,648648001,1,UPI,648648001.0,7 days return,Returned,Delivered,2911
2018-10-01,636455009,1,UPI,636455009.0,No return,Not Returned,Delivered,1963
2018-10-30,671852003,2,UPI,671852003.0,7 days return,,Not Delivered (Others),3838
2018-10-10,692454002,2,UPI,692454002.0,No return,Not Returned,Delivered,1513
2018-09-20,699566001,1,UPI,699566001.0,15 days return,Not Returned,Delivered,3444
2018-10-28,688873002,1,UPI,688873002.0,15 days return,Returned,Delivered,1125
2018-10-15,502186011,2,UPI,502186011.0,7 days return,Returned,Delivered,658
2018-10-18,678321003,1,UPI,678321003.0,15 days return,,Not Delivered (Others),4171
2018-10-25,539723001,2,Card,539723001.0,15 days return,Not Returned,Delivered,3363
2018-10-11,687260002,2,Card,687260002.0,No return,,Not Delivered (Wrong Item),370
2018-10-19,416157003,2,UPI,416157003.0,No return,Not Returned,Delivered,2523
2018-09-23,626440008,2,UPI,626440008.0,7 days return,Returned,Delivered,3002
2018-10-02,501820001,1,Cash,501820001.0,15 days return,Returned,Delivered,4604
2018-10-23,610543011,2,UPI,610543011.0,15 days return,,Not Delivered (Others),264
2018-09-23,399136009,2,UPI,399136009.0,No return,Not Returned,Delivered,3608
2018-10-20,637935002,1,UPI,637935002.0,15 days return,Not Returned,Delivered,2102
2018-10-30,678291003,2,UPI,678291003.0,7 days return,,Not Delivered (Wrong Item),4900
2018-10-03,624556001,2,UPI,624556001.0,15 days return,,Not Delivered (Others),1107
2018-10-12,636452003,2,Cash,636452003.0,15 days return,Not Returned,Delivered,1725
2018-10-25,662948003,1,UPI,662948003.0,No return,Not Returned,Delivered,19
2018-09-28,673677003,2,UPI,673677003.0,7 days return,Not Returned,Delivered,3051
2018-09-26,661147004,2,UPI,661147004.0,7 days return,Not Returned,Delivered,44
2018-10-06,667870001,2,UPI,667870001.0,15 days return,Not Returned,Delivered,207
2018-10-07,554477020,1,UPI,554477020.0,7 days return,Returned,Delivered,321
2018-10-02,537346026,2,UPI,537346026.0,7 days return,Returned,Delivered,2173
2018-09-29,637515005,1,UPI,637515005.0,7 days return,Not Returned,Delivered,4773
2018-09-26,401044004,2,UPI,401044004.0,7 days return,Returned,Delivered,1440
2018-10-05,446224036,2,UPI,446224036.0,7 days return,Not Returned,Delivered,1140
2018-10-27,631059002,1,UPI,631059002.0,15 days return,Not Returned,Delivered,4644
2018-10-01,554450001,2,UPI,554450001.0,No return,Not Returned,Delivered,4098
2018-09-22,573937001,2,Cash,573937001.0,7 days return,Not Returned,Delivered,233
2018-10-05,501620013,2,UPI,501620013.0,7 days return,Not Returned,Delivered,2706
2018-09-23,615972002,2,UPI,615972002.0,No return,Not Returned,Delivered,4194
2018-10-24,554450005,2,Card,554450005.0,15 days return,Not Returned,Delivered,2347
2018-09-24,658254006,2,UPI,658254006.0,7 days return,Not Returned,Delivered,973
2018-10-05,620081006,1,Card,620081006.0,7 days return,Not Returned,Delivered,2227
2018-10-12,516903001,2,UPI,516903001.0,No return,Not Returned,Delivered,4742
2018-10-10,653409003,2,UPI,653409003.0,7 days return,Not Returned,Delivered,1196
2018-09-29,538699007,1,UPI,538699007.0,No return,Not Returned,Delivered,149
2018-09-28,620424017,1,Card,620424017.0,15 days return,Returned,Delivered,3978
2018-09-29,456163024,2,UPI,456163024.0,No return,Not Returned,Delivered,1401
2018-09-29,593829013,2,UPI,593829013.0,7 days return,Not Returned,Delivered,2223
2018-10-04,625917001,2,UPI,625917001.0,15 days return,Not Returned,Delivered,3915
2018-10-07,661810002,2,UPI,661810002.0,15 days return,Not Returned,Delivered,1558
2018-10-17,642380001,2,Cash,642380001.0,7 days return,Returned,Delivered,503
2018-10-01,670655002,2,UPI,670655002.0,No return,Not Returned,Delivered,1843
2018-10-04,617245001,2,UPI,617245001.0,No return,Not Returned,Delivered,2282
2018-10-24,618899001,2,UPI,618899001.0,No return,Not Returned,Delivered,2785
2018-10-10,578470001,2,UPI,578470001.0,15 days return,Not Returned,Delivered,2401
2018-10-10,657850002,2,UPI,657850002.0,15 days return,Not Returned,Delivered,77
2018-10-17,516712001,2,UPI,516712001.0,7 days return,,Not Delivered (Others),274
2018-10-05,608458002,1,UPI,608458002.0,15 days return,Not Returned,Delivered,3485
2018-09-29,657925002,2,UPI,657925002.0,7 days return,Not Returned,Delivered,2534
2018-10-11,647434001,2,UPI,647434001.0,7 days return,Not Returned,Delivered,3841
2018-09-25,667491011,2,UPI,667491011.0,15 days return,Not Returned,Delivered,201
2018-10-02,690478001,2,UPI,690478001.0,15 days return,Not Returned,Delivered,3227
2018-10-19,426013023,2,UPI,426013023.0,No return,Not Returned,Delivered,2496
2018-10-17,667499018,1,UPI,667499018.0,No return,Not Returned,Delivered,4824
2018-09-28,687365001,1,UPI,687365001.0,15 days return,Not Returned,Delivered,4666
2018-10-15,562409005,2,UPI,562409005.0,15 days return,Not Returned,Delivered,893
2018-10-03,639677001,2,UPI,639677001.0,15 days return,Returned,Delivered,4005
2018-09-29,684210001,1,UPI,684210001.0,15 days return,Returned,Delivered,2138
2018-10-16,647416005,2,Card,647416005.0,15 days return,Not Returned,Delivered,600
2018-10-03,539723006,2,UPI,539723006.0,No return,Not Returned,Delivered,3869
2018-10-14,413707001,2,UPI,413707001.0,15 days return,Not Returned,Delivered,1122
2018-10-05,591334016,1,UPI,591334016.0,No return,,Not Delivered (Others),4720
2018-10-25,633294011,1,UPI,633294011.0,15 days return,,Not Delivered (Wrong Item),4229
2018-09-26,521302001,2,UPI,521302001.0,15 days return,Returned,Delivered,977
2018-09-25,537895005,1,Card,537895005.0,15 days return,Not Returned,Delivered,1965
2018-10-26,399136009,1,Cash,399136009.0,No return,Not Returned,Delivered,1729
2018-10-01,571503001,2,Cash,571503001.0,No return,Not Returned,Delivered,1876
2018-09-27,589372001,2,Cash,589372001.0,7 days return,Not Returned,Delivered,4693
2018-10-12,443860011,1,UPI,443860011.0,7 days return,Not Returned,Delivered,2211
2018-10-17,663351002,2,Card,663351002.0,No return,Not Returned,Delivered,2943
2018-10-01,687524002,2,UPI,687524002.0,No return,Not Returned,Delivered,2364
2018-10-05,496111017,1,UPI,496111017.0,15 days return,,Not Delivered (Others),2669
2018-10-16,663561001,2,UPI,663561001.0,15 days return,Returned,Delivered,3399
2018-10-22,719002001,2,UPI,719002001.0,No return,Not Returned,Delivered,4465
2018-10-25,662948005,2,Cash,662948005.0,15 days return,Not Returned,Delivered,2137
2018-10-21,569984001,2,UPI,569984001.0,No return,Not Returned,Delivered,713
2018-10-03,692454002,2,Cash,692454002.0,No return,,Not Delivered (Wrong Item),3495
2018-10-15,575141004,2,Card,575141004.0,No return,Not Returned,Delivered,4570
2018-10-23,536139010,1,Card,536139010.0,15 days return,Not Returned,Delivered,1860
2018-10-14,595779011,2,UPI,595779011.0,7 days return,Returned,Delivered,1409
2018-10-09,647804001,2,UPI,647804001.0,No return,Not Returned,Delivered,3427
2018-10-02,510465001,2,UPI,510465001.0,7 days return,Not Returned,Delivered,3938
2018-09-24,676387001,2,UPI,676387001.0,No return,Not Returned,Delivered,52
2018-10-26,674890001,1,UPI,674890001.0,No return,Not Returned,Delivered,1068
2018-10-24,576396001,2,UPI,576396001.0,15 days return,Not Returned,Delivered,1755
2018-10-03,399136004,1,UPI,399136004.0,No return,Not Returned,Delivered,848
2018-10-03,368979001,2,UPI,368979001.0,No return,Not Returned,Delivered,3645
2018-09-27,646429003,1,Card,646429003.0,15 days return,Not Returned,Delivered,2972
2018-10-07,516903005,1,UPI,516903005.0,15 days return,Returned,Delivered,4068
2018-10-10,573716012,2,UPI,573716012.0,7 days return,Not Returned,Delivered,3737
2018-09-28,622295001,2,UPI,622295001.0,7 days return,Returned,Delivered,977
2018-09-23,507910001,2,UPI,507910001.0,7 days return,Returned,Delivered,3363
2018-09-23,490176001,2,UPI,490176001.0,7 days return,Not Returned,Delivered,2157
2018-10-16,705094001,2,UPI,705094001.0,No return,Not Returned,Delivered,1118
2018-10-17,677930006,2,Card,677930006.0,15 days return,Returned,Delivered,3574
2018-10-28,721040002,1,Card,721040002.0,7 days return,Not Returned,Delivered,4523
2018-10-10,610776002,2,UPI,610776002.0,15 days return,Not Returned,Delivered,3280
2018-10-01,564358030,1,UPI,564358030.0,15 days return,Not Returned,Delivered,24
2018-09-21,567475004,2,UPI,567475004.0,15 days return,Returned,Delivered,2807
2018-09-29,443696012,2,Card,443696012.0,15 days return,Not Returned,Delivered,1977
2018-10-13,591334003,1,Cash,591334003.0,15 days return,Returned,Delivered,2365
2018-10-20,639685003,1,UPI,639685003.0,7 days return,Not Returned,Delivered,4837
2018-09-29,637549001,2,Card,637549001.0,7 days return,Returned,Delivered,55
2018-10-29,622295001,2,UPI,622295001.0,7 days return,Not Returned,Delivered,4755
2018-09-27,661152002,1,UPI,661152002.0,No return,,Not Delivered (Others),3286
2018-10-03,567475001,2,Card,567475001.0,7 days return,Not Returned,Delivered,1806
2018-10-26,617311006,2,UPI,617311006.0,15 days return,Returned,Delivered,4250
2018-10-07,543310001,2,UPI,543310001.0,15 days return,Not Returned,Delivered,4639
2018-09-20,632143001,2,Card,632143001.0,7 days return,Returned,Delivered,2361
2018-10-06,413707001,2,UPI,413707001.0,15 days return,Returned,Delivered,4310
2018-09-21,572124001,2,Card,572124001.0,15 days return,Not Returned,Delivered,4244
2018-10-07,554598012,1,UPI,554598012.0,15 days return,Not Returned,Delivered,1951
2018-10-13,640677002,1,Card,640677002.0,15 days return,Not Returned,Delivered,2749
2018-10-16,620405001,2,UPI,620405001.0,7 days return,,Not Delivered (Others),406
2018-10-04,671505004,2,UPI,671505004.0,7 days return,Returned,Delivered,3266
2018-09-28,637940005,2,Cash,637940005.0,7 days return,Not Returned,Delivered,2621
2018-10-31,554450004,2,UPI,554450004.0,15 days return,Returned,Delivered,775
2018-09-24,584519001,2,UPI,584519001.0,7 days return,,Not Delivered (Others),2771
2018-10-22,625063001,2,UPI,625063001.0,7 days return,Returned,Delivered,4980
2018-10-20,656658001,2,Card,656658001.0,7 days return,,Not Delivered (Others),2020
2018-10-08,640124003,2,Cash,640124003.0,15 days return,Not Returned,Delivered,3958
2018-10-06,627197005,2,Card,627197005.0,7 days return,Not Returned,Delivered,3444
2018-10-22,588689001,1,UPI,588689001.0,15 days return,Not Returned,Delivered,4614
2018-09-29,636323002,2,Cash,636323002.0,15 days return,Not Returned,Delivered,613
2018-09-28,548388014,2,UPI,548388014.0,7 days return,,Not Delivered (Others),3393
2018-10-19,539723001,2,UPI,539723001.0,15 days return,Not Returned,Delivered,1841
2018-09-28,567993036,1,UPI,567993036.0,No return,Not Returned,Delivered,3978
2018-09-29,539723005,2,UPI,539723005.0,7 days return,,Not Delivered (Others),1177
2018-10-11,657434001,2,UPI,657434001.0,15 days return,Not Returned,Delivered,1794
2018-10-26,522398053,1,UPI,522398053.0,7 days return,,Not Delivered (Others),3990
2018-10-21,572325003,1,UPI,572325003.0,No return,Not Returned,Delivered,4638
2018-10-04,629042001,2,UPI,629042001.0,No return,,Not Delivered (Wrong Item),2109
2018-10-03,552473008,2,UPI,552473008.0,15 days return,Not Returned,Delivered,1725
2018-09-28,581777008,1,UPI,581777008.0,7 days return,,Not Delivered (Others),565
2018-09-21,660741001,1,UPI,660741001.0,15 days return,,Not Delivered (Wrong Item),2085
2018-10-18,570003016,2,Card,570003016.0,No return,Not Returned,Delivered,3987
2018-09-28,625939002,2,UPI,625939002.0,No return,Not Returned,Delivered,2290
2018-09-25,687411001,2,UPI,687411001.0,15 days return,Not Returned,Delivered,754
2018-10-23,630116001,2,Card,630116001.0,15 days return,,Not Delivered (Others),2554
2018-09-23,685687004,2,UPI,685687004.0,7 days return,Not Returned,Delivered,2352
2018-09-29,658287001,2,UPI,658287001.0,No return,,Not Delivered (Wrong Item),1973
2018-09-29,688873001,1,Card,688873001.0,No return,,Not Delivered (Wrong Item),1883
2018-10-31,108775044,2,Card,108775044.0,No return,,Not Delivered (Others),340
2018-09-26,630141001,1,UPI,630141001.0,7 days return,Returned,Delivered,454
2018-10-20,356289021,1,Cash,356289021.0,15 days return,Not Returned,Delivered,2773
2018-09-29,666448006,1,UPI,666448006.0,7 days return,Not Returned,Delivered,1
2018-10-02,360859006,2,Card,360859006.0,7 days return,Returned,Delivered,2059
2018-10-09,417088007,2,UPI,417088007.0,No return,Not Returned,Delivered,2923
2018-09-20,666638003,1,UPI,666638003.0,No return,Not Returned,Delivered,4189
2018-09-24,686631003,2,UPI,686631003.0,15 days return,Not Returned,Delivered,4508
2018-10-20,622745001,2,UPI,622745001.0,15 days return,Returned,Delivered,4362
2018-10-22,672748002,2,Card,672748002.0,15 days return,Not Returned,Delivered,2731
2018-10-17,524061003,2,UPI,524061003.0,7 days return,Not Returned,Delivered,3745
2018-10-25,563519001,1,UPI,563519001.0,No return,Not Returned,Delivered,4370
2018-10-10,504154018,2,UPI,504154018.0,7 days return,,Not Delivered (Others),2784
2018-10-13,687524002,2,UPI,687524002.0,No return,Not Returned,Delivered,2387
2018-10-10,640174004,2,UPI,640174004.0,7 days return,Not Returned,Delivered,2294
2018-10-30,671057006,2,UPI,671057006.0,7 days return,Not Returned,Delivered,3729
2018-10-05,712517003,2,Card,712517003.0,15 days return,Returned,Delivered,1782
2018-09-24,683662005,2,UPI,683662005.0,7 days return,Not Returned,Delivered,711
2018-10-11,557938003,2,Cash,557938003.0,7 days return,Not Returned,Delivered,1988
2018-10-18,636389001,2,Card,636389001.0,15 days return,,Not Delivered (Wrong Item),3397
2018-09-29,123173001,1,UPI,123173001.0,7 days return,Not Returned,Delivered,441
2018-10-21,560270007,1,Card,560270007.0,No return,,Not Delivered (Wrong Item),3968
2018-10-19,479604007,1,Card,479604007.0,No return,Not Returned,Delivered,1917
2018-10-06,662076003,1,Card,662076003.0,No return,Not Returned,Delivered,3667
2018-10-23,611024002,1,UPI,611024002.0,7 days return,Not Returned,Delivered,1191
2018-09-26,671553003,2,UPI,671553003.0,7 days return,Not Returned,Delivered,2189
2018-10-16,649671004,2,UPI,649671004.0,No return,Not Returned,Delivered,3517
2018-09-29,696435001,1,UPI,696435001.0,7 days return,,Not Delivered (Others),315
2018-10-08,611218001,2,UPI,611218001.0,7 days return,Not Returned,Delivered,4509
2018-10-30,627139002,2,UPI,627139002.0,15 days return,Returned,Delivered,2041
2018-09-26,617322004,1,UPI,617322004.0,7 days return,Not Returned,Delivered,3284
2018-09-23,564419001,2,UPI,564419001.0,No return,Not Returned,Delivered,210
2018-10-03,546617004,2,UPI,546617004.0,7 days return,Not Returned,Delivered,930
2018-09-24,680846004,2,UPI,680846004.0,7 days return,Returned,Delivered,2803
2018-09-25,572127015,2,UPI,572127015.0,7 days return,Not Returned,Delivered,1167
2018-10-02,301656013,1,Cash,301656013.0,7 days return,,Not Delivered (Wrong Item),2350
2018-10-25,665212005,1,UPI,665212005.0,7 days return,,Not Delivered (Wrong Item),1950
2018-09-23,561445006,2,Card,561445006.0,No return,Not Returned,Delivered,251
2018-10-26,189616001,1,Card,189616001.0,7 days return,Not Returned,Delivered,4797
2018-10-20,504113014,2,UPI,504113014.0,15 days return,Not Returned,Delivered,4636
2018-10-03,539723003,2,Card,539723003.0,No return,Not Returned,Delivered,4435
2018-09-21,670290001,2,UPI,670290001.0,No return,Not Returned,Delivered,3832
2018-09-29,691177002,2,UPI,691177002.0,7 days return,Returned,Delivered,3867
2018-10-01,574109014,2,Card,574109014.0,15 days return,Not Returned,Delivered,4464
2018-09-29,575141005,1,Card,575141005.0,7 days return,Not Returned,Delivered,4870
2018-10-21,692002004,2,UPI,692002004.0,7 days return,Returned,Delivered,3578
2018-09-30,550309006,1,UPI,550309006.0,7 days return,Not Returned,Delivered,4089
2018-10-30,591334017,1,UPI,591334017.0,15 days return,Not Returned,Delivered,4854
2018-10-27,662857004,1,UPI,662857004.0,15 days return,Returned,Delivered,2100
2018-09-27,678983007,1,Cash,678983007.0,7 days return,Not Returned,Delivered,3998
2018-09-21,673677004,1,UPI,673677004.0,15 days return,Not Returned,Delivered,2047
2018-10-29,639151001,1,Cash,639151001.0,7 days return,Not Returned,Delivered,4347
2018-10-04,637661004,1,UPI,637661004.0,15 days return,Not Returned,Delivered,1001
2018-10-28,399136009,2,UPI,399136009.0,No return,,Not Delivered (Wrong Item),2484
2018-10-22,615042006,2,Card,615042006.0,7 days return,Returned,Delivered,4472
2018-10-30,716262001,2,Card,716262001.0,15 days return,Not Returned,Delivered,3517
2018-10-27,687424005,1,UPI,687424005.0,15 days return,Returned,Delivered,90
2018-10-07,502186014,1,UPI,502186014.0,15 days return,Not Returned,Delivered,4016
2018-09-27,663355003,1,UPI,663355003.0,7 days return,Not Returned,Delivered,4221
2018-10-23,652277001,2,UPI,652277001.0,15 days return,Not Returned,Delivered,2331
2018-09-29,638899001,2,UPI,638899001.0,No return,,Not Delivered (Wrong Item),2142
2018-10-24,675139002,1,UPI,675139002.0,No return,Not Returned,Delivered,4386
2018-10-09,621522024,1,UPI,621522024.0,15 days return,Not Returned,Delivered,2576
2018-10-10,556560005,2,UPI,556560005.0,15 days return,,Not Delivered (Others),3614
2018-10-27,662257006,1,UPI,662257006.0,7 days return,Not Returned,Delivered,1655
2018-10-30,684210001,2,UPI,684210001.0,15 days return,Not Returned,Delivered,3059
2018-10-28,671433004,1,UPI,671433004.0,15 days return,Not Returned,Delivered,1052
2018-10-07,677999001,2,UPI,677999001.0,15 days return,Returned,Delivered,1285
2018-10-12,656059003,1,UPI,656059003.0,15 days return,Returned,Delivered,4006
2018-10-17,678073002,2,UPI,678073002.0,No return,Not Returned,Delivered,1495
2018-09-22,674492003,2,Card,674492003.0,No return,Not Returned,Delivered,3456
2018-10-20,683621001,2,Card,683621001.0,7 days return,Not Returned,Delivered,1467
2018-10-10,625316007,2,UPI,625316007.0,No return,,Not Delivered (Wrong Item),601
2018-10-04,673807002,2,UPI,673807002.0,7 days return,Not Returned,Delivered,4762
2018-10-25,626816003,2,Cash,626816003.0,7 days return,Returned,Delivered,705
2018-10-10,662868002,2,UPI,662868002.0,No return,Not Returned,Delivered,4747
2018-10-31,558986003,2,UPI,558986003.0,No return,Not Returned,Delivered,3819
2018-10-26,615021029,1,UPI,615021029.0,No return,Not Returned,Delivered,891
2018-09-21,636407001,2,UPI,636407001.0,No return,Not Returned,Delivered,3578
2018-10-10,512251003,2,UPI,512251003.0,No return,Not Returned,Delivered,510
2018-10-30,652367001,2,UPI,652367001.0,No return,Not Returned,Delivered,4594
2018-10-01,727754001,2,UPI,727754001.0,15 days return,Returned,Delivered,1309
2018-10-20,610274008,2,Cash,610274008.0,No return,Not Returned,Delivered,2920
2018-09-29,678983002,1,Card,678983002.0,15 days return,Not Returned,Delivered,1665
2018-09-24,631833001,2,UPI,631833001.0,7 days return,Returned,Delivered,568
2018-09-29,633130016,2,UPI,633130016.0,No return,,Not Delivered (Wrong Item),4413
2018-10-17,666006004,2,UPI,666006004.0,7 days return,,Not Delivered (Wrong Item),2481
2018-10-08,524825016,2,UPI,524825016.0,15 days return,Not Returned,Delivered,1938
2018-09-24,573085020,2,UPI,573085020.0,15 days return,Not Returned,Delivered,447
2018-09-25,572187001,1,UPI,572187001.0,No return,Not Returned,Delivered,1965
2018-09-28,516000008,2,UPI,516000008.0,No return,Not Returned,Delivered,544
2018-10-01,661435001,2,UPI,661435001.0,15 days return,Not Returned,Delivered,2990
2018-10-05,701262002,2,UPI,701262002.0,7 days return,Returned,Delivered,1001
2018-10-18,661306008,1,UPI,661306008.0,7 days return,Returned,Delivered,3174
2018-10-03,671515001,2,UPI,671515001.0,15 days return,Returned,Delivered,4005
2018-10-17,648738021,2,UPI,648738021.0,No return,Not Returned,Delivered,2883
2018-10-20,557247001,2,UPI,557247001.0,No return,Not Returned,Delivered,1106
2018-10-02,552018005,1,UPI,552018005.0,7 days return,Not Returned,Delivered,33
2018-10-13,215337039,1,Cash,215337039.0,No return,Not Returned,Delivered,2122
2018-10-23,679261001,2,UPI,679261001.0,No return,Not Returned,Delivered,598
2018-09-26,688873015,1,Card,688873015.0,7 days return,Returned,Delivered,268
2018-10-24,554450004,2,Card,554450004.0,15 days return,Not Returned,Delivered,663
2018-09-27,640020003,2,UPI,640020003.0,7 days return,Returned,Delivered,1311
2018-10-30,675419001,2,UPI,675419001.0,15 days return,Not Returned,Delivered,1843
2018-09-24,659460001,1,UPI,659460001.0,7 days return,Returned,Delivered,1914
2018-09-22,504154016,2,Card,504154016.0,15 days return,Not Returned,Delivered,3485
2018-09-20,634015003,1,Card,634015003.0,7 days return,Not Returned,Delivered,580
2018-10-19,640613002,2,UPI,640613002.0,7 days return,Not Returned,Delivered,2343
2018-09-26,687424003,2,UPI,687424003.0,No return,,Not Delivered (Wrong Item),835
2018-09-30,673638002,1,UPI,673638002.0,No return,Not Returned,Delivered,3199
2018-10-14,539723005,2,UPI,539723005.0,7 days return,Not Returned,Delivered,3719
2018-10-14,458924006,2,UPI,458924006.0,15 days return,Not Returned,Delivered,1373
2018-10-24,579010014,2,UPI,579010014.0,7 days return,Not Returned,Delivered,1566
2018-10-16,685683001,2,UPI,685683001.0,No return,Not Returned,Delivered,2909
2018-10-01,316657013,2,Card,316657013.0,7 days return,Not Returned,Delivered,4527
2018-10-29,507909023,2,UPI,507909023.0,7 days return,Not Returned,Delivered,4111
2018-10-09,680374001,2,UPI,680374001.0,7 days return,Not Returned,Delivered,3844
2018-09-29,669906001,2,Card,669906001.0,15 days return,Not Returned,Delivered,1977
2018-10-23,728112001,1,Cash,728112001.0,7 days return,Returned,Delivered,3504
2018-10-29,624494001,2,UPI,624494001.0,7 days return,Not Returned,Delivered,3128
2018-09-21,634019001,1,Card,634019001.0,No return,Not Returned,Delivered,212
2018-10-10,628633001,2,Card,628633001.0,No return,Not Returned,Delivered,2592
2018-10-09,510075007,2,UPI,510075007.0,No return,Not Returned,Delivered,2784
2018-09-26,581086002,2,UPI,581086002.0,7 days return,Not Returned,Delivered,1725
2018-10-05,572480004,2,UPI,572480004.0,7 days return,,Not Delivered (Wrong Item),3150
2018-10-27,611020010,2,UPI,611020010.0,7 days return,Returned,Delivered,3558
2018-10-01,660712012,2,Cash,660712012.0,15 days return,Not Returned,Delivered,362
2018-10-11,591489001,2,UPI,591489001.0,15 days return,Returned,Delivered,2196
2018-09-27,675378001,2,Cash,675378001.0,No return,Not Returned,Delivered,2383
2018-10-11,663679001,2,UPI,663679001.0,15 days return,Not Returned,Delivered,1931
2018-10-08,684210001,1,UPI,684210001.0,15 days return,Not Returned,Delivered,1525
2018-09-28,252298002,2,UPI,252298002.0,No return,Not Returned,Delivered,1238
2018-10-31,416157025,2,Card,416157025.0,No return,Not Returned,Delivered,406
2018-10-25,537346020,2,Card,537346020.0,No return,Not Returned,Delivered,2315
2018-10-17,607705002,2,UPI,607705002.0,No return,Not Returned,Delivered,2777
2018-11-01,611145016,2,UPI,611145016.0,No return,Not Returned,Delivered,3595
2018-09-29,605939004,2,UPI,605939004.0,No return,Not Returned,Delivered,168
2018-10-28,657913001,1,UPI,657913001.0,15 days return,Returned,Delivered,4206
2018-10-19,663236001,1,UPI,663236001.0,15 days return,Not Returned,Delivered,847
2018-09-29,684588001,2,Cash,684588001.0,15 days return,Returned,Delivered,3206
2018-10-03,625653011,1,UPI,625653011.0,7 days return,Returned,Delivered,4164
2018-10-11,524825013,2,UPI,524825013.0,15 days return,Not Returned,Delivered,4146
2018-10-05,662857004,1,UPI,662857004.0,15 days return,Returned,Delivered,392
2018-09-22,552475017,1,UPI,552475017.0,15 days return,Not Returned,Delivered,1482
2018-09-28,534181002,2,Cash,534181002.0,15 days return,Not Returned,Delivered,1735
2018-10-16,633109002,2,UPI,633109002.0,7 days return,Returned,Delivered,842
2018-09-21,651558012,2,UPI,651558012.0,No return,Not Returned,Delivered,2596
2018-10-22,514817008,2,Card,514817008.0,No return,Not Returned,Delivered,2290
2018-09-20,648968001,2,UPI,648968001.0,No return,Not Returned,Delivered,3347
2018-10-06,564418001,1,Cash,564418001.0,No return,Not Returned,Delivered,1638
2018-10-02,647434001,2,UPI,647434001.0,7 days return,Not Returned,Delivered,2248
2018-09-21,624486009,1,UPI,624486009.0,15 days return,Not Returned,Delivered,1777
2018-09-26,411013001,2,UPI,411013001.0,15 days return,Not Returned,Delivered,354
2018-09-23,623745002,2,Cash,623745002.0,No return,Not Returned,Delivered,768
2018-09-30,626415001,1,UPI,626415001.0,No return,Not Returned,Delivered,3087
2018-10-13,607046003,2,Card,607046003.0,15 days return,Returned,Delivered,3996
2018-10-26,568137005,2,Card,568137005.0,7 days return,,Not Delivered (Wrong Item),2328
2018-10-26,637673005,2,UPI,637673005.0,15 days return,Not Returned,Delivered,783
2018-10-13,667499005,1,UPI,667499005.0,No return,Not Returned,Delivered,53
2018-09-23,637549003,2,UPI,637549003.0,7 days return,Not Returned,Delivered,4131
2018-09-29,687524002,2,UPI,687524002.0,No return,Not Returned,Delivered,707
2018-10-23,611522006,2,UPI,611522006.0,7 days return,Not Returned,Delivered,2616
2018-10-20,667499018,1,UPI,667499018.0,No return,Not Returned,Delivered,495
2018-09-28,539286002,2,UPI,539286002.0,7 days return,,Not Delivered (Wrong Item),4788
2018-09-29,637549010,2,Cash,637549010.0,7 days return,Returned,Delivered,1177
2018-09-23,651687001,2,UPI,651687001.0,No return,Not Returned,Delivered,210
2018-10-10,561815002,2,Card,561815002.0,7 days return,Returned,Delivered,287
2018-10-12,630316008,2,Card,630316008.0,7 days return,Not Returned,Delivered,4492
2018-10-13,696435002,2,UPI,696435002.0,7 days return,Returned,Delivered,550
2018-10-25,673799003,1,UPI,673799003.0,15 days return,Not Returned,Delivered,3982
2018-10-04,574051002,2,Card,574051002.0,15 days return,,Not Delivered (Others),4742
2018-10-14,546406001,2,Cash,546406001.0,15 days return,Not Returned,Delivered,4785
2018-10-02,680186002,2,UPI,680186002.0,15 days return,Returned,Delivered,542
2018-10-20,661306005,1,Card,661306005.0,No return,,Not Delivered (Others),4809
2018-10-25,580671001,2,Card,580671001.0,7 days return,Not Returned,Delivered,281
2018-10-13,710059001,2,UPI,710059001.0,15 days return,Returned,Delivered,4735
2018-10-05,579541036,1,Cash,579541036.0,7 days return,Returned,Delivered,4720
2018-10-25,663015002,1,UPI,663015002.0,No return,Not Returned,Delivered,2308
2018-09-24,611148004,2,UPI,611148004.0,7 days return,Not Returned,Delivered,2358
2018-09-29,572493002,1,Card,572493002.0,No return,Not Returned,Delivered,3236
2018-10-20,669584001,1,UPI,669584001.0,No return,Not Returned,Delivered,4119
2018-10-17,625229004,1,Card,625229004.0,No return,Not Returned,Delivered,727
2018-10-03,626587004,1,UPI,626587004.0,15 days return,Not Returned,Delivered,1588
2018-10-26,595080001,2,Card,595080001.0,7 days return,Returned,Delivered,1363
2018-10-16,568601008,2,Cash,568601008.0,15 days return,Not Returned,Delivered,232
2018-10-07,536139010,1,UPI,536139010.0,15 days return,Not Returned,Delivered,2588
2018-10-16,662075005,1,UPI,662075005.0,No return,Not Returned,Delivered,4096
2018-10-18,607834011,2,UPI,607834011.0,15 days return,Returned,Delivered,1843
2018-10-31,662857003,2,Card,662857003.0,No return,Not Returned,Delivered,3819
2018-10-27,580770002,2,Cash,580770002.0,15 days return,Not Returned,Delivered,663
2018-10-04,688873009,2,Cash,688873009.0,7 days return,Not Returned,Delivered,4762
2018-09-24,633781012,2,Card,633781012.0,No return,Not Returned,Delivered,4343
2018-10-21,680374002,1,UPI,680374002.0,7 days return,Not Returned,Delivered,2783
2018-09-20,676827002,2,UPI,676827002.0,15 days return,Not Returned,Delivered,66
2018-10-16,316085001,2,UPI,316085001.0,No return,Not Returned,Delivered,2283
2018-09-21,678342008,1,UPI,678342008.0,No return,Not Returned,Delivered,857
2018-09-24,536139012,2,UPI,536139012.0,7 days return,Not Returned,Delivered,4102
2018-10-07,637515002,2,UPI,637515002.0,15 days return,Returned,Delivered,3287
2018-10-03,501820003,2,UPI,501820003.0,No return,Not Returned,Delivered,2343
2018-09-25,399087001,2,Card,399087001.0,7 days return,Returned,Delivered,1458
2018-10-11,626052009,1,UPI,626052009.0,No return,Not Returned,Delivered,4298
2018-10-09,650974003,2,Cash,650974003.0,No return,,Not Delivered (Others),3668
2018-10-08,699358002,2,UPI,699358002.0,No return,Not Returned,Delivered,731
2018-10-10,648414022,2,UPI,648414022.0,No return,Not Returned,Delivered,5
2018-10-11,563519001,2,UPI,563519001.0,No return,Not Returned,Delivered,2682
2018-09-20,549914003,2,UPI,549914003.0,7 days return,Not Returned,Delivered,4044
2018-10-13,585398005,1,Card,585398005.0,7 days return,Returned,Delivered,3144
2018-09-29,635147001,1,Cash,635147001.0,7 days return,Returned,Delivered,416
2018-09-26,297067002,2,Card,297067002.0,15 days return,Not Returned,Delivered,3542
2018-10-21,662948005,1,Cash,662948005.0,15 days return,Returned,Delivered,4561
2018-09-29,645065015,1,Card,645065015.0,15 days return,Returned,Delivered,1328
2018-10-26,399223024,2,UPI,399223024.0,7 days return,Not Returned,Delivered,254
2018-10-03,662980002,1,UPI,662980002.0,No return,Not Returned,Delivered,470
2018-10-10,568137005,2,UPI,568137005.0,7 days return,Returned,Delivered,1331
2018-10-27,651368001,2,UPI,651368001.0,No return,Not Returned,Delivered,2199
2018-09-28,573716012,2,UPI,573716012.0,7 days return,Not Returned,Delivered,3596
2018-10-02,717341001,2,Card,717341001.0,No return,Not Returned,Delivered,3014
2018-10-04,524825010,2,Card,524825010.0,7 days return,,Not Delivered (Wrong Item),3012
2018-10-18,663016002,2,Card,663016002.0,15 days return,Returned,Delivered,2194
2018-09-24,660618001,2,Card,660618001.0,No return,Not Returned,Delivered,4424
2018-10-07,652008001,2,UPI,652008001.0,7 days return,Not Returned,Delivered,3430
2018-10-01,664561001,2,UPI,664561001.0,7 days return,Returned,Delivered,4890
2018-09-23,562245001,2,UPI,562245001.0,15 days return,Not Returned,Delivered,2284
2018-10-07,497642001,1,Card,497642001.0,No return,Not Returned,Delivered,4245
2018-09-23,640033001,2,UPI,640033001.0,7 days return,Not Returned,Delivered,210
2018-10-13,662917002,1,UPI,662917002.0,No return,Not Returned,Delivered,3748
2018-10-20,651558016,2,UPI,651558016.0,15 days return,Not Returned,Delivered,4458
2018-10-04,658030002,1,Card,658030002.0,No return,,Not Delivered (Others),2792
2018-10-21,532578017,2,UPI,532578017.0,7 days return,,Not Delivered (Wrong Item),1361
2018-10-19,400285006,2,UPI,400285006.0,7 days return,Not Returned,Delivered,4837
2018-09-29,516903007,1,Cash,516903007.0,15 days return,Not Returned,Delivered,4397
2018-10-24,627101007,2,UPI,627101007.0,15 days return,Not Returned,Delivered,4345
2018-10-25,656649003,2,UPI,656649003.0,7 days return,Not Returned,Delivered,4743
2018-10-13,538699001,1,Card,538699001.0,No return,Not Returned,Delivered,4330
2018-10-13,688873006,2,UPI,688873006.0,15 days return,Not Returned,Delivered,3171
2018-10-26,664750003,2,UPI,664750003.0,No return,Not Returned,Delivered,3134
2018-09-28,688873006,1,UPI,688873006.0,15 days return,,Not Delivered (Wrong Item),3011
2018-11-01,524825013,1,Card,524825013.0,15 days return,,Not Delivered (Wrong Item),1838
2018-09-23,507910020,1,UPI,507910020.0,No return,Not Returned,Delivered,4863
2018-09-28,664647001,2,Card,664647001.0,15 days return,Not Returned,Delivered,4833
2018-10-12,549263006,2,Card,549263006.0,15 days return,Not Returned,Delivered,3529
2018-10-18,623347003,2,UPI,623347003.0,15 days return,,Not Delivered (Wrong Item),2321
2018-09-20,675281001,2,UPI,675281001.0,7 days return,Returned,Delivered,2719
2018-09-24,671505004,1,UPI,671505004.0,7 days return,Not Returned,Delivered,1493
2018-10-22,665725003,1,Cash,665725003.0,15 days return,Not Returned,Delivered,938
2018-09-29,585398005,1,UPI,585398005.0,7 days return,Not Returned,Delivered,4262
2018-11-01,652000001,2,UPI,652000001.0,No return,Not Returned,Delivered,3595
2018-10-10,562582001,2,UPI,562582001.0,7 days return,Not Returned,Delivered,3389
2018-10-28,652367003,2,UPI,652367003.0,No return,Not Returned,Delivered,1725
2018-10-04,539060009,2,Cash,539060009.0,15 days return,,Not Delivered (Wrong Item),2916
2018-10-13,648635001,2,UPI,648635001.0,No return,Not Returned,Delivered,3996
2018-09-28,686269003,2,Cash,686269003.0,7 days return,,Not Delivered (Wrong Item),3604
2018-10-03,661166005,1,UPI,661166005.0,No return,Not Returned,Delivered,3391
2018-10-16,633136010,1,UPI,633136010.0,15 days return,Not Returned,Delivered,3363
2018-10-04,662230010,1,UPI,662230010.0,15 days return,,Not Delivered (Others),1601
2018-10-16,688873016,1,Card,688873016.0,No return,Not Returned,Delivered,4130
2018-10-11,554772026,1,Card,554772026.0,7 days return,Returned,Delivered,3882
2018-10-03,508932029,1,UPI,508932029.0,No return,Not Returned,Delivered,4164
2018-09-21,237347004,1,UPI,237347004.0,15 days return,Returned,Delivered,3713
2018-10-03,645994002,1,Cash,645994002.0,No return,Not Returned,Delivered,4897
2018-10-06,625939014,2,UPI,625939014.0,15 days return,Returned,Delivered,4026
2018-10-25,651724001,1,UPI,651724001.0,7 days return,Returned,Delivered,1911
2018-10-03,677956002,1,UPI,677956002.0,7 days return,Returned,Delivered,3561
2018-10-21,574106001,2,Card,574106001.0,7 days return,Not Returned,Delivered,768
2018-10-30,580482002,2,UPI,580482002.0,7 days return,Returned,Delivered,773
2018-10-03,661306008,2,Card,661306008.0,7 days return,Not Returned,Delivered,2621
2018-09-26,623522005,2,Cash,623522005.0,No return,Not Returned,Delivered,2290
2018-10-14,654257001,1,UPI,654257001.0,No return,Not Returned,Delivered,3696
2018-09-26,632737004,2,UPI,632737004.0,No return,Not Returned,Delivered,1725
2018-09-21,576773016,1,UPI,576773016.0,7 days return,Not Returned,Delivered,212
2018-10-02,612481007,2,Card,612481007.0,7 days return,,Not Delivered (Others),1269
2018-09-25,669713007,1,UPI,669713007.0,15 days return,Not Returned,Delivered,444
2018-10-29,653428001,2,Card,653428001.0,7 days return,Not Returned,Delivered,4516
2018-10-07,657970001,2,UPI,657970001.0,No return,Not Returned,Delivered,1877
2018-09-22,637661002,2,Card,637661002.0,No return,Not Returned,Delivered,1296
2018-10-29,619075001,2,UPI,619075001.0,7 days return,Not Returned,Delivered,1611
2018-09-24,663396001,2,UPI,663396001.0,No return,Not Returned,Delivered,4424
2018-10-09,688873001,2,UPI,688873001.0,No return,Not Returned,Delivered,1648
2018-10-27,611929006,2,Cash,611929006.0,15 days return,Returned,Delivered,2208
2018-10-14,640124001,2,UPI,640124001.0,7 days return,Returned,Delivered,1409
2018-09-29,570003001,1,UPI,570003001.0,15 days return,,Not Delivered (Others),4920
2018-10-06,631848002,1,UPI,631848002.0,15 days return,Not Returned,Delivered,1367
2018-10-06,658358004,1,UPI,658358004.0,7 days return,Not Returned,Delivered,3013
2018-09-28,637515006,2,Cash,637515006.0,15 days return,Not Returned,Delivered,4788
2018-10-15,624688003,2,UPI,624688003.0,No return,Not Returned,Delivered,160
2018-10-25,554477008,2,UPI,554477008.0,7 days return,Not Returned,Delivered,564
2018-10-14,661166001,2,UPI,661166001.0,7 days return,Not Returned,Delivered,4069
2018-09-23,651330004,2,UPI,651330004.0,15 days return,Returned,Delivered,3265
2018-10-11,643985003,2,UPI,643985003.0,15 days return,Not Returned,Delivered,2265
2018-10-26,680186001,2,Card,680186001.0,15 days return,,Not Delivered (Wrong Item),4315
2018-10-27,640675001,2,UPI,640675001.0,15 days return,Returned,Delivered,2208
2018-10-16,524825010,2,UPI,524825010.0,7 days return,Not Returned,Delivered,2603
2018-10-11,678642002,1,Card,678642002.0,No return,,Not Delivered (Wrong Item),1332
2018-10-27,661162003,2,Card,661162003.0,No return,Not Returned,Delivered,3071
2018-10-16,699358001,2,Card,699358001.0,No return,Not Returned,Delivered,804
2018-10-30,697980001,2,UPI,697980001.0,15 days return,Not Returned,Delivered,2070
2018-10-19,520508002,2,UPI,520508002.0,7 days return,Not Returned,Delivered,2794
2018-10-26,665475001,2,UPI,665475001.0,7 days return,Not Returned,Delivered,3382
2018-10-31,579695004,2,UPI,579695004.0,No return,Not Returned,Delivered,4989
2018-10-26,633135004,1,UPI,633135004.0,No return,Not Returned,Delivered,3556
2018-09-23,553905004,2,Cash,553905004.0,No return,Not Returned,Delivered,2573
2018-10-30,653765002,2,UPI,653765002.0,No return,Not Returned,Delivered,1478
2018-10-14,670424002,2,UPI,670424002.0,15 days return,Returned,Delivered,4069
2018-10-05,574112001,2,UPI,574112001.0,7 days return,Returned,Delivered,2706
2018-10-14,504155011,1,UPI,504155011.0,15 days return,,Not Delivered (Wrong Item),30
2018-10-03,690789003,1,UPI,690789003.0,15 days return,Returned,Delivered,3449
2018-10-12,628341002,2,UPI,628341002.0,No return,,Not Delivered (Others),2077
2018-10-02,504154001,2,Cash,504154001.0,15 days return,Not Returned,Delivered,49
2018-10-25,635957004,2,Card,635957004.0,No return,Not Returned,Delivered,4131
2018-09-22,508932027,1,UPI,508932027.0,No return,Not Returned,Delivered,3292
2018-09-29,655691001,1,UPI,655691001.0,15 days return,Not Returned,Delivered,4032
2018-10-04,573716012,2,UPI,573716012.0,7 days return,Returned,Delivered,3731
2018-10-22,648994002,2,UPI,648994002.0,No return,Not Returned,Delivered,4053
2018-10-22,516903005,2,Card,516903005.0,15 days return,Returned,Delivered,45
2018-10-26,637661002,1,Cash,637661002.0,No return,,Not Delivered (Others),4906
2018-10-03,591088003,2,Card,591088003.0,No return,Not Returned,Delivered,3627
2018-09-23,681358001,2,Card,681358001.0,15 days return,Not Returned,Delivered,4988
2018-10-27,568601006,2,UPI,568601006.0,7 days return,Not Returned,Delivered,3531
2018-10-29,728185003,2,UPI,728185003.0,15 days return,Not Returned,Delivered,1380
2018-10-05,629420002,2,UPI,629420002.0,15 days return,Not Returned,Delivered,4654
2018-10-19,558986003,2,UPI,558986003.0,No return,Not Returned,Delivered,3706
2018-10-12,594534003,2,UPI,594534003.0,15 days return,Not Returned,Delivered,4848
2018-09-24,565379023,1,UPI,565379023.0,15 days return,Not Returned,Delivered,4507
2018-10-12,644379001,2,UPI,644379001.0,15 days return,Not Returned,Delivered,2725
2018-09-29,179123001,1,UPI,179123001.0,15 days return,Not Returned,Delivered,1282
2018-10-11,562252028,2,Card,562252028.0,15 days return,Returned,Delivered,1934
2018-09-29,399223001,2,UPI,399223001.0,15 days return,Not Returned,Delivered,1994
2018-10-10,688873009,1,UPI,688873009.0,7 days return,Returned,Delivered,1921
2018-10-13,445419001,2,UPI,445419001.0,No return,Not Returned,Delivered,3045
2018-09-29,636455003,1,Cash,636455003.0,No return,Not Returned,Delivered,4992
2018-09-29,399201020,2,UPI,399201020.0,15 days return,Not Returned,Delivered,532
2018-10-19,662888001,1,UPI,662888001.0,15 days return,,Not Delivered (Others),3320
2018-10-13,583558001,2,Card,583558001.0,15 days return,Returned,Delivered,3768
2018-10-12,679525002,2,UPI,679525002.0,No return,Not Returned,Delivered,4855
2018-10-30,502522001,1,UPI,502522001.0,7 days return,Returned,Delivered,2659
2018-09-29,670698003,2,UPI,670698003.0,15 days return,Not Returned,Delivered,984
2018-10-27,591088001,2,Cash,591088001.0,No return,Not Returned,Delivered,2323
2018-10-18,675952009,1,UPI,675952009.0,No return,Not Returned,Delivered,4508
2018-10-01,640124003,2,UPI,640124003.0,15 days return,Returned,Delivered,4049
2018-10-04,637673007,2,Card,637673007.0,No return,Not Returned,Delivered,2858
2018-10-09,640244003,2,UPI,640244003.0,No return,,Not Delivered (Others),1120
2018-10-13,695448003,1,UPI,695448003.0,No return,,Not Delivered (Wrong Item),2122
2018-09-26,118458039,2,Cash,118458039.0,7 days return,Not Returned,Delivered,3411
2018-10-30,691208002,2,Card,691208002.0,15 days return,Not Returned,Delivered,2259
2018-10-27,568597018,2,UPI,568597018.0,7 days return,Not Returned,Delivered,3408
2018-09-29,565200032,2,UPI,565200032.0,No return,Not Returned,Delivered,4078
2018-10-12,569984014,1,UPI,569984014.0,No return,Not Returned,Delivered,769
2018-10-25,684948001,2,UPI,684948001.0,7 days return,Not Returned,Delivered,94
2018-09-26,678342005,2,UPI,678342005.0,No return,Not Returned,Delivered,125
2018-11-01,554704007,2,UPI,554704007.0,15 days return,Not Returned,Delivered,4399
2018-10-12,683662005,2,UPI,683662005.0,7 days return,Returned,Delivered,1796
2018-09-30,625912001,1,UPI,625912001.0,No return,,Not Delivered (Wrong Item),19
2018-10-22,567993041,2,UPI,567993041.0,15 days return,Returned,Delivered,3377
2018-10-20,634009004,2,Cash,634009004.0,15 days return,Not Returned,Delivered,735
2018-10-02,662448007,2,UPI,662448007.0,No return,Not Returned,Delivered,3088
2018-10-10,683549001,2,Card,683549001.0,7 days return,Not Returned,Delivered,1922
2018-09-29,661809001,2,Cash,661809001.0,No return,Not Returned,Delivered,1980
2018-09-22,635789007,2,Card,635789007.0,No return,Not Returned,Delivered,962
2018-10-13,399201002,2,UPI,399201002.0,15 days return,Not Returned,Delivered,3364
2018-09-30,663937001,2,UPI,663937001.0,15 days return,Not Returned,Delivered,4305
2018-09-28,651329001,1,UPI,651329001.0,7 days return,Not Returned,Delivered,4312
2018-10-12,539723006,2,UPI,539723006.0,No return,Not Returned,Delivered,4492
2018-10-03,552471003,2,UPI,552471003.0,15 days return,Not Returned,Delivered,1066
2018-10-13,620316001,2,UPI,620316001.0,15 days return,,Not Delivered (Wrong Item),3996
2018-09-25,524825010,2,Card,524825010.0,7 days return,Not Returned,Delivered,168
2018-10-04,661152002,2,UPI,661152002.0,No return,Not Returned,Delivered,1090
2018-09-24,694986001,2,UPI,694986001.0,No return,Not Returned,Delivered,946
2018-10-10,714488001,2,Cash,714488001.0,7 days return,Returned,Delivered,2580
2018-09-27,590007001,2,UPI,590007001.0,7 days return,Not Returned,Delivered,4392
2018-10-09,610776023,2,UPI,610776023.0,15 days return,Not Returned,Delivered,4289
2018-10-03,625653022,1,Card,625653022.0,15 days return,Not Returned,Delivered,4164
2018-09-27,568597006,2,Card,568597006.0,No return,Not Returned,Delivered,4466
2018-10-09,633808005,2,UPI,633808005.0,No return,Not Returned,Delivered,2513
2018-10-16,667874003,2,UPI,667874003.0,15 days return,Not Returned,Delivered,231
2018-09-21,634727002,1,UPI,634727002.0,No return,Not Returned,Delivered,212
2018-10-30,626813005,2,UPI,626813005.0,7 days return,Not Returned,Delivered,4594
2018-10-20,573630002,2,UPI,573630002.0,7 days return,Not Returned,Delivered,1721
2018-10-23,678239001,2,UPI,678239001.0,No return,Not Returned,Delivered,264
2018-10-16,675272001,2,Card,675272001.0,15 days return,Returned,Delivered,406
2018-10-18,573716037,1,Card,573716037.0,No return,Not Returned,Delivered,1852
2018-10-12,543310001,2,Card,543310001.0,15 days return,Returned,Delivered,2937
2018-09-21,554477005,1,Card,554477005.0,15 days return,Not Returned,Delivered,576
2018-10-21,620585007,2,UPI,620585007.0,No return,Not Returned,Delivered,1243
2018-09-26,633377003,1,UPI,633377003.0,No return,Not Returned,Delivered,1303
2018-09-20,685687002,2,UPI,685687002.0,15 days return,,Not Delivered (Others),2745
2018-10-25,591088001,2,UPI,591088001.0,No return,Not Returned,Delivered,3780
2018-10-17,615021022,2,UPI,615021022.0,15 days return,Not Returned,Delivered,2940
2018-10-10,658506001,1,UPI,658506001.0,15 days return,Not Returned,Delivered,578
2018-10-14,608438002,1,Card,608438002.0,No return,Not Returned,Delivered,3544
2018-10-28,692002001,2,Card,692002001.0,No return,Not Returned,Delivered,2193
2018-11-01,548659003,2,UPI,548659003.0,15 days return,Not Returned,Delivered,4466
2018-10-11,637515002,1,UPI,637515002.0,15 days return,Not Returned,Delivered,1164
2018-10-28,677885018,2,Card,677885018.0,7 days return,Returned,Delivered,2648
2018-10-06,628930001,2,UPI,628930001.0,No return,Not Returned,Delivered,1786
2018-10-13,678983007,2,Card,678983007.0,7 days return,Not Returned,Delivered,3483
2018-10-15,543723013,2,UPI,543723013.0,No return,Not Returned,Delivered,205
2018-10-08,710899001,2,UPI,710899001.0,15 days return,Not Returned,Delivered,942
2018-10-02,573085001,2,UPI,573085001.0,15 days return,Returned,Delivered,3821
2018-10-24,575839012,1,UPI,575839012.0,15 days return,Returned,Delivered,3766
2018-10-18,574057001,2,UPI,574057001.0,No return,Not Returned,Delivered,2621
2018-10-31,108775015,2,Card,108775015.0,15 days return,Not Returned,Delivered,340
2018-10-12,543352005,2,UPI,543352005.0,No return,Not Returned,Delivered,3644
2018-10-02,640807002,2,UPI,640807002.0,No return,,Not Delivered (Others),3435
2018-09-25,662857005,2,Card,662857005.0,7 days return,Returned,Delivered,4144
2018-10-10,637549002,2,UPI,637549002.0,15 days return,Not Returned,Delivered,4713
2018-09-24,633130002,1,UPI,633130002.0,7 days return,Not Returned,Delivered,663
2018-10-24,673900010,2,UPI,673900010.0,No return,Not Returned,Delivered,2030
2018-10-28,677829001,2,UPI,677829001.0,15 days return,Not Returned,Delivered,3580
2018-10-14,526250002,1,UPI,526250002.0,7 days return,Not Returned,Delivered,4904
2018-09-29,510126018,2,Cash,510126018.0,No return,Not Returned,Delivered,3867
2018-10-23,675139006,1,Card,675139006.0,7 days return,Returned,Delivered,1191
2018-09-29,640174004,2,Card,640174004.0,7 days return,Returned,Delivered,2989
2018-09-26,657970001,2,UPI,657970001.0,No return,Not Returned,Delivered,4906
2018-10-09,662980002,2,UPI,662980002.0,No return,,Not Delivered (Others),3844
2018-10-19,399136027,2,Card,399136027.0,15 days return,Not Returned,Delivered,3234
2018-09-21,552370002,1,UPI,552370002.0,No return,Not Returned,Delivered,212
2018-10-10,692454002,2,UPI,692454002.0,No return,Not Returned,Delivered,2158
2018-10-20,574106001,2,UPI,574106001.0,7 days return,,Not Delivered (Others),4442
2018-10-29,666006004,2,UPI,666006004.0,7 days return,Not Returned,Delivered,678
2018-10-24,713380002,1,UPI,713380002.0,15 days return,Not Returned,Delivered,3008
2018-11-01,573626001,2,UPI,573626001.0,15 days return,Not Returned,Delivered,3480
2018-10-31,416157003,2,UPI,416157003.0,No return,Not Returned,Delivered,406
2018-10-06,578478001,2,UPI,578478001.0,15 days return,Returned,Delivered,2107
2018-10-25,686406001,2,UPI,686406001.0,7 days return,Returned,Delivered,3
2018-10-24,576653005,2,UPI,576653005.0,No return,Not Returned,Delivered,2082
2018-09-29,467302099,2,Cash,467302099.0,No return,Not Returned,Delivered,4922
2018-10-01,677711001,2,UPI,677711001.0,7 days return,Returned,Delivered,4075
2018-09-29,626813005,2,UPI,626813005.0,7 days return,Not Returned,Delivered,3206
2018-09-29,675952003,2,Card,675952003.0,7 days return,Not Returned,Delivered,4553
2018-10-25,625321005,1,Card,625321005.0,15 days return,Not Returned,Delivered,3029
2018-09-26,574112001,2,UPI,574112001.0,7 days return,Not Returned,Delivered,3062
2018-09-30,612609003,2,UPI,612609003.0,7 days return,Returned,Delivered,4641
2018-10-13,610776002,1,Card,610776002.0,15 days return,Returned,Delivered,840
2018-10-28,573059002,2,UPI,573059002.0,7 days return,Not Returned,Delivered,188
2018-10-23,561445005,1,UPI,561445005.0,7 days return,,Not Delivered (Wrong Item),1191
2018-09-27,607310005,2,UPI,607310005.0,No return,Not Returned,Delivered,2905
2018-10-23,666448005,1,UPI,666448005.0,7 days return,Not Returned,Delivered,3693
2018-10-17,683572003,2,UPI,683572003.0,7 days return,Not Returned,Delivered,1400
2018-10-23,625939021,2,UPI,625939021.0,No return,Not Returned,Delivered,4780
2018-09-23,639685003,1,UPI,639685003.0,7 days return,Not Returned,Delivered,3433
2018-10-11,642105002,2,UPI,642105002.0,15 days return,,Not Delivered (Others),2196
2018-10-17,651863002,2,UPI,651863002.0,No return,Not Returned,Delivered,3624
2018-10-09,700828002,1,UPI,700828002.0,7 days return,Not Returned,Delivered,1130
2018-10-09,667127001,2,Card,667127001.0,No return,Not Returned,Delivered,1694
2018-10-13,688873009,2,Cash,688873009.0,7 days return,Returned,Delivered,1177
2018-10-06,540768012,2,UPI,540768012.0,7 days return,Not Returned,Delivered,1151
2018-11-01,675827001,1,UPI,675827001.0,7 days return,Not Returned,Delivered,4224
2018-09-28,527687007,1,UPI,527687007.0,15 days return,Not Returned,Delivered,862
2018-09-21,632143001,2,UPI,632143001.0,7 days return,Returned,Delivered,1114
2018-10-18,532578018,1,UPI,532578018.0,7 days return,Not Returned,Delivered,758
2018-10-27,633571001,2,Card,633571001.0,7 days return,Returned,Delivered,1083
2018-10-25,272591001,2,UPI,272591001.0,7 days return,Not Returned,Delivered,3
2018-11-01,355569001,1,UPI,355569001.0,No return,Not Returned,Delivered,3741
2018-10-31,666448006,2,UPI,666448006.0,7 days return,Not Returned,Delivered,477
2018-09-29,539723001,1,Card,539723001.0,15 days return,Not Returned,Delivered,4750
2018-10-27,529953007,1,UPI,529953007.0,No return,Not Returned,Delivered,4311
2018-10-26,688873008,2,UPI,688873008.0,15 days return,Not Returned,Delivered,4084
2018-09-27,655403002,2,Cash,655403002.0,15 days return,Not Returned,Delivered,4215
2018-10-17,662888003,2,UPI,662888003.0,No return,Not Returned,Delivered,4069
2018-10-18,662593004,2,UPI,662593004.0,15 days return,Not Returned,Delivered,3643
2018-09-28,658547001,1,UPI,658547001.0,7 days return,Not Returned,Delivered,1289
2018-10-21,618899009,2,Card,618899009.0,7 days return,Not Returned,Delivered,866
2018-10-31,613246006,2,UPI,613246006.0,7 days return,Not Returned,Delivered,1495
2018-09-29,663679001,2,Card,663679001.0,15 days return,Returned,Delivered,4235
2018-10-26,633136021,1,Card,633136021.0,No return,Not Returned,Delivered,1717
2018-09-29,610173001,2,UPI,610173001.0,15 days return,Returned,Delivered,2223
2018-10-04,652355001,2,UPI,652355001.0,No return,Not Returned,Delivered,4799
2018-09-22,613246001,2,UPI,613246001.0,No return,Not Returned,Delivered,1456
2018-10-12,626263006,2,UPI,626263006.0,No return,Not Returned,Delivered,1580
2018-09-29,613246003,2,UPI,613246003.0,7 days return,Not Returned,Delivered,4899
2018-10-07,691764005,2,UPI,691764005.0,7 days return,Not Returned,Delivered,2024
2018-10-19,658978001,1,UPI,658978001.0,No return,Not Returned,Delivered,274
2018-10-06,537346022,2,UPI,537346022.0,No return,Not Returned,Delivered,4563
2018-09-27,633109002,2,Card,633109002.0,7 days return,Returned,Delivered,218
2018-09-29,552473001,1,UPI,552473001.0,No return,Not Returned,Delivered,927
2018-10-11,663566003,2,UPI,663566003.0,No return,Not Returned,Delivered,3107
2018-10-21,650138001,2,UPI,650138001.0,No return,Not Returned,Delivered,4529
2018-10-24,562245018,2,UPI,562245018.0,No return,Not Returned,Delivered,4959
2018-10-24,674336007,1,UPI,674336007.0,No return,Not Returned,Delivered,1011
2018-10-13,610776001,1,UPI,610776001.0,No return,Not Returned,Delivered,2837
2018-10-28,656388003,1,Card,656388003.0,7 days return,Not Returned,Delivered,4783
2018-10-15,507909022,1,UPI,507909022.0,7 days return,Returned,Delivered,961
2018-10-17,652938002,2,Card,652938002.0,No return,Not Returned,Delivered,2038
2018-10-21,571583001,2,UPI,571583001.0,15 days return,Returned,Delivered,3897
2018-10-08,464454011,2,UPI,464454011.0,No return,Not Returned,Delivered,1152
2018-10-30,661306011,2,UPI,661306011.0,No return,,Not Delivered (Others),169
2018-10-27,633226004,2,UPI,633226004.0,15 days return,Not Returned,Delivered,12
2018-10-12,640164001,2,UPI,640164001.0,7 days return,Not Returned,Delivered,613
2018-10-21,665875003,2,UPI,665875003.0,No return,Not Returned,Delivered,1064
2018-09-26,516903011,2,UPI,516903011.0,15 days return,Not Returned,Delivered,789
2018-09-23,693951004,1,UPI,693951004.0,15 days return,Not Returned,Delivered,2956
2018-09-26,705094003,2,Cash,705094003.0,7 days return,Not Returned,Delivered,789
2018-09-27,625316004,1,UPI,625316004.0,15 days return,Not Returned,Delivered,3690
2018-10-11,685170001,2,UPI,685170001.0,7 days return,Not Returned,Delivered,1271
2018-09-29,596122001,2,UPI,596122001.0,7 days return,Not Returned,Delivered,812
2018-09-24,626813009,2,UPI,626813009.0,No return,Not Returned,Delivered,2171
2018-09-22,634009004,2,UPI,634009004.0,15 days return,Not Returned,Delivered,1126
2018-10-02,623275005,1,UPI,623275005.0,No return,Not Returned,Delivered,33
2018-09-28,656719004,2,UPI,656719004.0,No return,Not Returned,Delivered,4948
2018-09-25,108775044,2,UPI,108775044.0,No return,,Not Delivered (Others),2687
2018-09-30,576775013,2,Cash,576775013.0,7 days return,Not Returned,Delivered,4562
2018-10-12,564358023,2,UPI,564358023.0,15 days return,Not Returned,Delivered,114
2018-10-19,562245018,2,UPI,562245018.0,No return,Not Returned,Delivered,2343
2018-10-21,212766042,1,UPI,212766042.0,No return,Not Returned,Delivered,3207
2018-10-10,591334014,1,UPI,591334014.0,7 days return,Not Returned,Delivered,4188
2018-09-29,636935006,1,UPI,636935006.0,No return,Not Returned,Delivered,813
2018-09-29,663937002,1,UPI,663937002.0,15 days return,Not Returned,Delivered,2583
2018-10-29,641009004,2,UPI,641009004.0,7 days return,Not Returned,Delivered,202
2018-09-29,695747001,1,UPI,695747001.0,15 days return,Not Returned,Delivered,4378
2018-09-29,667379002,2,UPI,667379002.0,7 days return,Not Returned,Delivered,3771
2018-11-01,567475004,2,UPI,567475004.0,15 days return,Returned,Delivered,3446
2018-10-17,572400001,2,UPI,572400001.0,15 days return,Returned,Delivered,2309
2018-10-31,399087001,2,UPI,399087001.0,7 days return,Not Returned,Delivered,1657
2018-09-26,636148001,2,Card,636148001.0,No return,Not Returned,Delivered,2165
2018-10-12,537346026,1,UPI,537346026.0,7 days return,Not Returned,Delivered,865
2018-10-24,699358002,2,UPI,699358002.0,No return,Not Returned,Delivered,3743
2018-10-27,612509004,2,UPI,612509004.0,15 days return,Not Returned,Delivered,12
2018-09-23,637268006,2,Cash,637268006.0,No return,,Not Delivered (Wrong Item),2551
2018-09-29,710899001,1,Card,710899001.0,15 days return,Not Returned,Delivered,2124
2018-10-24,603118007,2,UPI,603118007.0,No return,Not Returned,Delivered,2200
2018-10-27,543054006,2,UPI,543054006.0,15 days return,Not Returned,Delivered,663
2018-10-02,651882002,2,UPI,651882002.0,No return,Not Returned,Delivered,4937
2018-10-20,572400002,2,UPI,572400002.0,No return,Not Returned,Delivered,121
2018-10-11,605939005,2,Card,605939005.0,7 days return,Not Returned,Delivered,2649
2018-10-02,673349002,2,UPI,673349002.0,No return,Not Returned,Delivered,2209
2018-09-29,674310001,2,UPI,674310001.0,7 days return,Not Returned,Delivered,1539
2018-10-01,579541001,2,Card,579541001.0,15 days return,Not Returned,Delivered,781
2018-10-23,639151002,1,UPI,639151002.0,7 days return,Not Returned,Delivered,4123
2018-10-18,615141003,2,UPI,615141003.0,7 days return,Not Returned,Delivered,393
2018-10-27,607834011,2,UPI,607834011.0,15 days return,Returned,Delivered,4212
2018-10-29,683356004,2,UPI,683356004.0,7 days return,Not Returned,Delivered,4187
2018-09-23,662857001,2,UPI,662857001.0,No return,Not Returned,Delivered,1558
2018-10-03,670752002,2,UPI,670752002.0,15 days return,Not Returned,Delivered,4573
2018-10-19,562245055,1,Cash,562245055.0,No return,,Not Delivered (Others),3954
2018-10-13,618942001,2,Cash,618942001.0,15 days return,Returned,Delivered,3045
2018-09-30,633136005,2,Cash,633136005.0,15 days return,Not Returned,Delivered,17
2018-10-01,551045026,1,UPI,551045026.0,15 days return,Not Returned,Delivered,4418
2018-10-20,533230002,2,Card,533230002.0,7 days return,Returned,Delivered,1106
2018-10-27,613246001,2,UPI,613246001.0,No return,Not Returned,Delivered,1538
2018-09-20,532578008,2,UPI,532578008.0,7 days return,,Not Delivered (Others),4220
2018-09-30,554541015,1,UPI,554541015.0,15 days return,Not Returned,Delivered,507
2018-10-12,519749051,2,UPI,519749051.0,No return,Not Returned,Delivered,4742
2018-10-21,573716012,2,UPI,573716012.0,7 days return,Not Returned,Delivered,3452
2018-09-28,655434003,2,UPI,655434003.0,15 days return,Returned,Delivered,370
2018-10-01,594194001,2,UPI,594194001.0,7 days return,Not Returned,Delivered,4855
2018-10-20,576775001,2,UPI,576775001.0,15 days return,Returned,Delivered,3464
2018-10-30,614044003,2,Cash,614044003.0,No return,Not Returned,Delivered,806
2018-09-29,656707004,2,UPI,656707004.0,15 days return,Not Returned,Delivered,3669
2018-10-31,561500002,2,UPI,561500002.0,No return,Not Returned,Delivered,1765
2018-09-23,555837002,2,Card,555837002.0,7 days return,Not Returned,Delivered,818
2018-09-29,553873033,2,UPI,553873033.0,15 days return,Not Returned,Delivered,2223
2018-10-26,474088001,1,Card,474088001.0,7 days return,Not Returned,Delivered,3549
2018-09-29,676387001,2,UPI,676387001.0,No return,Not Returned,Delivered,1454
2018-10-06,312878005,2,UPI,312878005.0,15 days return,Not Returned,Delivered,3499
2018-09-24,504154018,2,UPI,504154018.0,7 days return,Returned,Delivered,3189
2018-09-22,657639001,2,UPI,657639001.0,7 days return,Not Returned,Delivered,4704
2018-09-29,546406001,1,UPI,546406001.0,15 days return,Returned,Delivered,324
2018-09-29,691764006,2,UPI,691764006.0,7 days return,Returned,Delivered,2641
2018-10-19,398089004,1,UPI,398089004.0,15 days return,Not Returned,Delivered,3353
2018-10-24,626263006,1,UPI,626263006.0,No return,Not Returned,Delivered,2081
2018-09-29,623820007,1,Card,623820007.0,15 days return,Returned,Delivered,3597
2018-10-28,595696017,2,Card,595696017.0,15 days return,,Not Delivered (Others),1725
2018-10-13,577512005,1,UPI,577512005.0,7 days return,Not Returned,Delivered,856
2018-09-24,634716003,2,Cash,634716003.0,15 days return,Not Returned,Delivered,1226
2018-10-09,607154001,2,UPI,607154001.0,No return,Not Returned,Delivered,2361
2018-09-23,621522024,2,UPI,621522024.0,15 days return,Not Returned,Delivered,4753
2018-10-19,661162003,2,UPI,661162003.0,No return,Not Returned,Delivered,3071
2018-10-06,660599002,1,UPI,660599002.0,No return,Not Returned,Delivered,1272
2018-09-28,600229001,1,UPI,600229001.0,No return,Not Returned,Delivered,3760
2018-10-11,563519006,2,UPI,563519006.0,15 days return,Returned,Delivered,3333
2018-09-27,651724003,2,Card,651724003.0,7 days return,Returned,Delivered,2383
2018-10-02,637661004,1,UPI,637661004.0,15 days return,Not Returned,Delivered,4303
2018-10-19,656707001,2,Card,656707001.0,No return,Not Returned,Delivered,1679
2018-10-19,690593002,2,Card,690593002.0,No return,Not Returned,Delivered,3234
2018-10-29,688873001,2,UPI,688873001.0,No return,Not Returned,Delivered,4927
2018-10-12,443860011,1,Cash,443860011.0,7 days return,Not Returned,Delivered,2211
2018-09-29,573085028,2,Card,573085028.0,No return,Not Returned,Delivered,1195
2018-10-23,613246001,2,UPI,613246001.0,No return,Not Returned,Delivered,3410
2018-09-24,504154020,2,UPI,504154020.0,7 days return,Returned,Delivered,888
2018-10-14,651334001,1,UPI,651334001.0,7 days return,,Not Delivered (Wrong Item),4605
2018-10-29,661306001,2,UPI,661306001.0,15 days return,Not Returned,Delivered,4804
2018-10-08,611181001,2,UPI,611181001.0,15 days return,Not Returned,Delivered,866
2018-10-25,712547001,2,UPI,712547001.0,No return,Not Returned,Delivered,627
2018-10-22,508638022,2,Cash,508638022.0,7 days return,Not Returned,Delivered,2727
2018-10-25,647303002,2,Cash,647303002.0,7 days return,Not Returned,Delivered,1768
2018-09-29,675266001,2,UPI,675266001.0,15 days return,Not Returned,Delivered,751
2018-10-23,657512003,1,UPI,657512003.0,7 days return,Returned,Delivered,1119
2018-10-12,554541025,1,Cash,554541025.0,7 days return,Not Returned,Delivered,2980
2018-10-24,616333003,2,UPI,616333003.0,7 days return,Not Returned,Delivered,139
2018-09-23,710899001,1,UPI,710899001.0,15 days return,Not Returned,Delivered,3667
2018-11-01,719136001,2,UPI,719136001.0,7 days return,,Not Delivered (Wrong Item),510
2018-10-10,652742001,2,Card,652742001.0,15 days return,Not Returned,Delivered,590
2018-09-28,584895014,2,UPI,584895014.0,7 days return,Not Returned,Delivered,704
2018-10-24,399223001,2,UPI,399223001.0,15 days return,,Not Delivered (Wrong Item),140
2018-10-13,688873005,2,UPI,688873005.0,7 days return,Not Returned,Delivered,3171
2018-10-18,397068014,1,UPI,397068014.0,No return,Not Returned,Delivered,1418
2018-10-28,684208001,2,UPI,684208001.0,15 days return,Returned,Delivered,3580
2018-09-26,682028003,2,Card,682028003.0,No return,Not Returned,Delivered,2510
2018-10-04,634009004,2,Cash,634009004.0,15 days return,Not Returned,Delivered,4598
2018-10-14,539723003,2,Card,539723003.0,No return,Not Returned,Delivered,1122
2018-10-13,524825013,2,UPI,524825013.0,15 days return,Not Returned,Delivered,2387
2018-10-22,610700003,2,Card,610700003.0,15 days return,Not Returned,Delivered,3377
2018-10-31,450604021,2,Card,450604021.0,7 days return,Not Returned,Delivered,2030
2018-10-04,501820004,1,UPI,501820004.0,15 days return,Not Returned,Delivered,1814
2018-09-29,399223001,2,Card,399223001.0,15 days return,Returned,Delivered,1701
2018-09-29,507909004,1,Cash,507909004.0,7 days return,Not Returned,Delivered,1665
2018-10-20,688873001,1,UPI,688873001.0,No return,Not Returned,Delivered,4683
2018-10-16,211143040,2,UPI,211143040.0,15 days return,Not Returned,Delivered,458
2018-09-29,439285009,2,UPI,439285009.0,15 days return,Not Returned,Delivered,1794
2018-10-20,613147001,2,UPI,613147001.0,No return,Not Returned,Delivered,4555
2018-10-01,692454002,2,Card,692454002.0,No return,Not Returned,Delivered,3965
2018-10-27,241602024,1,UPI,241602024.0,15 days return,Not Returned,Delivered,2921
2018-10-25,664647004,1,UPI,664647004.0,No return,Not Returned,Delivered,1098
2018-09-27,682571003,2,UPI,682571003.0,7 days return,Not Returned,Delivered,3212
2018-10-03,596517002,2,Card,596517002.0,No return,Not Returned,Delivered,4573
2018-09-24,515158003,1,UPI,515158003.0,15 days return,,Not Delivered (Others),2525
2018-10-10,630656001,2,Cash,630656001.0,No return,Not Returned,Delivered,2607
2018-10-07,634835002,2,UPI,634835002.0,No return,Not Returned,Delivered,1721
2018-10-04,616225019,1,UPI,616225019.0,No return,Not Returned,Delivered,4608
2018-10-12,599489003,2,UPI,599489003.0,7 days return,Not Returned,Delivered,673
2018-09-24,356289021,2,Card,356289021.0,15 days return,Not Returned,Delivered,3937
2018-10-28,677885019,2,Card,677885019.0,No return,Not Returned,Delivered,2648
2018-10-31,650122001,2,UPI,650122001.0,15 days return,Not Returned,Delivered,4911
2018-10-09,675203003,2,UPI,675203003.0,No return,Not Returned,Delivered,511
2018-09-30,355072001,2,UPI,355072001.0,15 days return,Not Returned,Delivered,534
2018-10-26,244267027,1,Card,244267027.0,15 days return,,Not Delivered (Wrong Item),924
2018-10-09,624119001,1,Card,624119001.0,15 days return,Returned,Delivered,4328
2018-11-01,716262001,2,UPI,716262001.0,15 days return,Returned,Delivered,2880
2018-09-30,648868001,2,UPI,648868001.0,No return,Not Returned,Delivered,4344
2018-10-24,651273002,2,Card,651273002.0,7 days return,Not Returned,Delivered,3918
2018-10-15,685150002,2,Card,685150002.0,15 days return,Not Returned,Delivered,4642
2018-10-30,632803005,2,Cash,632803005.0,No return,Not Returned,Delivered,1843
2018-10-26,256151014,2,UPI,256151014.0,No return,Not Returned,Delivered,2642
2018-10-11,662230007,2,UPI,662230007.0,15 days return,,Not Delivered (Others),2265
2018-10-18,562251001,1,Card,562251001.0,15 days return,Returned,Delivered,1953
2018-10-13,575316003,2,Card,575316003.0,No return,Not Returned,Delivered,630
2018-10-30,580770001,2,UPI,580770001.0,No return,,Not Delivered (Wrong Item),2213
2018-10-12,519737004,2,UPI,519737004.0,No return,Not Returned,Delivered,4742
2018-10-28,664387001,2,UPI,664387001.0,15 days return,Not Returned,Delivered,2507
2018-09-24,504152001,1,Card,504152001.0,7 days return,Not Returned,Delivered,509
2018-10-21,636455003,2,UPI,636455003.0,No return,Not Returned,Delivered,2714
2018-09-23,691839001,2,UPI,691839001.0,No return,Not Returned,Delivered,3507
2018-10-02,683147002,2,UPI,683147002.0,No return,Not Returned,Delivered,2372
2018-10-25,595673004,2,Card,595673004.0,15 days return,Returned,Delivered,2607
2018-10-09,637515010,1,Card,637515010.0,15 days return,Returned,Delivered,4793
2018-09-20,448515018,2,UPI,448515018.0,15 days return,Not Returned,Delivered,2475
2018-09-27,652747002,2,UPI,652747002.0,7 days return,Not Returned,Delivered,2959
2018-10-11,679621002,2,UPI,679621002.0,15 days return,Not Returned,Delivered,499
2018-09-27,484398019,2,UPI,484398019.0,15 days return,Not Returned,Delivered,1407
2018-10-28,504154019,1,Cash,504154019.0,No return,Not Returned,Delivered,130
2018-09-30,120129001,2,UPI,120129001.0,15 days return,Not Returned,Delivered,2890
2018-09-24,537085009,2,Card,537085009.0,15 days return,,Not Delivered (Others),2051
2018-10-15,591702004,2,UPI,591702004.0,No return,Not Returned,Delivered,2126
2018-10-03,636926001,2,Card,636926001.0,15 days return,Not Returned,Delivered,1725
2018-10-10,612182014,2,Cash,612182014.0,15 days return,Not Returned,Delivered,3875
2018-09-26,589924005,2,UPI,589924005.0,7 days return,Not Returned,Delivered,1823
2018-10-21,501820002,2,Card,501820002.0,15 days return,Not Returned,Delivered,767
2018-09-22,524825007,2,UPI,524825007.0,7 days return,Not Returned,Delivered,3485
2018-10-10,687424003,2,Card,687424003.0,No return,Not Returned,Delivered,1701
2018-09-25,633130019,1,UPI,633130019.0,No return,,Not Delivered (Others),582
2018-10-28,676573005,1,UPI,676573005.0,7 days return,Not Returned,Delivered,130
2018-09-27,633130019,1,UPI,633130019.0,No return,Not Returned,Delivered,374
2018-10-10,583558001,2,UPI,583558001.0,15 days return,Not Returned,Delivered,2772
2018-09-26,598811009,2,Cash,598811009.0,No return,Not Returned,Delivered,2290
2018-10-11,647490002,1,UPI,647490002.0,7 days return,,Not Delivered (Wrong Item),51
2018-09-28,633377003,2,UPI,633377003.0,No return,Not Returned,Delivered,2786
2018-09-29,663355003,1,UPI,663355003.0,7 days return,Returned,Delivered,2198
2018-10-14,626816008,1,Card,626816008.0,7 days return,Returned,Delivered,2111
2018-10-02,605970004,2,Card,605970004.0,7 days return,Not Returned,Delivered,439
2018-10-05,594264001,2,UPI,594264001.0,15 days return,Not Returned,Delivered,2307
2018-10-23,688873001,2,UPI,688873001.0,No return,Not Returned,Delivered,71
2018-10-06,539723001,1,Card,539723001.0,15 days return,Not Returned,Delivered,164
2018-09-24,673677003,2,UPI,673677003.0,7 days return,Not Returned,Delivered,4984
2018-10-10,487827009,2,Card,487827009.0,15 days return,,Not Delivered (Others),3389
2018-10-19,670655002,2,UPI,670655002.0,No return,,Not Delivered (Others),1687
2018-09-20,660618001,2,UPI,660618001.0,No return,Not Returned,Delivered,3426
2018-09-29,655403002,1,UPI,655403002.0,15 days return,Not Returned,Delivered,3215
2018-10-09,574109015,2,UPI,574109015.0,15 days return,Not Returned,Delivered,511
2018-10-26,596472002,2,UPI,596472002.0,No return,Not Returned,Delivered,3295
2018-09-20,640182001,2,UPI,640182001.0,7 days return,,Not Delivered (Others),1527
2018-10-18,662980001,2,UPI,662980001.0,7 days return,Not Returned,Delivered,4788
2018-10-17,673677002,2,Cash,673677002.0,7 days return,Not Returned,Delivered,2758
2018-10-06,609023003,1,Card,609023003.0,15 days return,Returned,Delivered,1212
2018-10-24,560030013,2,UPI,560030013.0,7 days return,Returned,Delivered,4573
2018-09-21,543133005,2,UPI,543133005.0,15 days return,Not Returned,Delivered,1505
2018-10-21,651344012,1,UPI,651344012.0,No return,Not Returned,Delivered,642
2018-10-18,427159006,2,UPI,427159006.0,7 days return,Not Returned,Delivered,1837
2018-10-28,671433004,2,Card,671433004.0,15 days return,Not Returned,Delivered,3705
2018-10-15,688873013,1,UPI,688873013.0,15 days return,Returned,Delivered,521
2018-10-05,624445004,2,UPI,624445004.0,No return,Not Returned,Delivered,2076
2018-09-30,688873005,1,UPI,688873005.0,7 days return,Returned,Delivered,1030
2018-10-28,569847001,2,Cash,569847001.0,7 days return,Returned,Delivered,4143
2018-10-23,640622008,1,Card,640622008.0,15 days return,Not Returned,Delivered,3590
2018-10-29,534181007,1,UPI,534181007.0,15 days return,Returned,Delivered,465
2018-10-03,570004011,2,UPI,570004011.0,7 days return,Not Returned,Delivered,3645
2018-10-16,617776001,2,Card,617776001.0,15 days return,Returned,Delivered,406
2018-10-14,675281003,2,UPI,675281003.0,No return,Not Returned,Delivered,2420
2018-09-29,625912001,1,Card,625912001.0,No return,Not Returned,Delivered,19
2018-09-29,624486010,1,Card,624486010.0,15 days return,Not Returned,Delivered,2599
2018-10-02,573716002,2,UPI,573716002.0,15 days return,Not Returned,Delivered,1270
2018-10-05,501820003,2,UPI,501820003.0,No return,Not Returned,Delivered,4654
2018-09-28,379780039,1,Cash,379780039.0,15 days return,Not Returned,Delivered,1916
2018-10-30,610671003,2,UPI,610671003.0,15 days return,Returned,Delivered,3701
2018-09-21,575156003,2,Card,575156003.0,No return,Not Returned,Delivered,117
2018-10-30,123173001,1,UPI,123173001.0,7 days return,Not Returned,Delivered,4650
2018-09-25,683147001,2,Cash,683147001.0,No return,Not Returned,Delivered,2870
2018-09-28,637309004,2,Card,637309004.0,No return,Not Returned,Delivered,165
2018-09-22,714417001,2,UPI,714417001.0,7 days return,,Not Delivered (Wrong Item),226
2018-10-26,527540001,1,UPI,527540001.0,7 days return,Not Returned,Delivered,461
2018-09-20,590951007,2,UPI,590951007.0,7 days return,Returned,Delivered,2180
2018-10-27,639297001,2,Cash,639297001.0,No return,Not Returned,Delivered,2243
2018-10-04,542533001,2,UPI,542533001.0,7 days return,Not Returned,Delivered,184
2018-09-20,624486006,1,UPI,624486006.0,15 days return,Not Returned,Delivered,4061
2018-09-24,189634001,2,UPI,189634001.0,No return,Not Returned,Delivered,4508
2018-10-13,540701003,2,Cash,540701003.0,7 days return,Returned,Delivered,1748
2018-10-16,630141001,1,UPI,630141001.0,7 days return,Returned,Delivered,3503
2018-10-22,626366002,2,UPI,626366002.0,15 days return,Not Returned,Delivered,983
2018-10-04,680220001,1,Card,680220001.0,No return,,Not Delivered (Others),4820
2018-10-24,606738001,2,Card,606738001.0,No return,Not Returned,Delivered,2941
2018-10-08,442915001,2,Card,442915001.0,No return,Not Returned,Delivered,4051
2018-10-08,438333016,2,UPI,438333016.0,15 days return,Not Returned,Delivered,1642
2018-10-08,699358002,2,UPI,699358002.0,No return,Not Returned,Delivered,731
2018-10-30,667379002,2,UPI,667379002.0,7 days return,Returned,Delivered,2070
2018-10-25,496111023,2,UPI,496111023.0,No return,Not Returned,Delivered,2821
2018-10-03,568869002,2,UPI,568869002.0,15 days return,Returned,Delivered,1725
2018-10-09,550309006,2,UPI,550309006.0,7 days return,Not Returned,Delivered,1694
2018-10-26,615021022,2,UPI,615021022.0,15 days return,Not Returned,Delivered,783
2018-10-19,639670001,2,UPI,639670001.0,No return,,Not Delivered (Wrong Item),3098
2018-10-09,678558001,2,UPI,678558001.0,15 days return,Not Returned,Delivered,2361
2018-10-11,658339003,2,UPI,658339003.0,No return,Not Returned,Delivered,2130
2018-10-13,616711005,1,UPI,616711005.0,No return,Not Returned,Delivered,609
2018-09-26,579167001,2,UPI,579167001.0,No return,Not Returned,Delivered,516
2018-10-11,684080003,2,UPI,684080003.0,No return,Not Returned,Delivered,2130
2018-10-11,676539001,1,Card,676539001.0,7 days return,Not Returned,Delivered,3748
2018-09-21,573716039,2,UPI,573716039.0,15 days return,,Not Delivered (Wrong Item),92
2018-10-31,619522001,2,Card,619522001.0,15 days return,,Not Delivered (Others),4967
2018-09-29,663826001,2,UPI,663826001.0,7 days return,Not Returned,Delivered,812
2018-10-10,673922001,1,UPI,673922001.0,7 days return,,Not Delivered (Others),3742
2018-10-31,554598028,1,UPI,554598028.0,15 days return,Not Returned,Delivered,1272
2018-10-29,635741002,2,UPI,635741002.0,15 days return,Returned,Delivered,2507
2018-10-17,399201005,2,UPI,399201005.0,7 days return,Not Returned,Delivered,1510
2018-10-12,697329006,2,UPI,697329006.0,No return,,Not Delivered (Others),108
2018-10-12,662925002,2,UPI,662925002.0,7 days return,Returned,Delivered,4865
2018-10-10,652742003,2,UPI,652742003.0,15 days return,Returned,Delivered,3932
2018-09-29,637230001,2,UPI,637230001.0,7 days return,Returned,Delivered,3867
2018-10-03,705407001,2,Cash,705407001.0,7 days return,Not Returned,Delivered,348
2018-10-10,656719004,2,UPI,656719004.0,No return,Not Returned,Delivered,4563
2018-10-30,554450011,2,Card,554450011.0,7 days return,Returned,Delivered,3413
2018-10-13,568013001,2,UPI,568013001.0,15 days return,Not Returned,Delivered,630
2018-10-18,312878001,2,UPI,312878001.0,15 days return,Not Returned,Delivered,351
2018-10-02,646822003,1,UPI,646822003.0,7 days return,Not Returned,Delivered,4267
2018-10-20,558070008,1,UPI,558070008.0,15 days return,Not Returned,Delivered,1095
2018-10-01,399136011,2,UPI,399136011.0,15 days return,Not Returned,Delivered,691
2018-10-13,570907005,2,Card,570907005.0,7 days return,Returned,Delivered,3996
2018-10-26,573856001,2,UPI,573856001.0,7 days return,Not Returned,Delivered,3306
2018-10-21,504413001,2,UPI,504413001.0,15 days return,Not Returned,Delivered,2202
2018-09-26,552018007,1,UPI,552018007.0,7 days return,Not Returned,Delivered,1710
2018-09-30,537346026,2,UPI,537346026.0,7 days return,Returned,Delivered,2605
2018-09-29,148033001,1,UPI,148033001.0,No return,,Not Delivered (Wrong Item),1512
2018-10-16,457892003,1,UPI,457892003.0,No return,Not Returned,Delivered,265
2018-10-23,539723001,2,UPI,539723001.0,15 days return,Returned,Delivered,3386
2018-09-28,575141004,2,UPI,575141004.0,No return,Not Returned,Delivered,1893
2018-10-10,584223001,2,UPI,584223001.0,No return,Not Returned,Delivered,3220
2018-09-29,519789003,2,UPI,519789003.0,15 days return,Not Returned,Delivered,3784
2018-10-04,626445020,1,UPI,626445020.0,No return,Not Returned,Delivered,4608
2018-09-26,698272001,2,UPI,698272001.0,7 days return,Returned,Delivered,2070
2018-10-23,111586001,1,Card,111586001.0,7 days return,Not Returned,Delivered,506
2018-10-23,642437006,2,Cash,642437006.0,15 days return,Returned,Delivered,3206
2018-10-01,501820004,1,Cash,501820004.0,15 days return,,Not Delivered (Wrong Item),1534
2018-10-13,564065003,1,UPI,564065003.0,7 days return,Not Returned,Delivered,2559
2018-09-23,612182014,2,UPI,612182014.0,15 days return,Not Returned,Delivered,521
2018-10-08,648255001,2,UPI,648255001.0,7 days return,Not Returned,Delivered,1152
2018-09-24,539723005,2,UPI,539723005.0,7 days return,Returned,Delivered,2758
2018-10-10,399223029,2,Card,399223029.0,15 days return,Returned,Delivered,1701
2018-10-25,554598001,2,UPI,554598001.0,15 days return,Not Returned,Delivered,4709
2018-09-29,625818001,1,UPI,625818001.0,15 days return,Returned,Delivered,1639
2018-09-30,501616009,1,Cash,501616009.0,7 days return,Not Returned,Delivered,326
2018-10-17,399136004,2,UPI,399136004.0,No return,Not Returned,Delivered,2355
2018-10-17,608769005,1,UPI,608769005.0,15 days return,Not Returned,Delivered,3834
2018-10-28,609650001,2,UPI,609650001.0,No return,Not Returned,Delivered,3941
2018-09-21,674316003,1,UPI,674316003.0,No return,Not Returned,Delivered,3782
2018-10-05,701262002,2,UPI,701262002.0,7 days return,Not Returned,Delivered,1001
2018-11-01,578023001,2,UPI,578023001.0,15 days return,Not Returned,Delivered,3404
2018-09-22,625653022,1,UPI,625653022.0,15 days return,Not Returned,Delivered,3292
2018-10-25,542533002,2,Card,542533002.0,15 days return,Returned,Delivered,1723
2018-11-01,673901005,2,Cash,673901005.0,7 days return,Not Returned,Delivered,2956
2018-09-29,493438027,1,UPI,493438027.0,15 days return,Not Returned,Delivered,2882
2018-10-17,567992003,2,UPI,567992003.0,7 days return,,Not Delivered (Wrong Item),3017
2018-10-17,566360008,2,UPI,566360008.0,7 days return,Not Returned,Delivered,1495
2018-10-30,640807002,2,UPI,640807002.0,No return,Not Returned,Delivered,3476
2018-09-23,629661001,2,UPI,629661001.0,7 days return,Not Returned,Delivered,210
2018-09-20,418545001,2,UPI,418545001.0,No return,Not Returned,Delivered,2808
2018-09-28,655784001,1,UPI,655784001.0,7 days return,Not Returned,Delivered,1840
2018-09-30,565379001,1,Cash,565379001.0,7 days return,Not Returned,Delivered,4089
2018-10-15,597082002,2,UPI,597082002.0,7 days return,,Not Delivered (Others),1772
2018-10-20,446224002,1,UPI,446224002.0,7 days return,Not Returned,Delivered,1317
2018-10-28,676586001,2,Card,676586001.0,No return,Not Returned,Delivered,873
2018-10-29,637515005,2,UPI,637515005.0,7 days return,Not Returned,Delivered,3128
2018-10-30,537346013,2,Card,537346013.0,7 days return,Not Returned,Delivered,4763
2018-09-23,548388015,2,UPI,548388015.0,7 days return,Returned,Delivered,138
2018-09-29,504154027,1,UPI,504154027.0,No return,,Not Delivered (Wrong Item),1312
2018-10-12,519749046,1,Card,519749046.0,No return,Not Returned,Delivered,3817
2018-09-24,380609010,2,Card,380609010.0,No return,Not Returned,Delivered,274
2018-10-22,507910004,2,UPI,507910004.0,No return,Not Returned,Delivered,45
2018-09-29,657755001,1,Card,657755001.0,15 days return,Not Returned,Delivered,1444
2018-10-05,637673005,2,UPI,637673005.0,15 days return,Not Returned,Delivered,4682
2018-10-03,662888002,1,Card,662888002.0,No return,Not Returned,Delivered,2314
2018-10-24,638751007,2,UPI,638751007.0,7 days return,Not Returned,Delivered,2853
2018-10-31,728185001,1,UPI,728185001.0,7 days return,Returned,Delivered,3022
2018-10-03,476315042,2,UPI,476315042.0,15 days return,Returned,Delivered,3645
2018-10-13,581117001,1,UPI,581117001.0,7 days return,Not Returned,Delivered,2184
2018-10-18,626590003,1,Cash,626590003.0,15 days return,Not Returned,Delivered,4171
2018-10-07,663970003,1,UPI,663970003.0,No return,Not Returned,Delivered,4670
2018-10-28,657925002,2,Cash,657925002.0,7 days return,Not Returned,Delivered,394
2018-10-18,561797001,2,UPI,561797001.0,7 days return,,Not Delivered (Wrong Item),2390
2018-10-22,689124001,1,Card,689124001.0,7 days return,Not Returned,Delivered,1420
2018-09-28,519583028,2,UPI,519583028.0,No return,Not Returned,Delivered,4008
2018-10-29,692216003,2,UPI,692216003.0,No return,,Not Delivered (Wrong Item),1682
2018-10-30,599713001,2,UPI,599713001.0,7 days return,Not Returned,Delivered,2297
2018-10-03,656719004,2,Cash,656719004.0,No return,,Not Delivered (Others),1112
2018-10-01,438333016,2,UPI,438333016.0,15 days return,Not Returned,Delivered,2581
2018-10-13,620216017,1,UPI,620216017.0,No return,,Not Delivered (Wrong Item),3144
2018-10-26,562662001,2,UPI,562662001.0,No return,Not Returned,Delivered,2499
2018-09-23,554772002,2,UPI,554772002.0,7 days return,Returned,Delivered,251
2018-11-01,622745003,2,UPI,622745003.0,15 days return,Returned,Delivered,2563
2018-10-20,668012003,1,UPI,668012003.0,7 days return,Not Returned,Delivered,1069
2018-10-10,579541026,1,UPI,579541026.0,No return,Not Returned,Delivered,3509
2018-10-21,397068015,1,UPI,397068015.0,No return,Not Returned,Delivered,170
2018-09-21,636407003,2,Cash,636407003.0,7 days return,Not Returned,Delivered,3578
2018-09-27,583558001,2,Card,583558001.0,15 days return,Returned,Delivered,1
2018-10-05,677133001,1,UPI,677133001.0,No return,Not Returned,Delivered,1815
2018-09-26,562245042,2,UPI,562245042.0,15 days return,Not Returned,Delivered,3260
2018-10-10,648209001,2,UPI,648209001.0,7 days return,Not Returned,Delivered,2329
2018-10-08,634411002,2,UPI,634411002.0,7 days return,Not Returned,Delivered,731
2018-10-25,539387001,2,UPI,539387001.0,15 days return,Returned,Delivered,3800
2018-10-02,538699001,2,UPI,538699001.0,No return,Not Returned,Delivered,47
2018-10-28,693299001,2,Cash,693299001.0,No return,Not Returned,Delivered,955
2018-09-22,484398001,1,Card,484398001.0,No return,Not Returned,Delivered,4332
2018-10-30,636935002,1,UPI,636935002.0,15 days return,Not Returned,Delivered,3043
2018-09-20,581777008,2,Cash,581777008.0,7 days return,Not Returned,Delivered,2493
2018-09-29,534357002,1,UPI,534357002.0,15 days return,Not Returned,Delivered,54
2018-10-06,677999001,1,UPI,677999001.0,15 days return,Returned,Delivered,3612
2018-09-28,509280004,2,Card,509280004.0,15 days return,Returned,Delivered,3150
2018-10-28,610776020,1,UPI,610776020.0,7 days return,Not Returned,Delivered,3383
2018-10-30,672748001,2,Card,672748001.0,15 days return,Returned,Delivered,254
2018-09-26,625819005,2,Card,625819005.0,7 days return,Not Returned,Delivered,789
2018-09-22,658183002,1,Card,658183002.0,No return,Not Returned,Delivered,28
2018-10-01,692454002,2,UPI,692454002.0,No return,Not Returned,Delivered,3965
2018-10-11,663970003,1,Cash,663970003.0,No return,Not Returned,Delivered,2723
2018-10-28,469682008,2,UPI,469682008.0,7 days return,Not Returned,Delivered,2748
2018-10-23,537612021,2,UPI,537612021.0,15 days return,Not Returned,Delivered,2616
2018-09-24,636935009,1,UPI,636935009.0,7 days return,Not Returned,Delivered,4507
2018-10-14,539723003,2,Card,539723003.0,No return,Not Returned,Delivered,866
2018-10-28,564358023,1,UPI,564358023.0,15 days return,Not Returned,Delivered,3469
2018-10-10,667499010,1,Cash,667499010.0,15 days return,Returned,Delivered,763
2018-10-03,591334003,1,Card,591334003.0,15 days return,Not Returned,Delivered,2278
2018-10-07,537116004,2,UPI,537116004.0,15 days return,Not Returned,Delivered,3864
2018-11-01,667499010,2,UPI,667499010.0,15 days return,Not Returned,Delivered,3404
2018-10-28,576775006,2,Card,576775006.0,No return,Not Returned,Delivered,4719
2018-10-02,620208001,2,UPI,620208001.0,15 days return,Not Returned,Delivered,2742
2018-10-06,560270007,1,UPI,560270007.0,No return,,Not Delivered (Others),4607
2018-10-03,541097004,2,UPI,541097004.0,15 days return,Not Returned,Delivered,348
2018-10-19,545449031,2,UPI,545449031.0,15 days return,Not Returned,Delivered,2079
2018-11-01,637515011,1,UPI,637515011.0,7 days return,Not Returned,Delivered,181
2018-10-17,643985001,2,UPI,643985001.0,15 days return,Not Returned,Delivered,2634
2018-10-30,662948005,2,Card,662948005.0,15 days return,Returned,Delivered,4842
2018-10-11,704032002,2,Cash,704032002.0,7 days return,Not Returned,Delivered,3636
2018-10-16,632832004,2,UPI,632832004.0,7 days return,Returned,Delivered,3298
2018-10-08,717593001,2,Cash,717593001.0,7 days return,Not Returned,Delivered,323
2018-09-29,664319001,2,Card,664319001.0,No return,Not Returned,Delivered,812
2018-10-05,705032002,1,UPI,705032002.0,15 days return,Not Returned,Delivered,2757
2018-10-07,625548002,1,UPI,625548002.0,7 days return,Not Returned,Delivered,4245
2018-09-29,476583020,2,UPI,476583020.0,No return,,Not Delivered (Others),86
2018-10-19,625939035,1,Card,625939035.0,7 days return,Not Returned,Delivered,4490
2018-10-29,702472001,2,Card,702472001.0,No return,Not Returned,Delivered,3749
2018-11-01,671497001,2,UPI,671497001.0,7 days return,Returned,Delivered,2372
2018-10-04,691595001,2,UPI,691595001.0,15 days return,Returned,Delivered,4762
2018-09-22,682550006,2,UPI,682550006.0,15 days return,Returned,Delivered,2461
2018-10-21,662948004,1,UPI,662948004.0,7 days return,Returned,Delivered,2632
2018-10-25,625818004,2,UPI,625818004.0,15 days return,Not Returned,Delivered,3003
2018-10-13,574112001,1,UPI,574112001.0,7 days return,Not Returned,Delivered,3689
2018-10-27,591619001,2,Cash,591619001.0,No return,Not Returned,Delivered,3964
2018-09-26,656649007,2,UPI,656649007.0,No return,Not Returned,Delivered,3745
2018-09-24,540768012,2,UPI,540768012.0,7 days return,Not Returned,Delivered,237
2018-10-14,656719005,2,UPI,656719005.0,15 days return,Not Returned,Delivered,4917
2018-10-03,655784003,2,Card,655784003.0,No return,Not Returned,Delivered,4452
2018-10-13,613942006,2,Cash,613942006.0,No return,Not Returned,Delivered,3494
2018-09-26,399256001,2,UPI,399256001.0,No return,Not Returned,Delivered,1474
2018-10-26,494691001,2,UPI,494691001.0,No return,Not Returned,Delivered,2642
2018-10-11,638019001,2,Card,638019001.0,7 days return,Not Returned,Delivered,724
2018-09-29,672127001,2,Cash,672127001.0,No return,Not Returned,Delivered,1712
2018-10-03,624445003,1,UPI,624445003.0,No return,Not Returned,Delivered,3561
2018-09-27,660367002,2,UPI,660367002.0,15 days return,Not Returned,Delivered,4423
2018-10-01,564358030,1,UPI,564358030.0,15 days return,Not Returned,Delivered,24
2018-11-01,679726001,2,UPI,679726001.0,15 days return,Not Returned,Delivered,4852
2018-09-25,688873003,2,UPI,688873003.0,No return,Not Returned,Delivered,1539
2018-09-24,685687002,2,UPI,685687002.0,15 days return,,Not Delivered (Wrong Item),2171
2018-09-27,708021001,2,UPI,708021001.0,15 days return,Not Returned,Delivered,4932
2018-10-11,501820003,2,UPI,501820003.0,No return,Not Returned,Delivered,2133
2018-09-26,665399001,2,UPI,665399001.0,7 days return,Not Returned,Delivered,1866
2018-10-05,629420001,2,UPI,629420001.0,15 days return,Not Returned,Delivered,4654
2018-09-21,612891001,2,Card,612891001.0,No return,Not Returned,Delivered,3735
2018-10-01,691799001,1,Card,691799001.0,15 days return,Not Returned,Delivered,4409
2018-10-13,651584005,1,UPI,651584005.0,No return,Not Returned,Delivered,2230
2018-09-26,677848001,2,Card,677848001.0,15 days return,Not Returned,Delivered,864
2018-11-01,557248002,1,Card,557248002.0,7 days return,Not Returned,Delivered,131
2018-10-24,554450019,2,UPI,554450019.0,15 days return,Not Returned,Delivered,4345
2018-11-01,595779011,2,UPI,595779011.0,7 days return,,Not Delivered (Wrong Item),2163
2018-09-23,564231008,2,UPI,564231008.0,7 days return,Returned,Delivered,210
2018-10-16,501616001,2,UPI,501616001.0,No return,,Not Delivered (Wrong Item),3654
2018-11-01,554450025,2,Cash,554450025.0,15 days return,Not Returned,Delivered,3010
2018-09-23,522398054,1,UPI,522398054.0,7 days return,Not Returned,Delivered,3433
2018-10-14,546406001,2,UPI,546406001.0,15 days return,Not Returned,Delivered,4917
2018-10-24,588515007,2,UPI,588515007.0,No return,Not Returned,Delivered,2200
2018-10-01,547780001,1,UPI,547780001.0,No return,Not Returned,Delivered,1534
2018-10-07,588689010,2,Cash,588689010.0,7 days return,Returned,Delivered,524
2018-10-15,685687004,2,Cash,685687004.0,7 days return,Not Returned,Delivered,959
2018-10-07,642910005,2,UPI,642910005.0,7 days return,Not Returned,Delivered,3430
2018-09-20,179208001,2,UPI,179208001.0,7 days return,Returned,Delivered,1059
2018-10-21,703795001,2,UPI,703795001.0,15 days return,Not Returned,Delivered,1192
2018-09-29,635084002,2,UPI,635084002.0,15 days return,Not Returned,Delivered,4899
2018-09-29,189691067,2,UPI,189691067.0,7 days return,Not Returned,Delivered,434
2018-10-31,715573001,1,UPI,715573001.0,15 days return,,Not Delivered (Others),3656
2018-10-22,554450019,2,UPI,554450019.0,15 days return,Not Returned,Delivered,3366
2018-09-26,671505004,1,UPI,671505004.0,7 days return,Not Returned,Delivered,92
2018-10-16,624486005,1,Card,624486005.0,7 days return,Returned,Delivered,4914
2018-10-20,616225007,1,UPI,616225007.0,No return,Not Returned,Delivered,2295
2018-10-05,613826004,1,UPI,613826004.0,15 days return,Not Returned,Delivered,2926
2018-09-29,622240002,2,UPI,622240002.0,15 days return,Returned,Delivered,3771
2018-09-22,568863005,2,UPI,568863005.0,No return,Not Returned,Delivered,3004
2018-10-04,448515027,1,UPI,448515027.0,7 days return,Not Returned,Delivered,4396
2018-09-26,651337001,2,Cash,651337001.0,15 days return,Returned,Delivered,2373
2018-10-18,252298002,2,UPI,252298002.0,No return,Not Returned,Delivered,2562
2018-10-10,709516006,2,UPI,709516006.0,No return,Not Returned,Delivered,1922
2018-10-04,647355002,2,UPI,647355002.0,15 days return,Returned,Delivered,4849
2018-09-26,519780002,2,UPI,519780002.0,No return,,Not Delivered (Wrong Item),3260
2018-10-03,568597009,1,UPI,568597009.0,7 days return,Not Returned,Delivered,3671
2018-10-23,682604001,2,UPI,682604001.0,No return,Not Returned,Delivered,4956
2018-09-27,649440001,1,UPI,649440001.0,No return,Not Returned,Delivered,3998
2018-10-23,576653005,2,Card,576653005.0,No return,,Not Delivered (Wrong Item),1565
2018-10-05,626704005,1,UPI,626704005.0,15 days return,Not Returned,Delivered,2236
2018-11-01,176209023,1,UPI,176209023.0,15 days return,Returned,Delivered,3612
2018-09-22,667378002,2,Card,667378002.0,15 days return,Returned,Delivered,226
2018-10-31,649057002,2,Card,649057002.0,15 days return,Not Returned,Delivered,919
2018-09-20,634037002,2,Card,634037002.0,7 days return,,Not Delivered (Wrong Item),3717
2018-10-04,693474001,2,UPI,693474001.0,7 days return,,Not Delivered (Others),3266
2018-09-20,607609001,2,UPI,607609001.0,7 days return,,Not Delivered (Wrong Item),4771
2018-10-06,671505002,1,Cash,671505002.0,15 days return,Not Returned,Delivered,3854
2018-10-25,616231002,2,UPI,616231002.0,No return,Not Returned,Delivered,3824
2018-10-02,516712001,2,Card,516712001.0,7 days return,,Not Delivered (Wrong Item),2830
2018-10-09,709702002,1,Card,709702002.0,15 days return,Not Returned,Delivered,4594
2018-10-05,479604005,1,UPI,479604005.0,15 days return,Not Returned,Delivered,2069
2018-10-28,699358004,2,UPI,699358004.0,15 days return,Returned,Delivered,1261
2018-09-29,684968003,2,Card,684968003.0,7 days return,Not Returned,Delivered,4466
2018-11-01,634009003,2,UPI,634009003.0,No return,,Not Delivered (Wrong Item),3993
2018-09-29,686496001,1,Card,686496001.0,15 days return,Not Returned,Delivered,1977
2018-09-21,675203002,1,UPI,675203002.0,15 days return,Not Returned,Delivered,3187
2018-10-30,725253001,2,Card,725253001.0,7 days return,,Not Delivered (Wrong Item),3059
2018-10-10,493438012,1,UPI,493438012.0,7 days return,Not Returned,Delivered,1156
2018-09-21,579541036,1,Card,579541036.0,7 days return,Not Returned,Delivered,1689
2018-10-28,634009002,2,UPI,634009002.0,No return,Not Returned,Delivered,4099
2018-10-22,602540001,2,UPI,602540001.0,7 days return,Returned,Delivered,4980
2018-09-27,573378003,2,UPI,573378003.0,7 days return,Returned,Delivered,3768
2018-10-21,682672001,2,UPI,682672001.0,7 days return,Not Returned,Delivered,1317
2018-09-29,554450005,1,UPI,554450005.0,15 days return,Returned,Delivered,4750
2018-09-24,687535001,2,Card,687535001.0,No return,Not Returned,Delivered,3368
2018-10-21,487750012,1,UPI,487750012.0,7 days return,Returned,Delivered,4169
2018-09-27,399201020,1,UPI,399201020.0,15 days return,,Not Delivered (Others),327
2018-10-27,519583015,2,UPI,519583015.0,7 days return,Not Returned,Delivered,509
2018-10-08,520509001,2,UPI,520509001.0,15 days return,Returned,Delivered,2055
2018-10-26,674037001,2,UPI,674037001.0,No return,Not Returned,Delivered,533
2018-10-23,625939013,1,UPI,625939013.0,No return,Not Returned,Delivered,4023
2018-09-28,612182001,1,UPI,612182001.0,15 days return,Not Returned,Delivered,3472
2018-10-03,686919005,1,UPI,686919005.0,15 days return,Not Returned,Delivered,3614
2018-10-09,665477002,2,UPI,665477002.0,15 days return,Not Returned,Delivered,1694
2018-10-07,629445005,1,UPI,629445005.0,7 days return,Returned,Delivered,4533
2018-09-21,554477007,1,Card,554477007.0,7 days return,Returned,Delivered,576
2018-10-14,539723001,2,UPI,539723001.0,15 days return,Returned,Delivered,1122
2018-10-18,608007002,2,UPI,608007002.0,15 days return,Not Returned,Delivered,2434
2018-09-29,504154001,1,UPI,504154001.0,15 days return,Returned,Delivered,3985
2018-09-30,657395007,2,Card,657395007.0,15 days return,Not Returned,Delivered,4641
2018-09-29,660712003,1,UPI,660712003.0,7 days return,Not Returned,Delivered,3089
2018-09-22,685687004,2,UPI,685687004.0,7 days return,Not Returned,Delivered,3627
2018-10-18,399201018,2,Cash,399201018.0,15 days return,Returned,Delivered,3768
2018-10-31,688873002,2,UPI,688873002.0,15 days return,Not Returned,Delivered,2025
2018-10-21,636587006,1,Cash,636587006.0,No return,Not Returned,Delivered,3207
2018-10-28,618899001,2,UPI,618899001.0,No return,Not Returned,Delivered,1725
2018-10-27,714429001,2,Cash,714429001.0,15 days return,Returned,Delivered,2208
2018-10-13,653032007,2,UPI,653032007.0,15 days return,Not Returned,Delivered,3437
2018-10-22,428071011,2,UPI,428071011.0,7 days return,Not Returned,Delivered,4980
2018-10-09,524529001,2,UPI,524529001.0,No return,Not Returned,Delivered,2630
2018-10-10,519583008,2,UPI,519583008.0,No return,Not Returned,Delivered,1934
2018-10-02,683024003,2,UPI,683024003.0,15 days return,Not Returned,Delivered,4479
2018-10-05,583534010,2,UPI,583534010.0,No return,Not Returned,Delivered,1772
2018-10-28,688873004,2,UPI,688873004.0,No return,Not Returned,Delivered,1132
2018-10-04,515291002,2,UPI,515291002.0,7 days return,Returned,Delivered,3588
2018-10-17,619464004,1,Card,619464004.0,7 days return,Not Returned,Delivered,3747
2018-09-20,617878003,1,UPI,617878003.0,No return,Not Returned,Delivered,3661
2018-10-01,665703002,2,Card,665703002.0,No return,Not Returned,Delivered,773
2018-10-30,630696004,2,UPI,630696004.0,15 days return,Not Returned,Delivered,291
2018-10-06,710390001,1,UPI,710390001.0,15 days return,Not Returned,Delivered,1629
2018-10-07,626890006,2,UPI,626890006.0,7 days return,Not Returned,Delivered,987
2018-10-14,578487002,1,UPI,578487002.0,7 days return,Not Returned,Delivered,76
2018-10-24,622878002,1,UPI,622878002.0,7 days return,Not Returned,Delivered,858
2018-10-28,661722002,2,Card,661722002.0,7 days return,Not Returned,Delivered,3635
2018-10-21,547747001,2,UPI,547747001.0,7 days return,Not Returned,Delivered,1243
2018-09-29,631965001,2,UPI,631965001.0,15 days return,Returned,Delivered,2223
2018-09-26,686631002,2,UPI,686631002.0,No return,Not Returned,Delivered,274
2018-10-28,662344005,2,UPI,662344005.0,15 days return,Returned,Delivered,3665
2018-09-23,565379001,2,UPI,565379001.0,7 days return,Returned,Delivered,3276
2018-10-01,507909003,2,Card,507909003.0,No return,Not Returned,Delivered,1531
2018-09-26,572400001,1,Card,572400001.0,15 days return,Not Returned,Delivered,159
2018-10-02,562245034,2,Cash,562245034.0,7 days return,Not Returned,Delivered,49
2018-11-01,521302004,1,UPI,521302004.0,15 days return,Not Returned,Delivered,1239
2018-10-08,669682002,1,UPI,669682002.0,No return,Not Returned,Delivered,701
2018-10-18,692454002,2,UPI,692454002.0,No return,Not Returned,Delivered,3107
2018-09-27,399256001,1,UPI,399256001.0,No return,Not Returned,Delivered,2968
2018-09-21,650713003,1,UPI,650713003.0,No return,Not Returned,Delivered,3353
2018-10-17,657285005,2,UPI,657285005.0,15 days return,Not Returned,Delivered,1495
2018-09-29,662948004,2,UPI,662948004.0,7 days return,Not Returned,Delivered,1947
2018-10-24,588425001,2,UPI,588425001.0,7 days return,Returned,Delivered,2038
2018-10-14,630141003,2,UPI,630141003.0,No return,Not Returned,Delivered,3131
2018-09-29,660599003,1,Cash,660599003.0,15 days return,Not Returned,Delivered,4285
2018-10-29,652367001,2,UPI,652367001.0,No return,Not Returned,Delivered,3631
2018-10-06,458428044,1,Cash,458428044.0,7 days return,Returned,Delivered,737
2018-10-09,568931008,2,Card,568931008.0,No return,,Not Delivered (Others),2361
2018-09-28,677930006,2,UPI,677930006.0,15 days return,Not Returned,Delivered,2290
2018-10-17,671433004,2,UPI,671433004.0,15 days return,Not Returned,Delivered,4492
2018-10-07,546882001,2,UPI,546882001.0,15 days return,Not Returned,Delivered,2816
2018-09-27,568174037,2,Card,568174037.0,15 days return,Not Returned,Delivered,1247
2018-10-22,662980003,1,UPI,662980003.0,15 days return,Returned,Delivered,2277
2018-09-29,639469001,1,UPI,639469001.0,No return,Not Returned,Delivered,3007
2018-09-21,627569002,1,UPI,627569002.0,15 days return,Not Returned,Delivered,212
2018-10-20,399136033,2,UPI,399136033.0,7 days return,Not Returned,Delivered,1573
2018-10-26,573085005,2,UPI,573085005.0,7 days return,Not Returned,Delivered,1680
2018-10-29,255396033,2,Cash,255396033.0,7 days return,Not Returned,Delivered,2563
2018-09-26,436261001,1,UPI,436261001.0,7 days return,Not Returned,Delivered,3536
2018-10-17,578716001,2,UPI,578716001.0,15 days return,Not Returned,Delivered,2723
2018-10-25,682192001,2,UPI,682192001.0,No return,Not Returned,Delivered,888
2018-10-12,615021023,2,UPI,615021023.0,15 days return,Not Returned,Delivered,4589
2018-10-06,574109011,1,UPI,574109011.0,No return,Not Returned,Delivered,263
2018-10-16,561814002,2,UPI,561814002.0,7 days return,Not Returned,Delivered,3360
2018-09-27,189691044,2,UPI,189691044.0,No return,Not Returned,Delivered,1407
2018-10-06,539723003,2,UPI,539723003.0,No return,Not Returned,Delivered,290
2018-10-18,662344005,2,UPI,662344005.0,15 days return,Not Returned,Delivered,1160
2018-09-21,446224043,2,UPI,446224043.0,7 days return,Not Returned,Delivered,2871
2018-10-17,630141002,2,UPI,630141002.0,No return,Not Returned,Delivered,1224
2018-10-03,648950002,2,UPI,648950002.0,No return,Not Returned,Delivered,4250
2018-10-09,687934001,2,UPI,687934001.0,No return,Not Returned,Delivered,2500
2018-09-26,665975001,2,Card,665975001.0,15 days return,Returned,Delivered,3062
2018-10-10,710899003,2,UPI,710899003.0,15 days return,Not Returned,Delivered,510
2018-09-25,551336001,1,UPI,551336001.0,No return,Not Returned,Delivered,1965
2018-09-27,677930005,1,Card,677930005.0,7 days return,Not Returned,Delivered,4753
2018-10-03,656401003,1,UPI,656401003.0,7 days return,Not Returned,Delivered,2774
2018-10-06,524825016,2,UPI,524825016.0,15 days return,Not Returned,Delivered,1759
2018-10-11,653275007,2,UPI,653275007.0,No return,Not Returned,Delivered,861
2018-10-18,673677001,1,UPI,673677001.0,No return,Not Returned,Delivered,87
2018-10-10,580331004,2,Card,580331004.0,7 days return,,Not Delivered (Others),242
2018-10-27,673677003,1,UPI,673677003.0,7 days return,Not Returned,Delivered,428
2018-09-29,570781006,2,UPI,570781006.0,7 days return,Not Returned,Delivered,4103
2018-09-30,617289001,1,UPI,617289001.0,7 days return,Returned,Delivered,4230
2018-10-13,644464001,2,UPI,644464001.0,15 days return,Returned,Delivered,2430
2018-10-10,691799002,1,UPI,691799002.0,7 days return,Returned,Delivered,4336
2018-10-26,632143002,2,Card,632143002.0,7 days return,Returned,Delivered,2914
2018-10-14,398127007,2,Cash,398127007.0,No return,Not Returned,Delivered,3613
2018-10-18,653335002,1,UPI,653335002.0,15 days return,Not Returned,Delivered,1418
2018-09-26,660994002,1,Card,660994002.0,No return,,Not Delivered (Wrong Item),2905
2018-10-23,649671004,2,UPI,649671004.0,No return,Not Returned,Delivered,2590
2018-10-25,716262001,1,Cash,716262001.0,15 days return,Not Returned,Delivered,4208
2018-10-06,568065003,1,UPI,568065003.0,No return,,Not Delivered (Wrong Item),234
2018-09-30,625939003,1,UPI,625939003.0,No return,Not Returned,Delivered,24
2018-10-05,558524012,2,UPI,558524012.0,No return,Not Returned,Delivered,4250
2018-10-25,638677001,2,UPI,638677001.0,7 days return,Not Returned,Delivered,2048
2018-10-21,490793027,2,Cash,490793027.0,No return,Not Returned,Delivered,1243
2018-10-04,670687001,2,UPI,670687001.0,15 days return,,Not Delivered (Wrong Item),3266
2018-10-11,501820042,2,UPI,501820042.0,7 days return,Not Returned,Delivered,832
2018-10-01,557246005,1,UPI,557246005.0,7 days return,Not Returned,Delivered,4418
2018-10-09,569998002,1,UPI,569998002.0,7 days return,Not Returned,Delivered,2576
2018-10-05,623434023,2,UPI,623434023.0,7 days return,Not Returned,Delivered,3781
2018-10-10,665201002,2,UPI,665201002.0,15 days return,Not Returned,Delivered,1601
2018-09-26,636148001,2,UPI,636148001.0,No return,Not Returned,Delivered,1131
2018-09-23,399136060,2,Card,399136060.0,No return,Not Returned,Delivered,4697
2018-10-27,584298009,1,Card,584298009.0,No return,Not Returned,Delivered,1265
2018-10-29,583534013,2,Card,583534013.0,15 days return,Not Returned,Delivered,4026
2018-10-10,650974003,2,UPI,650974003.0,No return,,Not Delivered (Others),2604
2018-10-11,571739001,2,UPI,571739001.0,15 days return,Not Returned,Delivered,1988
2018-10-18,580318002,2,Cash,580318002.0,7 days return,Not Returned,Delivered,1414
2018-09-29,532044001,2,Card,532044001.0,15 days return,Not Returned,Delivered,4644
2018-10-06,639192002,1,UPI,639192002.0,No return,Not Returned,Delivered,3854
2018-09-29,663944001,1,UPI,663944001.0,7 days return,,Not Delivered (Others),4844
2018-10-08,662935001,2,UPI,662935001.0,No return,Not Returned,Delivered,3932
2018-10-14,516656003,2,UPI,516656003.0,15 days return,Not Returned,Delivered,351
2018-10-24,657512002,1,UPI,657512002.0,7 days return,Returned,Delivered,4615
2018-10-24,634366002,2,UPI,634366002.0,7 days return,Not Returned,Delivered,2200
2018-09-26,637515003,2,UPI,637515003.0,No return,Not Returned,Delivered,3564
2018-10-30,637549012,1,UPI,637549012.0,No return,Not Returned,Delivered,1451
2018-09-29,562245042,2,UPI,562245042.0,15 days return,Returned,Delivered,1701
2018-09-29,189616001,2,UPI,189616001.0,7 days return,Not Returned,Delivered,460
2018-10-17,694415001,2,Cash,694415001.0,No return,Not Returned,Delivered,640
2018-09-26,675203003,2,UPI,675203003.0,No return,Not Returned,Delivered,4985
2018-10-26,572797001,2,UPI,572797001.0,15 days return,Returned,Delivered,1647
2018-10-01,657476002,1,UPI,657476002.0,7 days return,Not Returned,Delivered,2257
2018-10-10,573716010,2,Card,573716010.0,7 days return,Not Returned,Delivered,377
2018-09-30,616225015,1,UPI,616225015.0,15 days return,Not Returned,Delivered,3087
2018-10-27,586796003,2,UPI,586796003.0,No return,Not Returned,Delivered,921
2018-09-24,501820007,2,UPI,501820007.0,7 days return,Not Returned,Delivered,447
2018-10-11,355569001,2,Card,355569001.0,No return,Not Returned,Delivered,37
2018-10-12,621470001,2,UPI,621470001.0,7 days return,Returned,Delivered,1725
2018-10-21,616225020,1,UPI,616225020.0,No return,Not Returned,Delivered,431
2018-10-06,663465004,2,UPI,663465004.0,7 days return,Not Returned,Delivered,1741
2018-09-26,557247001,2,UPI,557247001.0,No return,Not Returned,Delivered,415
2018-09-26,519789001,2,UPI,519789001.0,7 days return,Not Returned,Delivered,3027
2018-09-25,621381008,2,UPI,621381008.0,15 days return,Returned,Delivered,1219
2018-10-11,562245050,2,UPI,562245050.0,15 days return,Not Returned,Delivered,2752
2018-10-13,650696002,1,UPI,650696002.0,No return,Not Returned,Delivered,728
2018-09-28,525815001,2,UPI,525815001.0,No return,,Not Delivered (Others),1626
2018-09-29,572400001,1,UPI,572400001.0,15 days return,,Not Delivered (Others),4381
2018-09-26,572400002,1,Cash,572400002.0,No return,Not Returned,Delivered,159
2018-10-11,708907001,1,UPI,708907001.0,No return,Not Returned,Delivered,567
2018-09-27,564792001,1,UPI,564792001.0,15 days return,Not Returned,Delivered,3286
2018-10-06,527687006,1,UPI,527687006.0,7 days return,Not Returned,Delivered,1411
2018-10-30,639769001,2,UPI,639769001.0,No return,Not Returned,Delivered,4594
2018-09-22,399201005,2,Cash,399201005.0,7 days return,Not Returned,Delivered,4401
2018-10-13,691677001,2,Card,691677001.0,No return,Not Returned,Delivered,150
2018-10-27,482207013,2,Cash,482207013.0,15 days return,Returned,Delivered,4599
2018-10-26,504155020,1,UPI,504155020.0,No return,Not Returned,Delivered,2683
2018-09-26,592172008,2,Card,592172008.0,15 days return,,Not Delivered (Others),1530
2018-09-24,399136009,2,UPI,399136009.0,No return,Not Returned,Delivered,659
2018-09-21,505221001,2,Card,505221001.0,No return,Not Returned,Delivered,2364
2018-10-20,449897015,2,UPI,449897015.0,No return,Not Returned,Delivered,1837
2018-10-19,572400014,1,UPI,572400014.0,7 days return,Not Returned,Delivered,4403
2018-09-23,561817002,2,Cash,561817002.0,7 days return,Not Returned,Delivered,1824
2018-09-30,301656013,2,UPI,301656013.0,7 days return,Not Returned,Delivered,1382
2018-10-19,719002001,1,UPI,719002001.0,No return,Not Returned,Delivered,3362
2018-09-27,547780015,1,UPI,547780015.0,15 days return,Not Returned,Delivered,2243
2018-11-01,670107009,2,Cash,670107009.0,No return,Not Returned,Delivered,3395
2018-10-22,608483002,1,UPI,608483002.0,7 days return,Not Returned,Delivered,4954
2018-11-01,399223029,1,UPI,399223029.0,15 days return,Not Returned,Delivered,334
2018-09-29,553873033,2,Card,553873033.0,15 days return,Returned,Delivered,2223
2018-10-24,537688013,1,Card,537688013.0,7 days return,Returned,Delivered,3465
2018-10-25,562245039,2,Card,562245039.0,15 days return,Not Returned,Delivered,3454
2018-10-03,613246001,2,Card,613246001.0,No return,Not Returned,Delivered,4254
2018-10-16,671057002,1,UPI,671057002.0,7 days return,Not Returned,Delivered,3363
2018-10-21,684588006,2,UPI,684588006.0,7 days return,Not Returned,Delivered,866
2018-09-22,678086001,2,UPI,678086001.0,15 days return,Not Returned,Delivered,3074
2018-10-21,666448001,2,UPI,666448001.0,7 days return,Not Returned,Delivered,767
2018-10-23,666448006,2,Card,666448006.0,7 days return,Not Returned,Delivered,264
2018-09-29,661152001,2,UPI,661152001.0,7 days return,Not Returned,Delivered,3535
2018-09-27,570002020,2,Card,570002020.0,7 days return,Not Returned,Delivered,2480
2018-10-02,657476001,1,UPI,657476001.0,7 days return,Returned,Delivered,1116
2018-10-08,529841002,2,UPI,529841002.0,15 days return,Not Returned,Delivered,2727
2018-10-18,573085010,2,UPI,573085010.0,15 days return,Not Returned,Delivered,3444
2018-10-11,637515002,1,UPI,637515002.0,15 days return,Not Returned,Delivered,2795
2018-10-10,647396002,2,Cash,647396002.0,No return,Not Returned,Delivered,2151
2018-10-09,673901006,2,Card,673901006.0,No return,Not Returned,Delivered,1801
2018-10-17,623745002,2,UPI,623745002.0,No return,Not Returned,Delivered,503
2018-09-21,565241003,2,UPI,565241003.0,15 days return,Not Returned,Delivered,1223
2018-09-29,608436001,1,UPI,608436001.0,7 days return,Not Returned,Delivered,4801
2018-10-04,661095001,2,UPI,661095001.0,15 days return,Returned,Delivered,2221
2018-11-01,563519003,2,Card,563519003.0,15 days return,Not Returned,Delivered,3645
2018-10-27,469137001,2,Card,469137001.0,No return,Not Returned,Delivered,4449
2018-10-09,662257001,1,UPI,662257001.0,7 days return,Not Returned,Delivered,2854
2018-10-25,548603022,2,Card,548603022.0,15 days return,Returned,Delivered,668
2018-10-22,623632004,2,UPI,623632004.0,No return,Not Returned,Delivered,4053
2018-09-28,501820008,1,Card,501820008.0,No return,Not Returned,Delivered,3878
2018-10-17,634249005,1,Cash,634249005.0,15 days return,Not Returned,Delivered,3130
2018-10-25,316441025,2,Cash,316441025.0,15 days return,Returned,Delivered,4323
2018-10-10,636455009,2,Card,636455009.0,No return,Not Returned,Delivered,494
2018-09-29,510465001,2,Cash,510465001.0,7 days return,Returned,Delivered,4083
2018-10-26,615566002,2,UPI,615566002.0,15 days return,Returned,Delivered,41
2018-10-27,688558006,2,UPI,688558006.0,No return,Not Returned,Delivered,1044
2018-10-28,645638003,1,UPI,645638003.0,7 days return,Not Returned,Delivered,1273
2018-11-01,625506003,2,Cash,625506003.0,No return,Not Returned,Delivered,3595
2018-09-30,399061018,1,UPI,399061018.0,7 days return,Not Returned,Delivered,1567
2018-09-24,579541007,2,Card,579541007.0,7 days return,Returned,Delivered,1548
2018-10-11,643975002,2,UPI,643975002.0,7 days return,Not Returned,Delivered,4075
2018-10-13,662075005,1,UPI,662075005.0,No return,Not Returned,Delivered,2517
2018-10-29,614622006,2,UPI,614622006.0,7 days return,Not Returned,Delivered,3634
2018-10-04,660450001,2,UPI,660450001.0,No return,Not Returned,Delivered,4762
2018-09-29,495884008,1,UPI,495884008.0,15 days return,,Not Delivered (Others),1341
2018-10-22,661095001,2,UPI,661095001.0,15 days return,Returned,Delivered,4978
2018-09-26,648414004,1,UPI,648414004.0,15 days return,Not Returned,Delivered,1776
2018-10-19,611641001,2,Cash,611641001.0,7 days return,Not Returned,Delivered,4914
2018-10-25,586651002,2,UPI,586651002.0,15 days return,Not Returned,Delivered,4767
2018-09-20,678073002,2,Card,678073002.0,No return,Not Returned,Delivered,2639
2018-10-17,241602003,1,Cash,241602003.0,15 days return,Not Returned,Delivered,1333
2018-09-23,635418002,2,UPI,635418002.0,No return,Not Returned,Delivered,210
2018-10-03,189691075,2,UPI,189691075.0,15 days return,Returned,Delivered,1725
2018-10-18,512251003,2,UPI,512251003.0,No return,Not Returned,Delivered,1343
2018-10-12,618217001,2,UPI,618217001.0,15 days return,,Not Delivered (Others),2846
2018-10-06,534357008,1,Card,534357008.0,7 days return,Not Returned,Delivered,274
2018-09-29,660599002,1,Cash,660599002.0,No return,Not Returned,Delivered,2505
2018-09-21,633130002,2,UPI,633130002.0,7 days return,Not Returned,Delivered,1843
2018-09-23,638628002,2,UPI,638628002.0,No return,Not Returned,Delivered,3396
2018-10-07,558986001,2,UPI,558986001.0,15 days return,Not Returned,Delivered,4639
2018-10-25,573716012,2,Card,573716012.0,7 days return,Returned,Delivered,3187
2018-10-03,645065015,2,UPI,645065015.0,15 days return,Not Returned,Delivered,3512
2018-10-28,632832002,1,UPI,632832002.0,No return,Not Returned,Delivered,1779
2018-10-01,607310005,2,UPI,607310005.0,No return,Not Returned,Delivered,1309
2018-09-28,620208002,1,UPI,620208002.0,7 days return,Not Returned,Delivered,3978
2018-10-04,692454002,2,Cash,692454002.0,No return,Not Returned,Delivered,545
2018-10-18,692454002,2,UPI,692454002.0,No return,Not Returned,Delivered,3107
2018-10-16,688873008,2,Cash,688873008.0,15 days return,Not Returned,Delivered,4421
2018-09-22,617311002,2,UPI,617311002.0,No return,Not Returned,Delivered,676
2018-09-23,640033005,2,Card,640033005.0,7 days return,Not Returned,Delivered,210
2018-09-28,591334003,2,Card,591334003.0,15 days return,Not Returned,Delivered,1626
2018-09-25,583534013,2,UPI,583534013.0,15 days return,Not Returned,Delivered,4466
2018-10-29,552473036,2,UPI,552473036.0,No return,Not Returned,Delivered,742
2018-10-28,629551003,2,UPI,629551003.0,No return,Not Returned,Delivered,1725
2018-09-29,627554004,1,UPI,627554004.0,15 days return,Not Returned,Delivered,4545
2018-09-29,680557005,2,UPI,680557005.0,No return,Not Returned,Delivered,1977
2018-10-30,653335001,2,Cash,653335001.0,7 days return,Not Returned,Delivered,3430
2018-10-01,660599002,2,UPI,660599002.0,No return,,Not Delivered (Others),2790
2018-10-21,670655001,2,Cash,670655001.0,15 days return,Returned,Delivered,3743
2018-10-20,501820044,1,Cash,501820044.0,No return,Not Returned,Delivered,495
2018-09-29,633377008,1,Cash,633377008.0,7 days return,Returned,Delivered,2586
2018-10-17,543723013,2,UPI,543723013.0,No return,Not Returned,Delivered,205
2018-10-20,693951007,1,Card,693951007.0,No return,Not Returned,Delivered,1215
2018-10-30,651456004,1,UPI,651456004.0,No return,Not Returned,Delivered,3293
2018-10-27,653394001,2,UPI,653394001.0,15 days return,,Not Delivered (Wrong Item),3035
2018-10-28,633870005,2,UPI,633870005.0,15 days return,Not Returned,Delivered,4099
2018-09-21,564048010,2,UPI,564048010.0,No return,Not Returned,Delivered,3377
2018-10-24,588425001,2,UPI,588425001.0,7 days return,Not Returned,Delivered,2038
2018-10-19,661910001,2,UPI,661910001.0,No return,Not Returned,Delivered,3237
2018-10-13,686265001,2,UPI,686265001.0,15 days return,Not Returned,Delivered,2265
2018-10-27,663007003,1,UPI,663007003.0,15 days return,Returned,Delivered,634
2018-09-26,682550002,2,Cash,682550002.0,15 days return,Not Returned,Delivered,511
2018-09-27,458924013,2,UPI,458924013.0,No return,,Not Delivered (Others),2480
2018-10-13,674509001,2,Cash,674509001.0,7 days return,Not Returned,Delivered,554
2018-10-10,505221001,2,Card,505221001.0,No return,Not Returned,Delivered,1296
2018-10-07,666006004,2,UPI,666006004.0,7 days return,Not Returned,Delivered,1285
2018-09-22,636863001,2,UPI,636863001.0,15 days return,Not Returned,Delivered,818
2018-09-29,578433004,2,UPI,578433004.0,7 days return,Not Returned,Delivered,3810
2018-09-27,625321003,1,UPI,625321003.0,7 days return,,Not Delivered (Others),3690
2018-09-27,637515005,2,UPI,637515005.0,7 days return,Not Returned,Delivered,4232
2018-10-18,582659004,1,Cash,582659004.0,15 days return,Returned,Delivered,1552
2018-10-05,649098002,2,UPI,649098002.0,7 days return,Not Returned,Delivered,3157
2018-10-25,657497004,1,UPI,657497004.0,15 days return,Not Returned,Delivered,4208
2018-10-04,525831010,1,Card,525831010.0,7 days return,Not Returned,Delivered,443
2018-10-08,356289021,2,UPI,356289021.0,15 days return,Not Returned,Delivered,3932
2018-10-11,658325001,2,Card,658325001.0,7 days return,Not Returned,Delivered,2130
2018-09-23,537116001,2,Cash,537116001.0,7 days return,Returned,Delivered,1827
2018-10-14,684186002,1,UPI,684186002.0,No return,Not Returned,Delivered,1046
2018-10-18,552473001,2,UPI,552473001.0,No return,Not Returned,Delivered,1044
2018-09-29,579541009,1,UPI,579541009.0,15 days return,Not Returned,Delivered,3641
2018-09-30,660830001,2,UPI,660830001.0,No return,Not Returned,Delivered,2598
2018-09-29,502522001,1,Cash,502522001.0,7 days return,Returned,Delivered,3928
2018-10-31,673882001,1,UPI,673882001.0,7 days return,Returned,Delivered,2426
2018-10-15,663942001,2,UPI,663942001.0,15 days return,Not Returned,Delivered,1476
2018-10-25,562245018,1,UPI,562245018.0,No return,Not Returned,Delivered,4916
2018-09-24,656719005,2,UPI,656719005.0,15 days return,Not Returned,Delivered,246
2018-09-27,678342005,2,Card,678342005.0,No return,Not Returned,Delivered,794
2018-10-12,669895001,2,UPI,669895001.0,7 days return,Returned,Delivered,3854
2018-10-16,606522002,2,UPI,606522002.0,15 days return,Returned,Delivered,4883
2018-09-28,400285009,2,UPI,400285009.0,7 days return,Returned,Delivered,4788
2018-10-18,657512001,2,Cash,657512001.0,7 days return,,Not Delivered (Others),748
2018-09-25,596122001,2,UPI,596122001.0,7 days return,Not Returned,Delivered,1167
2018-09-27,507909015,1,UPI,507909015.0,7 days return,Not Returned,Delivered,4812
2018-10-11,647166001,2,UPI,647166001.0,7 days return,Not Returned,Delivered,2562
2018-10-21,552473001,1,Cash,552473001.0,No return,Not Returned,Delivered,2632
2018-10-10,596517001,2,Cash,596517001.0,7 days return,Not Returned,Delivered,2931
2018-10-25,591334003,1,UPI,591334003.0,15 days return,Not Returned,Delivered,4832
2018-09-29,669091007,2,UPI,669091007.0,7 days return,Not Returned,Delivered,4899
2018-10-23,665300001,2,UPI,665300001.0,15 days return,Not Returned,Delivered,4026
2018-09-23,673677002,2,UPI,673677002.0,7 days return,Returned,Delivered,1827
2018-10-28,665725002,2,UPI,665725002.0,7 days return,Returned,Delivered,3504
2018-10-17,596472002,2,UPI,596472002.0,No return,Not Returned,Delivered,4788
2018-10-27,635495002,1,UPI,635495002.0,No return,Not Returned,Delivered,1155
2018-10-03,661306008,2,UPI,661306008.0,7 days return,Returned,Delivered,2621
2018-09-23,522398011,2,UPI,522398011.0,No return,Not Returned,Delivered,210
2018-10-20,660830004,2,UPI,660830004.0,No return,Not Returned,Delivered,323
2018-09-21,396135052,2,UPI,396135052.0,7 days return,Returned,Delivered,3377
2018-09-23,573085028,1,UPI,573085028.0,No return,Not Returned,Delivered,1982
2018-10-29,505561002,2,UPI,505561002.0,No return,Not Returned,Delivered,4586
2018-09-20,516712001,2,UPI,516712001.0,7 days return,Returned,Delivered,555
2018-09-23,554541025,1,UPI,554541025.0,7 days return,Returned,Delivered,2476
2018-09-29,710899003,2,UPI,710899003.0,15 days return,Not Returned,Delivered,984
2018-10-06,711288001,1,UPI,711288001.0,7 days return,Not Returned,Delivered,4179
2018-10-28,591088001,2,UPI,591088001.0,No return,Not Returned,Delivered,1671
2018-10-03,662888002,1,UPI,662888002.0,No return,Not Returned,Delivered,4819
2018-10-26,579541001,1,UPI,579541001.0,15 days return,Not Returned,Delivered,3755
2018-10-29,484398071,2,UPI,484398071.0,15 days return,Returned,Delivered,1455
2018-10-05,690478001,1,UPI,690478001.0,15 days return,Not Returned,Delivered,1701
2018-09-24,539723005,2,Cash,539723005.0,7 days return,Not Returned,Delivered,4077
2018-10-27,664074001,1,UPI,664074001.0,No return,Not Returned,Delivered,3342
2018-10-16,666448001,2,UPI,666448001.0,7 days return,Not Returned,Delivered,3926
2018-10-24,573085019,1,Card,573085019.0,15 days return,Not Returned,Delivered,3406
2018-10-26,662948005,2,UPI,662948005.0,15 days return,Not Returned,Delivered,1557
2018-09-28,558512008,1,Card,558512008.0,15 days return,Not Returned,Delivered,3827
2018-10-18,398074001,1,Cash,398074001.0,7 days return,Not Returned,Delivered,1552
2018-10-02,593829013,2,Card,593829013.0,7 days return,,Not Delivered (Others),4268
2018-10-14,457892003,1,UPI,457892003.0,No return,Not Returned,Delivered,2111
2018-09-29,653621002,2,UPI,653621002.0,7 days return,Not Returned,Delivered,4186
2018-10-04,574109014,1,Cash,574109014.0,15 days return,Returned,Delivered,1601
2018-09-27,637255001,2,UPI,637255001.0,No return,Not Returned,Delivered,4437
2018-10-28,507909003,2,UPI,507909003.0,No return,Not Returned,Delivered,712
2018-09-23,641187002,2,UPI,641187002.0,No return,Not Returned,Delivered,1617
2018-10-14,579541041,1,UPI,579541041.0,7 days return,Returned,Delivered,583
2018-10-24,565017006,2,Card,565017006.0,7 days return,Not Returned,Delivered,2200
2018-09-30,682550005,1,Card,682550005.0,No return,Not Returned,Delivered,208
2018-10-28,573284056,2,Card,573284056.0,15 days return,Not Returned,Delivered,2884
2018-09-20,648719001,2,Card,648719001.0,15 days return,Not Returned,Delivered,319
2018-10-23,472065002,2,UPI,472065002.0,No return,Not Returned,Delivered,2940
2018-09-28,639677001,2,UPI,639677001.0,15 days return,,Not Delivered (Wrong Item),2956
2018-10-25,717130003,2,UPI,717130003.0,No return,Not Returned,Delivered,3946
2018-10-18,666319001,2,Card,666319001.0,15 days return,,Not Delivered (Wrong Item),2532
2018-10-10,645732002,2,Cash,645732002.0,15 days return,Returned,Delivered,2772
2018-10-22,484398001,1,UPI,484398001.0,No return,Not Returned,Delivered,1861
2018-09-28,567657006,2,UPI,567657006.0,7 days return,Not Returned,Delivered,4308
2018-10-16,540277007,2,UPI,540277007.0,15 days return,Not Returned,Delivered,458
2018-10-10,676954001,2,Card,676954001.0,15 days return,,Not Delivered (Wrong Item),4316
2018-09-25,425639007,2,UPI,425639007.0,7 days return,Returned,Delivered,266
2018-10-08,667870002,2,UPI,667870002.0,7 days return,Not Returned,Delivered,2055
2018-10-28,640865001,2,UPI,640865001.0,No return,Not Returned,Delivered,955
2018-10-23,677930016,2,Cash,677930016.0,15 days return,Returned,Delivered,3805
2018-10-03,674037001,2,UPI,674037001.0,No return,,Not Delivered (Wrong Item),4005
2018-10-16,643985001,2,UPI,643985001.0,15 days return,Not Returned,Delivered,2935
2018-10-25,458393001,2,UPI,458393001.0,No return,Not Returned,Delivered,3314
2018-10-23,640716001,2,Cash,640716001.0,15 days return,Not Returned,Delivered,4936
2018-10-23,631749001,2,UPI,631749001.0,7 days return,Not Returned,Delivered,4931
2018-10-03,506110001,2,UPI,506110001.0,No return,Not Returned,Delivered,3829
2018-09-20,665477001,2,Cash,665477001.0,7 days return,Not Returned,Delivered,696
2018-09-29,513257011,1,UPI,513257011.0,No return,Not Returned,Delivered,4545
2018-10-06,661383008,2,UPI,661383008.0,15 days return,Returned,Delivered,3444
2018-10-30,631418001,2,UPI,631418001.0,15 days return,Not Returned,Delivered,4594
2018-10-16,661806001,2,UPI,661806001.0,7 days return,Not Returned,Delivered,1433
2018-10-10,672594001,2,Cash,672594001.0,7 days return,Returned,Delivered,3220
2018-10-17,646272001,2,UPI,646272001.0,15 days return,,Not Delivered (Wrong Item),503
2018-10-02,599628001,2,UPI,599628001.0,No return,Not Returned,Delivered,49
2018-10-05,529953001,2,Card,529953001.0,7 days return,,Not Delivered (Wrong Item),1358
2018-10-17,661306008,1,Card,661306008.0,7 days return,Returned,Delivered,2782
2018-09-27,626443002,1,UPI,626443002.0,No return,Not Returned,Delivered,473
2018-09-26,661910001,2,Card,661910001.0,No return,Not Returned,Delivered,981
2018-10-31,648595001,2,UPI,648595001.0,7 days return,Not Returned,Delivered,406
2018-10-09,537612026,2,Card,537612026.0,15 days return,Not Returned,Delivered,787
2018-09-27,501820001,2,UPI,501820001.0,15 days return,Not Returned,Delivered,1311
2018-09-28,567657006,2,UPI,567657006.0,7 days return,Not Returned,Delivered,4308
2018-09-29,572797001,1,UPI,572797001.0,15 days return,Returned,Delivered,3541
2018-10-02,565379005,2,UPI,565379005.0,15 days return,Not Returned,Delivered,1404
2018-10-15,584778002,2,UPI,584778002.0,7 days return,Not Returned,Delivered,3916
2018-09-26,663515004,1,UPI,663515004.0,No return,Not Returned,Delivered,578
2018-10-18,673900001,2,UPI,673900001.0,15 days return,Not Returned,Delivered,3166
2018-10-29,656661001,2,UPI,656661001.0,No return,Not Returned,Delivered,1696
2018-10-21,562251001,2,Card,562251001.0,15 days return,Returned,Delivered,1243
2018-10-02,672016010,2,UPI,672016010.0,7 days return,Returned,Delivered,3435
2018-09-29,694966001,1,Card,694966001.0,7 days return,Returned,Delivered,4337
2018-09-30,576775016,2,UPI,576775016.0,7 days return,Returned,Delivered,4562
2018-10-25,519516001,1,Card,519516001.0,No return,Not Returned,Delivered,3181
2018-10-26,491913022,1,UPI,491913022.0,15 days return,Returned,Delivered,2141
2018-10-16,679042002,2,UPI,679042002.0,15 days return,Returned,Delivered,842
2018-10-28,573716037,2,Card,573716037.0,No return,Not Returned,Delivered,1409
2018-09-21,674400001,2,UPI,674400001.0,7 days return,Not Returned,Delivered,1937
2018-09-27,395127006,1,UPI,395127006.0,No return,Not Returned,Delivered,4136
2018-09-23,650696002,2,Card,650696002.0,No return,Not Returned,Delivered,3166
2018-10-07,189616008,2,UPI,189616008.0,7 days return,Not Returned,Delivered,3525
2018-09-20,618180001,2,Cash,618180001.0,7 days return,Not Returned,Delivered,4066
2018-10-17,740234001,2,UPI,740234001.0,No return,Not Returned,Delivered,4485
2018-09-29,553873013,2,UPI,553873013.0,15 days return,,Not Delivered (Others),2223
2018-09-28,573626002,2,UPI,573626002.0,15 days return,Not Returned,Delivered,3393
2018-10-03,665089001,2,UPI,665089001.0,No return,Not Returned,Delivered,1107
2018-09-29,623632002,2,UPI,623632002.0,7 days return,Not Returned,Delivered,4340
2018-10-11,572187001,1,UPI,572187001.0,No return,Not Returned,Delivered,914
2018-10-28,554704007,2,Card,554704007.0,15 days return,,Not Delivered (Others),774
2018-10-28,617036002,2,UPI,617036002.0,No return,Not Returned,Delivered,2655
2018-10-22,642240001,2,UPI,642240001.0,No return,Not Returned,Delivered,4530
2018-10-31,613246006,2,Card,613246006.0,7 days return,Not Returned,Delivered,1495
2018-10-07,607595001,2,UPI,607595001.0,15 days return,Returned,Delivered,2816
2018-10-02,666448006,1,UPI,666448006.0,7 days return,Not Returned,Delivered,848
2018-10-07,585869003,2,UPI,585869003.0,No return,Not Returned,Delivered,3430
2018-10-20,651558016,2,UPI,651558016.0,15 days return,Not Returned,Delivered,4458
2018-09-29,543054009,2,UPI,543054009.0,7 days return,Returned,Delivered,2641
2018-10-22,189616006,2,UPI,189616006.0,7 days return,Returned,Delivered,4289
2018-10-29,562245054,2,UPI,562245054.0,7 days return,Returned,Delivered,2275
2018-10-08,554479002,2,Card,554479002.0,15 days return,,Not Delivered (Wrong Item),2727
2018-10-02,630116011,1,Card,630116011.0,7 days return,Not Returned,Delivered,3293
2018-10-31,254940026,2,Cash,254940026.0,No return,Not Returned,Delivered,1495
2018-10-13,634727002,1,UPI,634727002.0,No return,Not Returned,Delivered,4199
2018-10-01,684588002,2,UPI,684588002.0,No return,Not Returned,Delivered,4345
2018-10-13,688873002,2,UPI,688873002.0,15 days return,Not Returned,Delivered,797
2018-10-29,690112002,2,UPI,690112002.0,No return,Not Returned,Delivered,1600
2018-10-27,672016004,1,UPI,672016004.0,15 days return,Returned,Delivered,3097
2018-10-23,626815002,2,Card,626815002.0,7 days return,,Not Delivered (Others),2073
2018-10-10,689123001,2,Card,689123001.0,15 days return,Not Returned,Delivered,36
2018-10-05,572480003,2,UPI,572480003.0,7 days return,Not Returned,Delivered,3150
2018-10-31,399136027,2,Cash,399136027.0,15 days return,Not Returned,Delivered,3914
2018-10-01,678073002,2,UPI,678073002.0,No return,Not Returned,Delivered,1858
2018-09-27,661806001,2,UPI,661806001.0,7 days return,Not Returned,Delivered,968
2018-10-18,640882002,1,Card,640882002.0,No return,Not Returned,Delivered,1900
2018-10-22,674890001,2,UPI,674890001.0,No return,Not Returned,Delivered,2216
2018-10-29,496111023,2,UPI,496111023.0,No return,Not Returned,Delivered,4314
2018-09-24,557248023,1,UPI,557248023.0,15 days return,Not Returned,Delivered,2440
2018-09-29,583915001,2,UPI,583915001.0,No return,Not Returned,Delivered,2988
2018-11-01,660795001,2,UPI,660795001.0,No return,Not Returned,Delivered,4191
2018-09-28,630116008,1,Card,630116008.0,7 days return,Not Returned,Delivered,3956
2018-09-28,610744009,2,Card,610744009.0,7 days return,Not Returned,Delivered,544
2018-09-28,616739001,1,Card,616739001.0,15 days return,Not Returned,Delivered,3001
2018-10-29,623522004,2,Card,623522004.0,7 days return,Not Returned,Delivered,2563
2018-10-08,642631002,2,UPI,642631002.0,No return,Not Returned,Delivered,3523
2018-10-20,595779010,1,UPI,595779010.0,7 days return,Not Returned,Delivered,3633
2018-09-26,626444001,1,Cash,626444001.0,7 days return,Returned,Delivered,1202
2018-10-04,687270001,1,Cash,687270001.0,7 days return,Returned,Delivered,2837
2018-10-24,538283002,2,UPI,538283002.0,15 days return,Not Returned,Delivered,902
2018-10-04,677062001,2,UPI,677062001.0,15 days return,Not Returned,Delivered,1775
2018-10-17,595386002,2,UPI,595386002.0,7 days return,Not Returned,Delivered,76
2018-10-07,598806001,2,UPI,598806001.0,7 days return,Not Returned,Delivered,1877
2018-10-10,611148013,1,Card,611148013.0,No return,Not Returned,Delivered,2945
2018-10-20,633131002,1,UPI,633131002.0,7 days return,Returned,Delivered,3497
2018-10-27,413911012,2,UPI,413911012.0,No return,Not Returned,Delivered,3659
2018-09-29,635844002,2,UPI,635844002.0,15 days return,Not Returned,Delivered,1146
2018-09-22,692454002,2,UPI,692454002.0,No return,Not Returned,Delivered,3004
2018-09-30,565379001,2,UPI,565379001.0,7 days return,Not Returned,Delivered,1452
2018-09-27,714421001,2,UPI,714421001.0,No return,Not Returned,Delivered,935
2018-10-25,592291002,2,UPI,592291002.0,No return,,Not Delivered (Wrong Item),617
2018-09-20,651327001,2,UPI,651327001.0,No return,Not Returned,Delivered,3582
2018-10-22,552346014,2,UPI,552346014.0,15 days return,Not Returned,Delivered,3858
2018-10-18,484398001,2,UPI,484398001.0,No return,Not Returned,Delivered,4730
2018-09-28,652742003,2,UPI,652742003.0,15 days return,Returned,Delivered,1352
2018-10-06,620081006,1,UPI,620081006.0,7 days return,Returned,Delivered,1367
2018-10-04,673677001,2,UPI,673677001.0,No return,Not Returned,Delivered,3230
2018-10-24,487827013,2,UPI,487827013.0,15 days return,Returned,Delivered,2372
2018-09-29,688873012,1,Card,688873012.0,15 days return,Not Returned,Delivered,2208
2018-09-29,636935009,1,UPI,636935009.0,7 days return,Not Returned,Delivered,2152
2018-09-23,674492001,2,Card,674492001.0,15 days return,Not Returned,Delivered,4163
2018-10-24,651905007,2,UPI,651905007.0,No return,Not Returned,Delivered,4848
2018-10-08,670655002,2,UPI,670655002.0,No return,Not Returned,Delivered,3638
2018-10-04,662925002,2,Cash,662925002.0,7 days return,Returned,Delivered,3266
2018-10-31,687934001,2,UPI,687934001.0,No return,Not Returned,Delivered,4039
2018-09-29,625939013,1,UPI,625939013.0,No return,,Not Delivered (Others),111
2018-10-17,711521001,2,Card,711521001.0,No return,Not Returned,Delivered,1307
2018-10-12,554772034,2,UPI,554772034.0,No return,Not Returned,Delivered,1725
2018-09-20,648968003,2,Card,648968003.0,15 days return,Not Returned,Delivered,3347
2018-10-05,494030020,1,UPI,494030020.0,15 days return,Not Returned,Delivered,2881
2018-10-09,640174002,2,UPI,640174002.0,15 days return,Not Returned,Delivered,1826
2018-10-10,469137001,2,UPI,469137001.0,No return,Not Returned,Delivered,4516
2018-10-15,645629002,2,UPI,645629002.0,15 days return,Not Returned,Delivered,160
2018-10-27,537688013,2,Card,537688013.0,7 days return,Not Returned,Delivered,1904
2018-10-13,522398023,1,UPI,522398023.0,15 days return,Not Returned,Delivered,3966
2018-09-27,524825011,2,Card,524825011.0,15 days return,Not Returned,Delivered,4466
2018-10-24,507910001,2,UPI,507910001.0,7 days return,,Not Delivered (Wrong Item),3629
2018-10-26,707015002,2,Card,707015002.0,15 days return,Not Returned,Delivered,3063
2018-10-22,626445010,1,Card,626445010.0,7 days return,Not Returned,Delivered,4567
2018-10-02,501820001,2,Card,501820001.0,15 days return,Not Returned,Delivered,2248
2018-10-24,626446001,1,UPI,626446001.0,7 days return,Returned,Delivered,743
2018-10-20,642960002,2,Cash,642960002.0,15 days return,Not Returned,Delivered,4458
2018-10-11,633109001,2,UPI,633109001.0,15 days return,Not Returned,Delivered,4026
2018-10-29,501820002,2,UPI,501820002.0,15 days return,Not Returned,Delivered,3749
2018-10-17,666006006,2,Card,666006006.0,No return,Not Returned,Delivered,4069
2018-10-17,537085009,2,Card,537085009.0,15 days return,Not Returned,Delivered,2132
2018-09-29,673850002,2,Cash,673850002.0,7 days return,Returned,Delivered,1394
2018-10-09,652361001,2,UPI,652361001.0,15 days return,Returned,Delivered,3844
2018-10-29,623522004,2,UPI,623522004.0,7 days return,Returned,Delivered,2563
2018-09-26,573856024,2,Cash,573856024.0,7 days return,Returned,Delivered,723
2018-10-10,524825011,1,Cash,524825011.0,15 days return,,Not Delivered (Wrong Item),1906
2018-10-10,673900006,2,UPI,673900006.0,15 days return,Not Returned,Delivered,663
2018-09-24,610744007,2,Card,610744007.0,7 days return,Returned,Delivered,493
2018-10-02,612182001,1,UPI,612182001.0,15 days return,Returned,Delivered,442
2018-10-15,562245043,2,UPI,562245043.0,No return,,Not Delivered (Others),4313
2018-10-07,625939035,2,UPI,625939035.0,7 days return,Not Returned,Delivered,1285
2018-10-30,634775001,2,Card,634775001.0,7 days return,,Not Delivered (Others),4381
2018-10-02,552370002,2,Cash,552370002.0,No return,Not Returned,Delivered,2715
2018-10-10,650441001,2,Card,650441001.0,7 days return,Returned,Delivered,2054
2018-09-21,636672001,1,UPI,636672001.0,No return,Not Returned,Delivered,1634
2018-09-29,637661002,1,Card,637661002.0,No return,Not Returned,Delivered,3872
2018-10-12,636323005,2,UPI,636323005.0,15 days return,Not Returned,Delivered,2995
2018-10-27,717205001,1,UPI,717205001.0,7 days return,Not Returned,Delivered,635
2018-09-30,624486009,1,Card,624486009.0,15 days return,Returned,Delivered,2029
2018-10-15,640727001,2,UPI,640727001.0,7 days return,Not Returned,Delivered,2080
2018-09-24,636455012,2,UPI,636455012.0,7 days return,Returned,Delivered,2171
2018-10-25,645980002,1,UPI,645980002.0,7 days return,Returned,Delivered,4660
2018-09-30,618942004,2,UPI,618942004.0,No return,,Not Delivered (Wrong Item),2604
2018-10-28,624895001,2,UPI,624895001.0,15 days return,Returned,Delivered,4600
2018-10-10,108775015,1,UPI,108775015.0,15 days return,Not Returned,Delivered,1594
2018-10-27,677133001,1,Cash,677133001.0,No return,Not Returned,Delivered,148
2018-09-28,705094003,1,Card,705094003.0,7 days return,Not Returned,Delivered,4719
2018-10-21,585503002,2,Card,585503002.0,7 days return,Not Returned,Delivered,4838
2018-10-12,593988001,2,UPI,593988001.0,7 days return,Not Returned,Delivered,4354
2018-11-01,507706003,2,UPI,507706003.0,7 days return,Not Returned,Delivered,2563
2018-09-27,610729002,2,UPI,610729002.0,No return,,Not Delivered (Others),4932
2018-10-14,673186001,2,Card,673186001.0,7 days return,Not Returned,Delivered,4069
2018-09-29,624285001,1,UPI,624285001.0,No return,Not Returned,Delivered,3345
2018-10-01,501820001,2,UPI,501820001.0,15 days return,Not Returned,Delivered,3545
2018-09-29,501820007,2,UPI,501820007.0,7 days return,Not Returned,Delivered,523
2018-10-23,611503002,2,Card,611503002.0,No return,Not Returned,Delivered,2282
2018-09-21,527687006,1,Cash,527687006.0,7 days return,Not Returned,Delivered,1878
2018-10-17,663970003,2,Card,663970003.0,No return,Not Returned,Delivered,2024
2018-09-25,562245059,2,Card,562245059.0,15 days return,,Not Delivered (Others),2639
2018-09-20,625229004,1,UPI,625229004.0,No return,Not Returned,Delivered,179
2018-10-19,660795001,2,UPI,660795001.0,No return,Not Returned,Delivered,3706
2018-10-11,255396023,2,Cash,255396023.0,7 days return,Not Returned,Delivered,2130
2018-10-30,704036002,2,UPI,704036002.0,No return,Not Returned,Delivered,3701
2018-10-20,673901001,2,Card,673901001.0,No return,Not Returned,Delivered,3166
2018-09-28,675203003,2,UPI,675203003.0,No return,Not Returned,Delivered,4492
2018-10-12,414577001,2,Cash,414577001.0,No return,Not Returned,Delivered,3644
2018-10-16,496111022,1,UPI,496111022.0,15 days return,Not Returned,Delivered,4775
2018-09-20,625939005,2,UPI,625939005.0,15 days return,Returned,Delivered,2639
2018-10-26,678421004,1,UPI,678421004.0,15 days return,Not Returned,Delivered,3032
2018-10-04,568137009,2,Card,568137009.0,15 days return,Returned,Delivered,2863
2018-10-16,562245039,1,UPI,562245039.0,15 days return,Not Returned,Delivered,4548
2018-09-29,660308004,2,UPI,660308004.0,15 days return,Not Returned,Delivered,4553
2018-10-22,663679002,2,UPI,663679002.0,7 days return,Not Returned,Delivered,3526
2018-10-13,620081008,1,UPI,620081008.0,7 days return,Not Returned,Delivered,3214
2018-09-24,539723003,2,UPI,539723003.0,No return,Not Returned,Delivered,888
2018-10-23,400246021,2,Cash,400246021.0,No return,Not Returned,Delivered,378
2018-10-16,399136009,1,UPI,399136009.0,No return,Not Returned,Delivered,2700
2018-10-10,657955005,1,Card,657955005.0,No return,Not Returned,Delivered,663
2018-09-29,630141009,1,UPI,630141009.0,15 days return,Not Returned,Delivered,4512
2018-09-24,562252031,2,Cash,562252031.0,No return,Not Returned,Delivered,4129
2018-10-11,567805005,2,UPI,567805005.0,15 days return,Not Returned,Delivered,3312
2018-09-23,672568001,2,UPI,672568001.0,15 days return,Not Returned,Delivered,909
2018-10-27,598806001,2,Cash,598806001.0,7 days return,Returned,Delivered,3729
2018-09-26,684021006,2,Card,684021006.0,7 days return,Not Returned,Delivered,1523
2018-10-19,663003004,2,Cash,663003004.0,No return,Not Returned,Delivered,3479
2018-09-27,670424001,1,Cash,670424001.0,No return,Not Returned,Delivered,1091
2018-09-22,573716012,2,Card,573716012.0,7 days return,Not Returned,Delivered,4322
2018-10-19,660599004,2,UPI,660599004.0,No return,Not Returned,Delivered,1689
2018-10-13,673677002,1,UPI,673677002.0,7 days return,Not Returned,Delivered,634
2018-09-26,507910004,2,Card,507910004.0,No return,Not Returned,Delivered,511
2018-10-11,674336002,2,UPI,674336002.0,15 days return,,Not Delivered (Others),4380
2018-09-28,599965005,2,UPI,599965005.0,7 days return,Returned,Delivered,3820
2018-10-22,663679002,2,Card,663679002.0,7 days return,Not Returned,Delivered,3526
2018-10-08,632982001,2,Cash,632982001.0,7 days return,Not Returned,Delivered,995
2018-10-17,657395003,2,UPI,657395003.0,No return,Not Returned,Delivered,3148
2018-09-21,662868001,2,UPI,662868001.0,7 days return,Not Returned,Delivered,2462
2018-10-24,237032003,1,UPI,237032003.0,15 days return,Not Returned,Delivered,923
2018-10-03,562245005,2,UPI,562245005.0,15 days return,,Not Delivered (Wrong Item),120
2018-09-29,667442001,1,UPI,667442001.0,15 days return,Not Returned,Delivered,971
2018-10-10,504154019,2,UPI,504154019.0,No return,Not Returned,Delivered,1313
2018-09-29,604454004,2,UPI,604454004.0,15 days return,Not Returned,Delivered,1475
2018-10-17,664461002,1,UPI,664461002.0,No return,Not Returned,Delivered,3151
2018-10-25,660599002,1,UPI,660599002.0,No return,,Not Delivered (Others),1911
2018-09-20,685687001,2,UPI,685687001.0,No return,Not Returned,Delivered,3604
2018-09-23,576775012,2,UPI,576775012.0,7 days return,Not Returned,Delivered,1914
2018-10-29,500771007,2,UPI,500771007.0,7 days return,Not Returned,Delivered,4248
2018-10-17,649671002,2,UPI,649671002.0,7 days return,Returned,Delivered,3517
2018-10-01,656059003,1,UPI,656059003.0,15 days return,Not Returned,Delivered,24
2018-10-01,536933002,2,UPI,536933002.0,No return,Not Returned,Delivered,12
2018-10-10,636938001,1,UPI,636938001.0,No return,Not Returned,Delivered,1906
2018-09-24,493438027,2,Card,493438027.0,15 days return,,Not Delivered (Wrong Item),3030
2018-09-29,558907002,1,UPI,558907002.0,7 days return,Not Returned,Delivered,4801
2018-10-28,664485004,1,UPI,664485004.0,7 days return,Returned,Delivered,4278
2018-10-19,673901001,2,UPI,673901001.0,No return,Not Returned,Delivered,657
2018-09-23,355569001,2,UPI,355569001.0,No return,Not Returned,Delivered,206
2018-10-22,562245001,2,Card,562245001.0,15 days return,Returned,Delivered,2940
2018-10-21,356289005,2,UPI,356289005.0,15 days return,Not Returned,Delivered,2012
2018-10-02,594264003,2,Card,594264003.0,15 days return,Returned,Delivered,4734
2018-10-10,639091005,2,UPI,639091005.0,15 days return,Returned,Delivered,1127
2018-10-27,560419005,2,Card,560419005.0,No return,Not Returned,Delivered,663
2018-09-21,634015003,1,UPI,634015003.0,7 days return,Not Returned,Delivered,3353
2018-09-25,693584002,2,UPI,693584002.0,15 days return,Returned,Delivered,1758
2018-10-14,539723005,2,Cash,539723005.0,7 days return,Returned,Delivered,3719
2018-10-31,669737001,2,UPI,669737001.0,15 days return,Not Returned,Delivered,4355
2018-10-25,591334003,2,UPI,591334003.0,15 days return,,Not Delivered (Others),888
2018-10-28,562245023,2,Cash,562245023.0,7 days return,Not Returned,Delivered,508
2018-10-01,544116002,2,UPI,544116002.0,7 days return,Returned,Delivered,2040
2018-10-27,562252028,1,UPI,562252028.0,15 days return,Returned,Delivered,3977
2018-10-23,630116006,2,UPI,630116006.0,No return,Not Returned,Delivered,2554
2018-09-30,510684009,2,UPI,510684009.0,7 days return,Not Returned,Delivered,2007
2018-10-30,662980001,1,UPI,662980001.0,7 days return,Returned,Delivered,4388
2018-10-13,687371001,1,UPI,687371001.0,15 days return,Not Returned,Delivered,1189
2018-10-23,679042002,2,UPI,679042002.0,15 days return,,Not Delivered (Wrong Item),2507
2018-09-30,626442019,1,UPI,626442019.0,15 days return,Returned,Delivered,670
2018-10-29,572797002,2,UPI,572797002.0,No return,,Not Delivered (Others),4314
2018-09-24,685687002,2,UPI,685687002.0,15 days return,Returned,Delivered,4098
2018-10-28,568808001,1,Card,568808001.0,7 days return,Not Returned,Delivered,605
2018-10-02,548110002,2,UPI,548110002.0,15 days return,Not Returned,Delivered,49
2018-10-10,620434001,2,UPI,620434001.0,No return,Not Returned,Delivered,1082
2018-09-28,633130001,2,UPI,633130001.0,7 days return,Not Returned,Delivered,4619
2018-10-20,537895001,1,UPI,537895001.0,7 days return,Returned,Delivered,1094
2018-09-28,674492003,1,UPI,674492003.0,No return,Not Returned,Delivered,3726
2018-10-31,653277002,2,Cash,653277002.0,7 days return,Returned,Delivered,504
2018-10-30,401044004,2,UPI,401044004.0,7 days return,Returned,Delivered,3476
2018-10-03,628499003,1,UPI,628499003.0,No return,Not Returned,Delivered,2919
2018-10-26,671505002,1,UPI,671505002.0,15 days return,,Not Delivered (Others),1820
2018-10-28,631418002,2,UPI,631418002.0,No return,Not Returned,Delivered,394
2018-10-30,552370002,2,UPI,552370002.0,No return,Not Returned,Delivered,4842
2018-09-29,399223001,1,Card,399223001.0,15 days return,Returned,Delivered,1521
2018-10-25,639670001,2,UPI,639670001.0,No return,Not Returned,Delivered,921
2018-09-25,502186014,1,UPI,502186014.0,15 days return,Returned,Delivered,363
2018-10-20,658923001,2,UPI,658923001.0,7 days return,Not Returned,Delivered,4555
2018-11-01,625043002,2,Card,625043002.0,No return,Not Returned,Delivered,3104
2018-11-01,674010003,1,UPI,674010003.0,No return,Not Returned,Delivered,2018
2018-09-27,626588003,1,UPI,626588003.0,No return,Not Returned,Delivered,1227
2018-10-26,662868001,1,UPI,662868001.0,7 days return,Returned,Delivered,1729
2018-09-21,399256001,1,Card,399256001.0,No return,Not Returned,Delivered,1086
2018-10-11,662948003,2,UPI,662948003.0,No return,Not Returned,Delivered,2265
2018-10-13,661806003,2,Card,661806003.0,No return,,Not Delivered (Others),969
2018-10-02,620208027,1,Card,620208027.0,7 days return,Not Returned,Delivered,33
2018-10-23,677930002,2,Cash,677930002.0,No return,Not Returned,Delivered,4780
2018-11-01,650974003,2,Card,650974003.0,No return,,Not Delivered (Wrong Item),4487
2018-10-05,708085001,2,Cash,708085001.0,No return,Not Returned,Delivered,4585
2018-09-23,626445001,2,UPI,626445001.0,7 days return,Returned,Delivered,1618
2018-09-29,565183004,2,UPI,565183004.0,15 days return,Not Returned,Delivered,2223
2018-10-08,584198001,1,UPI,584198001.0,15 days return,Returned,Delivered,399
2018-09-28,662888004,1,UPI,662888004.0,15 days return,Not Returned,Delivered,1395
2018-09-23,544739009,2,UPI,544739009.0,15 days return,Not Returned,Delivered,818
2018-10-27,695918001,2,UPI,695918001.0,15 days return,Not Returned,Delivered,2594
2018-10-24,519749051,2,UPI,519749051.0,No return,Not Returned,Delivered,2082
2018-09-27,552471019,1,Card,552471019.0,No return,Not Returned,Delivered,4764
2018-10-27,622981007,2,UPI,622981007.0,7 days return,Not Returned,Delivered,3265
2018-09-24,630116014,2,UPI,630116014.0,7 days return,,Not Delivered (Others),3030
2018-10-11,615021023,2,UPI,615021023.0,15 days return,Not Returned,Delivered,3759
2018-09-21,539723006,1,Card,539723006.0,No return,Not Returned,Delivered,707
2018-09-25,691291004,1,Cash,691291004.0,7 days return,Returned,Delivered,525
2018-09-21,502186012,1,UPI,502186012.0,No return,Not Returned,Delivered,212
2018-10-08,657476005,1,UPI,657476005.0,7 days return,Not Returned,Delivered,1825
2018-09-29,669713001,2,Card,669713001.0,15 days return,Not Returned,Delivered,4731
2018-10-28,557248023,1,Card,557248023.0,15 days return,Returned,Delivered,3497
2018-10-31,661306005,2,UPI,661306005.0,No return,,Not Delivered (Wrong Item),1487
2018-10-24,658923001,2,UPI,658923001.0,7 days return,Not Returned,Delivered,1755
2018-10-11,562252001,2,Card,562252001.0,7 days return,Not Returned,Delivered,1934
2018-10-18,621250002,2,UPI,621250002.0,No return,Not Returned,Delivered,2434
2018-09-27,491912025,1,UPI,491912025.0,15 days return,,Not Delivered (Others),2302
2018-09-24,562245015,2,UPI,562245015.0,15 days return,,Not Delivered (Wrong Item),4508
2018-10-03,548110002,1,Card,548110002.0,15 days return,,Not Delivered (Wrong Item),3614
2018-10-13,572998002,2,Card,572998002.0,15 days return,Returned,Delivered,3495
2018-10-13,562245046,2,UPI,562245046.0,15 days return,Not Returned,Delivered,3364
2018-10-27,660712003,2,Card,660712003.0,7 days return,Not Returned,Delivered,860
2018-09-29,554598008,1,UPI,554598008.0,15 days return,Not Returned,Delivered,4359
2018-10-24,538699001,1,UPI,538699001.0,No return,Not Returned,Delivered,4198
2018-10-31,636407001,2,UPI,636407001.0,No return,,Not Delivered (Others),2031
2018-10-12,728185002,1,UPI,728185002.0,15 days return,Not Returned,Delivered,1272
2018-09-29,671515001,2,UPI,671515001.0,15 days return,Returned,Delivered,2935
2018-10-28,688558006,2,Cash,688558006.0,No return,Not Returned,Delivered,2294
2018-10-20,609023002,1,UPI,609023002.0,No return,Not Returned,Delivered,4816
2018-10-14,640251003,2,UPI,640251003.0,15 days return,Not Returned,Delivered,4069
2018-10-03,381038026,2,UPI,381038026.0,No return,Not Returned,Delivered,4456
2018-10-22,720313001,2,Card,720313001.0,15 days return,Not Returned,Delivered,4474
2018-09-21,355072001,2,Card,355072001.0,15 days return,,Not Delivered (Others),3341
2018-10-16,575495003,2,Card,575495003.0,15 days return,Not Returned,Delivered,284
2018-10-16,524825016,2,UPI,524825016.0,15 days return,,Not Delivered (Wrong Item),3099
2018-10-09,596400002,1,UPI,596400002.0,7 days return,,Not Delivered (Others),2083
2018-10-08,399223001,1,Card,399223001.0,15 days return,Not Returned,Delivered,3444
2018-10-16,539723004,1,UPI,539723004.0,No return,Not Returned,Delivered,2253
2018-10-18,507909015,2,UPI,507909015.0,7 days return,Not Returned,Delivered,2625
2018-09-27,632827001,2,Card,632827001.0,No return,Not Returned,Delivered,3103
2018-10-11,524825013,2,UPI,524825013.0,15 days return,Not Returned,Delivered,4146
2018-09-26,655710006,2,UPI,655710006.0,15 days return,Not Returned,Delivered,941
2018-10-29,684210002,2,UPI,684210002.0,7 days return,Returned,Delivered,3241
2018-09-21,565379003,2,UPI,565379003.0,15 days return,,Not Delivered (Wrong Item),328
2018-09-29,686496004,1,UPI,686496004.0,15 days return,Not Returned,Delivered,1325
2018-09-22,463601015,2,Card,463601015.0,No return,Not Returned,Delivered,293
2018-10-22,683662002,2,UPI,683662002.0,7 days return,Not Returned,Delivered,4368
2018-09-26,658475001,1,UPI,658475001.0,15 days return,Not Returned,Delivered,2905
2018-10-22,504154027,2,Card,504154027.0,No return,Not Returned,Delivered,356
2018-09-23,639478001,2,UPI,639478001.0,7 days return,Not Returned,Delivered,818
2018-09-28,617426015,1,UPI,617426015.0,No return,Not Returned,Delivered,3106
2018-10-26,265069014,2,UPI,265069014.0,7 days return,,Not Delivered (Wrong Item),3134
2018-10-03,637005002,2,UPI,637005002.0,7 days return,Not Returned,Delivered,489
2018-09-28,665725002,2,Cash,665725002.0,7 days return,Returned,Delivered,4695
2018-10-02,564358010,2,UPI,564358010.0,7 days return,Returned,Delivered,2489
2018-10-10,539723001,2,UPI,539723001.0,15 days return,Not Returned,Delivered,4384
2018-10-29,558981016,2,Card,558981016.0,7 days return,,Not Delivered (Wrong Item),1185
2018-10-28,719530004,2,UPI,719530004.0,7 days return,Not Returned,Delivered,1913
2018-10-11,643985003,2,Card,643985003.0,15 days return,Not Returned,Delivered,2265
2018-10-12,663679001,2,UPI,663679001.0,15 days return,Not Returned,Delivered,3932
2018-10-29,615054002,2,UPI,615054002.0,7 days return,Returned,Delivered,2931
2018-10-16,634009008,2,Card,634009008.0,7 days return,Not Returned,Delivered,50
2018-09-26,651465002,2,UPI,651465002.0,15 days return,Returned,Delivered,283
2018-09-29,663140002,1,UPI,663140002.0,No return,Not Returned,Delivered,3167
2018-10-26,632224001,2,Card,632224001.0,No return,Not Returned,Delivered,898
2018-10-21,582257001,2,UPI,582257001.0,7 days return,Returned,Delivered,3828
2018-09-24,671553002,1,UPI,671553002.0,No return,Not Returned,Delivered,2457
2018-09-30,565379001,1,UPI,565379001.0,7 days return,Not Returned,Delivered,4089
2018-09-23,403490012,1,Card,403490012.0,15 days return,Returned,Delivered,2476
2018-10-03,687371001,1,UPI,687371001.0,15 days return,Not Returned,Delivered,3449
2018-10-02,537895002,2,UPI,537895002.0,No return,Not Returned,Delivered,274
2018-09-29,537116001,1,UPI,537116001.0,7 days return,Not Returned,Delivered,4353
2018-10-27,300024009,2,UPI,300024009.0,15 days return,Not Returned,Delivered,864
2018-10-10,639836004,2,UPI,639836004.0,No return,Not Returned,Delivered,4563
2018-09-20,176550020,2,UPI,176550020.0,15 days return,Not Returned,Delivered,1836
2018-10-27,564358023,2,Card,564358023.0,15 days return,Not Returned,Delivered,2924
2018-10-01,662448001,2,Cash,662448001.0,7 days return,Not Returned,Delivered,846
2018-10-09,574106001,2,UPI,574106001.0,7 days return,Not Returned,Delivered,2630
2018-10-11,662857004,1,UPI,662857004.0,15 days return,Returned,Delivered,1906
2018-10-18,626168001,2,Cash,626168001.0,15 days return,Not Returned,Delivered,2161
2018-10-31,509465002,2,UPI,509465002.0,7 days return,Returned,Delivered,711
2018-10-25,640317002,2,Card,640317002.0,No return,Not Returned,Delivered,1768
2018-10-24,237347037,2,UPI,237347037.0,15 days return,Not Returned,Delivered,3421
2018-10-22,399201020,2,UPI,399201020.0,15 days return,Not Returned,Delivered,854
2018-09-29,660300002,2,Cash,660300002.0,15 days return,Not Returned,Delivered,1394
2018-10-12,565379002,1,UPI,565379002.0,15 days return,Not Returned,Delivered,1998
2018-09-20,685687003,2,Cash,685687003.0,No return,Not Returned,Delivered,2745
2018-09-28,592975003,2,Card,592975003.0,7 days return,Not Returned,Delivered,4127
2018-10-21,652229001,2,UPI,652229001.0,No return,Not Returned,Delivered,694
2018-09-28,189691044,2,Cash,189691044.0,No return,Not Returned,Delivered,2290
2018-10-19,547087001,2,UPI,547087001.0,15 days return,Not Returned,Delivered,4269
2018-09-29,650677004,2,UPI,650677004.0,7 days return,Not Returned,Delivered,3201
2018-10-17,446224016,1,UPI,446224016.0,15 days return,Returned,Delivered,3617
2018-10-12,661853001,2,UPI,661853001.0,No return,Not Returned,Delivered,821
2018-10-12,574987003,2,UPI,574987003.0,No return,Not Returned,Delivered,590
2018-10-04,656388003,2,UPI,656388003.0,7 days return,Returned,Delivered,1692
2018-10-19,656649004,2,UPI,656649004.0,7 days return,Not Returned,Delivered,1791
2018-10-22,687424003,2,UPI,687424003.0,No return,Not Returned,Delivered,60
2018-09-20,613456001,2,UPI,613456001.0,7 days return,,Not Delivered (Others),319
2018-09-26,578020003,2,UPI,578020003.0,7 days return,Not Returned,Delivered,985
2018-09-21,661166005,1,UPI,661166005.0,No return,Not Returned,Delivered,4703
2018-09-28,592174001,2,UPI,592174001.0,15 days return,Not Returned,Delivered,3762
2018-09-24,663003004,2,UPI,663003004.0,No return,Not Returned,Delivered,4508
2018-10-26,675319001,1,UPI,675319001.0,7 days return,Not Returned,Delivered,96
2018-10-01,685284001,2,Card,685284001.0,No return,Not Returned,Delivered,3517
2018-10-08,579541001,2,UPI,579541001.0,15 days return,Not Returned,Delivered,1137
2018-10-12,573716012,2,UPI,573716012.0,7 days return,Not Returned,Delivered,4191
2018-09-30,316441024,1,UPI,316441024.0,15 days return,,Not Delivered (Wrong Item),3949
2018-10-14,647250001,1,UPI,647250001.0,7 days return,Returned,Delivered,4152
2018-10-02,687169002,2,UPI,687169002.0,No return,Not Returned,Delivered,3014
2018-09-29,684848005,1,UPI,684848005.0,15 days return,Not Returned,Delivered,177
2018-10-14,647434001,2,UPI,647434001.0,7 days return,Returned,Delivered,2248
2018-10-05,633130009,1,UPI,633130009.0,15 days return,Not Returned,Delivered,2010
2018-10-24,671206002,2,UPI,671206002.0,15 days return,Not Returned,Delivered,3165
2018-10-31,211143037,2,UPI,211143037.0,7 days return,Not Returned,Delivered,2030
2018-09-27,607595001,2,UPI,607595001.0,15 days return,Not Returned,Delivered,4148
2018-10-19,562245057,2,Card,562245057.0,7 days return,Not Returned,Delivered,3406
2018-10-24,657942002,1,Card,657942002.0,7 days return,,Not Delivered (Wrong Item),4007
2018-10-26,663965006,2,Cash,663965006.0,7 days return,Not Returned,Delivered,4146
2018-09-26,637661003,1,UPI,637661003.0,No return,Not Returned,Delivered,1677
2018-09-29,674336007,1,Card,674336007.0,No return,Not Returned,Delivered,1616
2018-09-27,685174001,2,UPI,685174001.0,7 days return,Not Returned,Delivered,1128
2018-10-18,674400001,1,Cash,674400001.0,7 days return,Not Returned,Delivered,2720
2018-09-20,524825006,2,UPI,524825006.0,7 days return,Returned,Delivered,2884
2018-10-15,675319002,2,UPI,675319002.0,7 days return,Returned,Delivered,3053
2018-10-11,663942005,1,Card,663942005.0,7 days return,Not Returned,Delivered,1948
2018-10-08,663679001,2,UPI,663679001.0,15 days return,Not Returned,Delivered,3471
2018-10-20,672758002,2,Card,672758002.0,15 days return,Not Returned,Delivered,3979
2018-10-14,534181003,2,UPI,534181003.0,7 days return,Not Returned,Delivered,1593
2018-10-26,613517001,2,Card,613517001.0,7 days return,Not Returned,Delivered,4851
2018-09-20,662888001,1,UPI,662888001.0,15 days return,Not Returned,Delivered,2105
2018-10-20,642960002,2,Cash,642960002.0,15 days return,Not Returned,Delivered,4458
2018-09-28,640807001,2,UPI,640807001.0,7 days return,Not Returned,Delivered,3833
2018-09-29,639685004,1,UPI,639685004.0,15 days return,,Not Delivered (Wrong Item),3164
2018-09-20,571436009,1,UPI,571436009.0,7 days return,Returned,Delivered,3198
2018-10-16,692454002,2,UPI,692454002.0,No return,Not Returned,Delivered,2764
2018-10-19,637940003,2,Cash,637940003.0,15 days return,Returned,Delivered,3237
2018-10-24,588299002,2,UPI,588299002.0,No return,Not Returned,Delivered,4277
2018-10-23,662076003,2,Card,662076003.0,No return,Not Returned,Delivered,349
2018-09-20,664325001,1,UPI,664325001.0,7 days return,Not Returned,Delivered,3132
2018-10-03,537688010,1,UPI,537688010.0,15 days return,Not Returned,Delivered,232
2018-10-15,662935002,2,UPI,662935002.0,7 days return,Not Returned,Delivered,1409
2018-10-06,316085001,2,UPI,316085001.0,No return,Not Returned,Delivered,4906
2018-09-24,675657001,1,Card,675657001.0,15 days return,Returned,Delivered,131
2018-10-27,684613001,1,Card,684613001.0,15 days return,,Not Delivered (Others),3185
2018-10-09,678558001,2,UPI,678558001.0,15 days return,Returned,Delivered,2361
2018-10-15,638899001,2,UPI,638899001.0,No return,Not Returned,Delivered,4643
2018-10-28,537688015,2,UPI,537688015.0,7 days return,Not Returned,Delivered,3550
2018-09-24,648868001,2,UPI,648868001.0,No return,Not Returned,Delivered,1482
2018-10-24,624309001,2,UPI,624309001.0,15 days return,Not Returned,Delivered,371
2018-10-26,614010003,2,UPI,614010003.0,7 days return,Returned,Delivered,3355
2018-10-23,670950003,2,UPI,670950003.0,7 days return,Not Returned,Delivered,3517
2018-09-25,524825013,2,Card,524825013.0,15 days return,Not Returned,Delivered,168
2018-09-29,537346020,1,Card,537346020.0,No return,Not Returned,Delivered,1444
2018-10-14,507909001,1,UPI,507909001.0,No return,,Not Delivered (Others),3213
2018-10-17,644253006,2,Card,644253006.0,No return,,Not Delivered (Others),4069
2018-10-25,542533002,2,UPI,542533002.0,15 days return,Not Returned,Delivered,1723
2018-10-09,557247007,1,UPI,557247007.0,15 days return,Returned,Delivered,1568
2018-09-27,634013021,1,Card,634013021.0,15 days return,Not Returned,Delivered,2701
2018-10-25,572400013,1,UPI,572400013.0,7 days return,Returned,Delivered,4302
2018-09-29,680499002,1,Card,680499002.0,7 days return,Returned,Delivered,2222
2018-10-15,686516001,1,Cash,686516001.0,7 days return,Not Returned,Delivered,4327
2018-09-24,629042002,2,UPI,629042002.0,7 days return,Returned,Delivered,1882
2018-09-24,685347002,2,Card,685347002.0,No return,Not Returned,Delivered,1873
2018-10-21,550309001,2,UPI,550309001.0,No return,Not Returned,Delivered,1215
2018-10-31,664387001,2,UPI,664387001.0,15 days return,Not Returned,Delivered,1714
2018-10-06,618840001,1,UPI,618840001.0,15 days return,Returned,Delivered,3079
2018-10-05,588689001,2,Cash,588689001.0,15 days return,Not Returned,Delivered,3539
2018-10-26,574106001,2,UPI,574106001.0,7 days return,Returned,Delivered,4851
2018-10-21,549598004,2,UPI,549598004.0,7 days return,,Not Delivered (Others),4327
2018-09-28,568593003,2,UPI,568593003.0,7 days return,Returned,Delivered,4609
2018-09-29,669713007,2,UPI,669713007.0,15 days return,Returned,Delivered,4731
2018-09-20,618840005,1,Cash,618840005.0,7 days return,Not Returned,Delivered,2970
2018-09-27,671505004,2,UPI,671505004.0,7 days return,Not Returned,Delivered,631
2018-10-01,542730007,2,UPI,542730007.0,7 days return,Not Returned,Delivered,3823
2018-10-20,673638002,1,Card,673638002.0,No return,Not Returned,Delivered,3797
2018-10-11,667378001,2,Cash,667378001.0,15 days return,Returned,Delivered,12
2018-10-20,637282002,2,UPI,637282002.0,7 days return,Returned,Delivered,638
2018-10-24,593107008,2,Cash,593107008.0,7 days return,Returned,Delivered,2200
2018-10-17,458428047,2,UPI,458428047.0,No return,Not Returned,Delivered,4923
2018-09-20,562820006,2,UPI,562820006.0,No return,Not Returned,Delivered,4233
2018-10-12,613942006,2,UPI,613942006.0,No return,Not Returned,Delivered,1725
2018-10-13,590973001,2,UPI,590973001.0,7 days return,Not Returned,Delivered,3996
2018-10-20,595779010,1,UPI,595779010.0,7 days return,,Not Delivered (Wrong Item),877
2018-10-17,658907007,2,Card,658907007.0,15 days return,Not Returned,Delivered,2943
2018-09-29,587201002,2,UPI,587201002.0,No return,Not Returned,Delivered,3602
2018-10-08,657063002,2,UPI,657063002.0,7 days return,,Not Delivered (Wrong Item),2727
2018-09-28,583534002,2,UPI,583534002.0,No return,Not Returned,Delivered,1626
2018-10-17,182909001,2,UPI,182909001.0,7 days return,Not Returned,Delivered,1224
2018-09-29,368979001,1,UPI,368979001.0,No return,Not Returned,Delivered,949
2018-10-22,585877014,2,UPI,585877014.0,15 days return,Returned,Delivered,2429
2018-10-06,672498005,1,Cash,672498005.0,7 days return,Not Returned,Delivered,1091
2018-09-20,505071001,2,UPI,505071001.0,7 days return,Not Returned,Delivered,2536
2018-09-20,590165002,2,UPI,590165002.0,No return,Not Returned,Delivered,3662
2018-10-27,400285009,2,UPI,400285009.0,7 days return,Not Returned,Delivered,2594
2018-10-25,678086001,1,UPI,678086001.0,15 days return,Returned,Delivered,4977
2018-09-25,504154020,2,Card,504154020.0,7 days return,,Not Delivered (Wrong Item),888
2018-09-25,633130013,2,UPI,633130013.0,15 days return,Returned,Delivered,82
2018-10-24,669216002,2,UPI,669216002.0,No return,Not Returned,Delivered,1624
2018-10-19,639573002,1,UPI,639573002.0,7 days return,Not Returned,Delivered,3768
2018-10-04,673776002,2,Card,673776002.0,7 days return,Returned,Delivered,2622
2018-09-25,640176002,2,UPI,640176002.0,15 days return,,Not Delivered (Wrong Item),2008
2018-09-29,661136001,1,Card,661136001.0,No return,Not Returned,Delivered,835
2018-10-28,618689003,2,Card,618689003.0,15 days return,Returned,Delivered,4299
2018-10-16,662344005,1,UPI,662344005.0,15 days return,Not Returned,Delivered,3503
2018-09-27,662857004,2,UPI,662857004.0,15 days return,Not Returned,Delivered,4915
2018-10-27,634727003,2,UPI,634727003.0,7 days return,Returned,Delivered,3368
2018-10-21,680499001,2,Cash,680499001.0,15 days return,Not Returned,Delivered,2714
2018-09-29,678321003,1,UPI,678321003.0,15 days return,Not Returned,Delivered,126
2018-10-20,179123001,1,UPI,179123001.0,15 days return,Returned,Delivered,616
2018-09-21,618899002,2,UPI,618899002.0,No return,,Not Delivered (Others),4499
2018-11-01,399201020,2,UPI,399201020.0,15 days return,Not Returned,Delivered,2956
2018-09-23,692401003,1,UPI,692401003.0,No return,Not Returned,Delivered,2476
2018-09-29,672890001,2,UPI,672890001.0,No return,Not Returned,Delivered,1401
2018-10-26,533230002,2,UPI,533230002.0,7 days return,,Not Delivered (Wrong Item),4954
2018-09-28,560270002,1,Card,560270002.0,No return,Not Returned,Delivered,3956
2018-09-28,118458039,2,UPI,118458039.0,7 days return,Not Returned,Delivered,1626
2018-10-28,563635003,2,UPI,563635003.0,15 days return,Not Returned,Delivered,308
2018-09-29,631965002,2,UPI,631965002.0,No return,Not Returned,Delivered,2223
2018-09-26,669215001,2,UPI,669215001.0,No return,Not Returned,Delivered,723
2018-10-13,379780045,1,Card,379780045.0,15 days return,,Not Delivered (Wrong Item),4199
2018-10-10,660830001,2,UPI,660830001.0,No return,,Not Delivered (Others),494
2018-10-03,613456001,2,UPI,613456001.0,7 days return,Not Returned,Delivered,4546
2018-10-09,662857003,2,UPI,662857003.0,No return,Not Returned,Delivered,329
2018-09-20,661308001,2,UPI,661308001.0,15 days return,Not Returned,Delivered,2529
2018-10-27,727263002,2,UPI,727263002.0,7 days return,,Not Delivered (Wrong Item),12
2018-10-03,595779008,1,UPI,595779008.0,No return,,Not Delivered (Others),2402
2018-10-05,698943005,2,Card,698943005.0,7 days return,Not Returned,Delivered,4654
2018-10-10,576050001,2,Card,576050001.0,No return,Not Returned,Delivered,77
2018-10-31,661853001,2,UPI,661853001.0,No return,Not Returned,Delivered,2660
2018-10-16,653587001,2,UPI,653587001.0,15 days return,,Not Delivered (Others),4883
2018-10-25,576104001,2,UPI,576104001.0,15 days return,Not Returned,Delivered,281
2018-10-06,567657006,1,UPI,567657006.0,7 days return,Returned,Delivered,1060
2018-10-14,666006006,1,Card,666006006.0,No return,Not Returned,Delivered,13
2018-09-28,617279001,2,Card,617279001.0,No return,Not Returned,Delivered,1238
2018-09-21,692401001,2,UPI,692401001.0,7 days return,Returned,Delivered,4875
2018-10-06,633469001,2,UPI,633469001.0,15 days return,Not Returned,Delivered,1226
2018-10-17,620928001,2,Cash,620928001.0,7 days return,Not Returned,Delivered,2953
2018-09-28,639835004,2,Card,639835004.0,No return,Not Returned,Delivered,3492
2018-10-28,507909001,1,UPI,507909001.0,No return,Not Returned,Delivered,4591
2018-10-17,611024002,2,UPI,611024002.0,7 days return,Returned,Delivered,4602
2018-09-26,537346022,2,Card,537346022.0,No return,Not Returned,Delivered,3027
2018-10-05,301656013,2,UPI,301656013.0,7 days return,Not Returned,Delivered,1358
2018-10-04,687524002,2,UPI,687524002.0,No return,Not Returned,Delivered,4030
2018-10-28,576775012,2,UPI,576775012.0,7 days return,Not Returned,Delivered,1725
2018-09-21,573716039,2,UPI,573716039.0,15 days return,Not Returned,Delivered,2456
2018-10-29,713124001,2,Card,713124001.0,7 days return,Not Returned,Delivered,4187
2018-09-20,547752003,2,UPI,547752003.0,15 days return,Not Returned,Delivered,625
2018-10-14,550471024,2,UPI,550471024.0,15 days return,Not Returned,Delivered,2139
2018-10-24,670655002,2,Card,670655002.0,No return,,Not Delivered (Wrong Item),3699
2018-10-19,399223001,2,UPI,399223001.0,15 days return,Not Returned,Delivered,1499
2018-09-28,592959010,2,Card,592959010.0,No return,Not Returned,Delivered,4308
2018-10-22,648738021,2,Card,648738021.0,No return,Not Returned,Delivered,2579
2018-10-24,678224001,2,UPI,678224001.0,No return,Not Returned,Delivered,2853
2018-10-09,625819001,2,UPI,625819001.0,No return,Not Returned,Delivered,4182
2018-10-26,564048010,2,UPI,564048010.0,No return,Not Returned,Delivered,3306
2018-09-26,637103001,2,UPI,637103001.0,No return,Not Returned,Delivered,2290
2018-10-31,620405001,2,Card,620405001.0,7 days return,Not Returned,Delivered,4701
2018-10-02,600756001,2,UPI,600756001.0,No return,Not Returned,Delivered,49
2018-09-28,355569046,2,Card,355569046.0,7 days return,Not Returned,Delivered,4981
2018-10-25,476315028,2,Card,476315028.0,No return,Not Returned,Delivered,4323
2018-10-14,721991004,1,Cash,721991004.0,15 days return,Returned,Delivered,3544
2018-10-24,656059003,1,Cash,656059003.0,15 days return,Not Returned,Delivered,3008
2018-10-20,516656001,2,UPI,516656001.0,7 days return,Returned,Delivered,427
2018-09-25,399223001,2,Card,399223001.0,15 days return,Not Returned,Delivered,413
2018-10-27,496111022,1,Cash,496111022.0,15 days return,Returned,Delivered,4718
2018-10-10,554450005,2,UPI,554450005.0,15 days return,Returned,Delivered,1934
2018-10-08,685170002,2,UPI,685170002.0,15 days return,,Not Delivered (Others),2326
2018-10-11,567692003,2,Card,567692003.0,No return,Not Returned,Delivered,987
2018-10-10,516000001,2,UPI,516000001.0,No return,Not Returned,Delivered,824
2018-10-17,574684002,2,UPI,574684002.0,No return,Not Returned,Delivered,3582
2018-10-27,611929006,2,Card,611929006.0,15 days return,Returned,Delivered,4575
2018-10-20,611024001,1,Card,611024001.0,15 days return,Returned,Delivered,4457
2018-09-29,686631002,1,Card,686631002.0,No return,Not Returned,Delivered,3089
2018-09-28,451380001,2,UPI,451380001.0,15 days return,,Not Delivered (Others),4833
2018-09-21,610776001,1,UPI,610776001.0,No return,Not Returned,Delivered,212
2018-10-29,663236004,2,Card,663236004.0,15 days return,Not Returned,Delivered,2423
2018-10-11,613456001,1,UPI,613456001.0,7 days return,Returned,Delivered,4617
2018-10-12,529953007,2,UPI,529953007.0,No return,Not Returned,Delivered,1136
2018-10-22,611628002,2,UPI,611628002.0,No return,Not Returned,Delivered,1079
2018-09-26,504154018,2,Card,504154018.0,7 days return,Returned,Delivered,4479
2018-10-27,602540001,2,UPI,602540001.0,7 days return,Not Returned,Delivered,889
2018-10-29,657795003,2,UPI,657795003.0,No return,Not Returned,Delivered,1380
2018-10-17,721488006,2,UPI,721488006.0,7 days return,Not Returned,Delivered,323
2018-09-26,640807002,2,UPI,640807002.0,No return,Not Returned,Delivered,941
2018-10-14,588335001,2,UPI,588335001.0,No return,Not Returned,Delivered,1554
2018-10-09,510075010,2,UPI,510075010.0,15 days return,Not Returned,Delivered,2784
2018-09-21,396135041,2,UPI,396135041.0,No return,Not Returned,Delivered,3377
2018-09-29,562245058,1,UPI,562245058.0,15 days return,Not Returned,Delivered,1282
2018-10-17,521302004,1,Cash,521302004.0,15 days return,Returned,Delivered,3278
2018-09-26,636587010,1,UPI,636587010.0,No return,Not Returned,Delivered,2925
2018-09-29,663396001,1,UPI,663396001.0,No return,Not Returned,Delivered,214
2018-10-21,690478001,2,UPI,690478001.0,15 days return,,Not Delivered (Wrong Item),4947
2018-10-03,519749046,1,UPI,519749046.0,No return,,Not Delivered (Others),2314
2018-10-08,629823003,1,UPI,629823003.0,7 days return,Returned,Delivered,4118
2018-10-13,649671001,1,UPI,649671001.0,7 days return,,Not Delivered (Wrong Item),2044
2018-10-13,586310001,2,UPI,586310001.0,7 days return,Not Returned,Delivered,3045
2018-09-26,358483007,2,Cash,358483007.0,15 days return,Returned,Delivered,545
2018-10-13,688873012,1,Card,688873012.0,15 days return,Returned,Delivered,2096
2018-10-22,669895001,2,UPI,669895001.0,7 days return,Returned,Delivered,2731
2018-10-26,647881001,2,UPI,647881001.0,15 days return,Returned,Delivered,1706
2018-09-29,623980004,2,UPI,623980004.0,15 days return,Not Returned,Delivered,2409
2018-09-24,618480002,2,Card,618480002.0,No return,Not Returned,Delivered,1058
2018-09-29,661162003,2,Card,661162003.0,No return,Not Returned,Delivered,908
2018-10-10,691574001,2,UPI,691574001.0,15 days return,,Not Delivered (Wrong Item),1276
2018-10-29,643985001,2,Card,643985001.0,15 days return,,Not Delivered (Others),4927
2018-10-17,652924004,2,Card,652924004.0,7 days return,Returned,Delivered,4492
2018-09-21,568601008,2,Card,568601008.0,15 days return,Not Returned,Delivered,3254
2018-10-27,619207002,2,UPI,619207002.0,7 days return,Returned,Delivered,1259
2018-10-31,493810023,2,Cash,493810023.0,15 days return,Not Returned,Delivered,2455
2018-10-22,683662005,2,UPI,683662005.0,7 days return,Not Returned,Delivered,3589
2018-10-02,554141003,2,Card,554141003.0,15 days return,Not Returned,Delivered,3088
2018-10-19,595779002,1,UPI,595779002.0,No return,Not Returned,Delivered,4493
2018-09-29,628979006,2,UPI,628979006.0,No return,Not Returned,Delivered,579
2018-10-22,589376007,2,UPI,589376007.0,No return,Not Returned,Delivered,4053
2018-10-01,572400013,1,UPI,572400013.0,7 days return,Returned,Delivered,4403
2018-09-27,565200018,1,UPI,565200018.0,7 days return,Not Returned,Delivered,4595
2018-11-01,575141001,2,Card,575141001.0,7 days return,Returned,Delivered,2304
2018-10-27,696435001,1,Card,696435001.0,7 days return,Not Returned,Delivered,2763
2018-10-12,656388005,1,UPI,656388005.0,7 days return,Not Returned,Delivered,347
2018-10-23,640865001,2,Card,640865001.0,No return,Not Returned,Delivered,3697
2018-09-28,595021001,2,UPI,595021001.0,7 days return,Not Returned,Delivered,977
2018-10-10,399223030,2,UPI,399223030.0,7 days return,Returned,Delivered,352
2018-09-24,683662008,2,UPI,683662008.0,No return,Not Returned,Delivered,2294
2018-10-13,645065015,2,Cash,645065015.0,15 days return,Not Returned,Delivered,3512
2018-10-27,675139001,2,Card,675139001.0,7 days return,Returned,Delivered,2243
2018-10-17,591334016,1,UPI,591334016.0,No return,Not Returned,Delivered,327
2018-10-19,690478001,2,UPI,690478001.0,15 days return,Not Returned,Delivered,4004
2018-09-25,539723003,1,Cash,539723003.0,No return,Not Returned,Delivered,1965
2018-10-17,589855004,2,UPI,589855004.0,No return,Not Returned,Delivered,235
2018-09-23,685687003,2,UPI,685687003.0,No return,Not Returned,Delivered,3716
2018-09-28,640677002,1,UPI,640677002.0,15 days return,Not Returned,Delivered,3726
2018-10-20,608769005,1,UPI,608769005.0,15 days return,Not Returned,Delivered,4417
2018-10-17,573716002,1,Card,573716002.0,15 days return,Returned,Delivered,3747
2018-09-23,643987001,1,UPI,643987001.0,7 days return,Not Returned,Delivered,3665
2018-10-12,595080001,2,UPI,595080001.0,7 days return,Returned,Delivered,1725
2018-10-17,586898001,2,UPI,586898001.0,No return,Not Returned,Delivered,1765
2018-10-25,687365001,1,UPI,687365001.0,15 days return,Not Returned,Delivered,3533
2018-09-23,633130001,2,UPI,633130001.0,7 days return,Not Returned,Delivered,3247
2018-10-06,507909022,2,Card,507909022.0,7 days return,Not Returned,Delivered,2518
2018-10-02,685687001,2,UPI,685687001.0,No return,Not Returned,Delivered,779
2018-09-30,674023001,2,Card,674023001.0,15 days return,Not Returned,Delivered,4748
2018-09-20,664421002,2,UPI,664421002.0,7 days return,Not Returned,Delivered,66
2018-10-01,662980001,2,UPI,662980001.0,7 days return,Returned,Delivered,1309
2018-10-10,620405001,2,UPI,620405001.0,7 days return,Not Returned,Delivered,1501
2018-10-27,399201023,1,UPI,399201023.0,15 days return,Returned,Delivered,2366
2018-10-26,567475001,2,Card,567475001.0,7 days return,Returned,Delivered,131
2018-10-29,610776037,2,Card,610776037.0,7 days return,Not Returned,Delivered,1682
2018-10-03,594264003,1,Card,594264003.0,15 days return,Not Returned,Delivered,2987
2018-10-08,657476002,1,UPI,657476002.0,7 days return,Not Returned,Delivered,701
2018-10-31,562245001,2,UPI,562245001.0,15 days return,Not Returned,Delivered,2025
2018-09-29,587026013,1,UPI,587026013.0,15 days return,,Not Delivered (Wrong Item),32
2018-09-24,662888003,1,UPI,662888003.0,No return,Not Returned,Delivered,2262
2018-10-05,614460001,2,Cash,614460001.0,No return,Not Returned,Delivered,3150
2018-10-11,637549012,1,Card,637549012.0,No return,Not Returned,Delivered,1113
2018-10-07,670152003,2,Card,670152003.0,15 days return,Returned,Delivered,3265
2018-09-29,562245042,1,UPI,562245042.0,15 days return,Not Returned,Delivered,705
2018-10-11,691208001,2,UPI,691208001.0,15 days return,Not Returned,Delivered,1354
2018-10-17,657285002,2,Cash,657285002.0,7 days return,Not Returned,Delivered,1495
2018-10-28,665290002,2,UPI,665290002.0,7 days return,Not Returned,Delivered,4664
2018-10-11,397068012,1,Card,397068012.0,No return,Not Returned,Delivered,2516
2018-10-19,613456007,2,UPI,613456007.0,No return,Not Returned,Delivered,2638
2018-10-25,613246006,2,UPI,613246006.0,7 days return,Returned,Delivered,1104
2018-10-14,664133001,2,Card,664133001.0,15 days return,,Not Delivered (Others),2130
2018-10-09,702624001,1,Cash,702624001.0,15 days return,Not Returned,Delivered,2817
2018-10-13,673638001,1,UPI,673638001.0,15 days return,Not Returned,Delivered,3660
2018-10-22,680492001,2,UPI,680492001.0,No return,Not Returned,Delivered,3271
2018-09-29,637255010,2,UPI,637255010.0,7 days return,Returned,Delivered,3867
2018-10-31,650759003,2,UPI,650759003.0,15 days return,Not Returned,Delivered,2031
2018-09-29,674336002,1,UPI,674336002.0,15 days return,Not Returned,Delivered,1925
2018-09-26,662935001,2,UPI,662935001.0,No return,Not Returned,Delivered,1389
2018-09-21,636351001,2,Cash,636351001.0,15 days return,Not Returned,Delivered,4453
2018-09-25,662980002,2,UPI,662980002.0,No return,Not Returned,Delivered,4730
2018-09-23,592975020,2,UPI,592975020.0,No return,Not Returned,Delivered,4927
2018-10-25,496111019,1,UPI,496111019.0,No return,Not Returned,Delivered,1009
2018-10-01,657970001,2,UPI,657970001.0,No return,Not Returned,Delivered,1219
2018-09-26,641168001,2,UPI,641168001.0,7 days return,Not Returned,Delivered,569
2018-10-21,499243001,2,UPI,499243001.0,7 days return,,Not Delivered (Others),694
2018-10-05,557248005,2,UPI,557248005.0,7 days return,Returned,Delivered,3157
2018-11-01,464695004,2,UPI,464695004.0,15 days return,Not Returned,Delivered,3595
2018-10-10,436261001,2,UPI,436261001.0,7 days return,,Not Delivered (Wrong Item),4563
2018-10-18,608458001,2,UPI,608458001.0,15 days return,Returned,Delivered,115
2018-10-11,614044003,2,UPI,614044003.0,No return,Not Returned,Delivered,176
2018-10-11,594581029,2,UPI,594581029.0,15 days return,Not Returned,Delivered,4018
2018-10-10,658514003,2,Card,658514003.0,15 days return,,Not Delivered (Others),2054
2018-10-06,610776020,1,UPI,610776020.0,7 days return,Not Returned,Delivered,4044
2018-10-01,644762001,2,UPI,644762001.0,No return,Not Returned,Delivered,4583
2018-10-18,530176001,2,UPI,530176001.0,No return,Not Returned,Delivered,2301
2018-10-07,678063001,2,UPI,678063001.0,15 days return,,Not Delivered (Wrong Item),3167
2018-10-22,397688006,2,UPI,397688006.0,7 days return,Returned,Delivered,2727
2018-10-15,714488001,2,Card,714488001.0,7 days return,Returned,Delivered,2126
2018-10-02,524825010,2,UPI,524825010.0,7 days return,Returned,Delivered,3014
2018-10-16,549251012,2,Card,549251012.0,7 days return,Not Returned,Delivered,406
2018-10-01,573716028,2,UPI,573716028.0,15 days return,Not Returned,Delivered,3864
2018-10-23,448515018,1,Card,448515018.0,15 days return,Not Returned,Delivered,582
2018-10-28,663588001,2,UPI,663588001.0,7 days return,Returned,Delivered,1171
2018-10-10,615678005,2,Cash,615678005.0,15 days return,Not Returned,Delivered,1266
2018-10-28,688463001,2,UPI,688463001.0,15 days return,Not Returned,Delivered,842
2018-09-28,692454002,2,UPI,692454002.0,No return,Not Returned,Delivered,2323
2018-09-29,108775015,1,UPI,108775015.0,15 days return,Not Returned,Delivered,149
2018-10-27,557247001,2,Card,557247001.0,No return,Not Returned,Delivered,1091
2018-10-31,662344005,1,UPI,662344005.0,15 days return,Not Returned,Delivered,889
2018-10-21,693387002,1,UPI,693387002.0,7 days return,Not Returned,Delivered,2958
2018-09-29,341242001,1,Card,341242001.0,15 days return,Not Returned,Delivered,3154
2018-09-29,504154027,2,Cash,504154027.0,No return,,Not Delivered (Wrong Item),3743
2018-09-29,516903007,1,Card,516903007.0,15 days return,Not Returned,Delivered,1328
2018-09-29,545396033,1,UPI,545396033.0,7 days return,Not Returned,Delivered,126
2018-10-04,672899001,2,UPI,672899001.0,No return,Not Returned,Delivered,807
2018-09-21,645065014,2,UPI,645065014.0,15 days return,Not Returned,Delivered,2456
2018-10-10,554450011,2,Card,554450011.0,7 days return,,Not Delivered (Wrong Item),1987
2018-10-17,509210005,2,UPI,509210005.0,7 days return,Not Returned,Delivered,1414
2018-10-13,667379002,2,UPI,667379002.0,7 days return,Returned,Delivered,4115
2018-10-20,661166001,1,UPI,661166001.0,7 days return,Not Returned,Delivered,3043
2018-10-16,676255002,2,Card,676255002.0,15 days return,Not Returned,Delivered,3996
2018-10-16,572990001,2,UPI,572990001.0,No return,Not Returned,Delivered,2844
2018-10-13,581831010,2,UPI,581831010.0,15 days return,Not Returned,Delivered,1674
2018-09-23,558428001,2,Card,558428001.0,7 days return,Returned,Delivered,85
2018-10-20,148033001,1,UPI,148033001.0,No return,Not Returned,Delivered,2057
2018-10-22,710899003,1,Card,710899003.0,15 days return,Not Returned,Delivered,2234
2018-10-10,510075007,2,Card,510075007.0,No return,Not Returned,Delivered,36
2018-10-23,677930003,2,UPI,677930003.0,No return,Not Returned,Delivered,4936
2018-10-05,669713001,1,UPI,669713001.0,15 days return,Not Returned,Delivered,1091
2018-09-24,610776001,2,UPI,610776001.0,No return,,Not Delivered (Others),3548
2018-09-27,636935009,2,UPI,636935009.0,7 days return,,Not Delivered (Others),1159
2018-10-24,312878001,2,UPI,312878001.0,15 days return,Not Returned,Delivered,535
2018-10-28,618398007,2,Card,618398007.0,No return,Not Returned,Delivered,4299
2018-10-17,666448007,2,UPI,666448007.0,7 days return,Not Returned,Delivered,4072
2018-10-30,355072003,1,Card,355072003.0,No return,Not Returned,Delivered,3169
2018-10-10,539723001,2,Cash,539723001.0,15 days return,Not Returned,Delivered,3448
2018-09-29,633377002,2,Card,633377002.0,No return,Not Returned,Delivered,3201
2018-10-19,537116001,1,UPI,537116001.0,7 days return,Returned,Delivered,4944
2018-10-23,611024001,1,UPI,611024001.0,15 days return,,Not Delivered (Others),1191
2018-10-15,669363001,2,UPI,669363001.0,15 days return,Not Returned,Delivered,393
2018-10-31,633130014,2,UPI,633130014.0,15 days return,Not Returned,Delivered,1622
2018-09-29,640252006,2,UPI,640252006.0,7 days return,Returned,Delivered,3506
2018-10-24,630116017,1,UPI,630116017.0,7 days return,Not Returned,Delivered,2944
2018-10-16,660312001,2,Cash,660312001.0,7 days return,Returned,Delivered,909
2018-10-30,687524002,2,Card,687524002.0,No return,Not Returned,Delivered,3059
2018-09-28,703991001,2,UPI,703991001.0,7 days return,Not Returned,Delivered,1626
2018-09-29,640252001,1,UPI,640252001.0,7 days return,,Not Delivered (Wrong Item),3317
2018-09-29,665725003,2,Card,665725003.0,15 days return,Not Returned,Delivered,3504
2018-10-25,616835004,2,UPI,616835004.0,7 days return,Not Returned,Delivered,281
2018-10-23,484398001,2,UPI,484398001.0,No return,Not Returned,Delivered,2940
2018-09-21,669892001,2,UPI,669892001.0,7 days return,Not Returned,Delivered,3484
2018-10-19,595779002,1,UPI,595779002.0,No return,Not Returned,Delivered,1871
2018-10-17,688873009,1,UPI,688873009.0,7 days return,Not Returned,Delivered,4031
2018-10-06,651336001,1,UPI,651336001.0,No return,Not Returned,Delivered,370
2018-09-27,532578008,2,UPI,532578008.0,7 days return,,Not Delivered (Wrong Item),4228
2018-10-10,524825011,2,UPI,524825011.0,15 days return,Not Returned,Delivered,4029
2018-10-05,665703001,2,UPI,665703001.0,7 days return,Not Returned,Delivered,3781
2018-10-31,626704003,2,Cash,626704003.0,7 days return,Not Returned,Delivered,3429
2018-10-11,568556002,2,UPI,568556002.0,No return,Not Returned,Delivered,3939
2018-10-14,660147001,2,Cash,660147001.0,No return,Not Returned,Delivered,2194
2018-10-05,663396002,1,UPI,663396002.0,15 days return,Not Returned,Delivered,2160
2018-10-22,610216001,2,UPI,610216001.0,No return,Not Returned,Delivered,2940
2018-10-20,556527010,2,UPI,556527010.0,7 days return,,Not Delivered (Wrong Item),3979
2018-09-24,576656004,2,Card,576656004.0,No return,Not Returned,Delivered,722
2018-09-28,539723002,2,UPI,539723002.0,15 days return,Not Returned,Delivered,3150
2018-10-28,661162001,2,Card,661162001.0,7 days return,Not Returned,Delivered,2092
2018-09-29,649510001,2,UPI,649510001.0,7 days return,Not Returned,Delivered,3810
2018-10-10,327821029,2,Card,327821029.0,No return,Not Returned,Delivered,2580
2018-10-18,740234001,2,UPI,740234001.0,No return,Not Returned,Delivered,3579
2018-10-24,639677001,1,UPI,639677001.0,15 days return,,Not Delivered (Wrong Item),4752
2018-09-21,501820004,1,UPI,501820004.0,15 days return,Not Returned,Delivered,409
2018-10-25,643463002,1,UPI,643463002.0,15 days return,Returned,Delivered,801
2018-09-21,637352001,2,UPI,637352001.0,15 days return,Not Returned,Delivered,117
2018-09-22,583534009,2,UPI,583534009.0,7 days return,Not Returned,Delivered,4756
2018-10-03,662085001,2,UPI,662085001.0,No return,Not Returned,Delivered,3083
2018-09-29,514182003,2,UPI,514182003.0,15 days return,Not Returned,Delivered,825
2018-10-16,632813005,2,UPI,632813005.0,15 days return,Not Returned,Delivered,3298
2018-10-01,699566001,2,Card,699566001.0,15 days return,Not Returned,Delivered,611
2018-09-23,211143040,2,UPI,211143040.0,15 days return,Returned,Delivered,339
2018-11-01,581542001,2,UPI,581542001.0,No return,Not Returned,Delivered,4098
2018-10-04,600229002,1,UPI,600229002.0,7 days return,Not Returned,Delivered,3988
2018-10-13,583558001,2,UPI,583558001.0,15 days return,Not Returned,Delivered,4941
2018-10-20,688873016,2,UPI,688873016.0,No return,Not Returned,Delivered,323
2018-10-10,649407003,2,UPI,649407003.0,15 days return,Returned,Delivered,2609
2018-09-29,636585004,1,UPI,636585004.0,No return,Not Returned,Delivered,2656
2018-10-11,625939003,2,UPI,625939003.0,No return,Not Returned,Delivered,4026
2018-09-25,663034002,1,UPI,663034002.0,15 days return,Returned,Delivered,4847
2018-10-24,626263001,1,UPI,626263001.0,No return,Not Returned,Delivered,3336
2018-10-20,533230001,2,UPI,533230001.0,No return,Not Returned,Delivered,4555
2018-09-25,583534010,2,UPI,583534010.0,No return,Not Returned,Delivered,2008
2018-10-07,714367001,2,UPI,714367001.0,15 days return,Not Returned,Delivered,282
2018-10-13,399136061,2,UPI,399136061.0,No return,Not Returned,Delivered,2032
2018-10-16,653404003,1,UPI,653404003.0,7 days return,Not Returned,Delivered,438
2018-10-12,626263002,1,UPI,626263002.0,7 days return,Returned,Delivered,2980
2018-09-27,574109014,1,Cash,574109014.0,15 days return,Returned,Delivered,4521
2018-10-02,565379001,1,UPI,565379001.0,7 days return,Returned,Delivered,656
2018-10-28,566592008,2,UPI,566592008.0,7 days return,Not Returned,Delivered,2748
2018-11-01,539723006,2,Card,539723006.0,No return,Not Returned,Delivered,595
2018-09-21,669034002,2,UPI,669034002.0,15 days return,Not Returned,Delivered,3646
2018-10-07,637549003,1,UPI,637549003.0,7 days return,Not Returned,Delivered,1951
2018-10-04,662948003,1,Card,662948003.0,No return,Not Returned,Delivered,3859
2018-09-26,650696002,2,UPI,650696002.0,No return,Not Returned,Delivered,44
2018-10-25,539296001,2,UPI,539296001.0,15 days return,Not Returned,Delivered,255
2018-10-27,688873005,1,UPI,688873005.0,7 days return,Returned,Delivered,245
2018-10-25,651082010,2,UPI,651082010.0,15 days return,Not Returned,Delivered,3187
2018-09-26,588689001,2,UPI,588689001.0,15 days return,Not Returned,Delivered,981
2018-10-22,535035001,2,Card,535035001.0,7 days return,Not Returned,Delivered,2568
2018-10-03,671102001,2,UPI,671102001.0,7 days return,,Not Delivered (Others),2339
2018-10-06,583787005,2,UPI,583787005.0,7 days return,Returned,Delivered,2223
2018-10-04,659460001,2,UPI,659460001.0,7 days return,Not Returned,Delivered,1987
2018-09-28,639192002,1,UPI,639192002.0,No return,Not Returned,Delivered,823
2018-10-20,252298002,2,UPI,252298002.0,No return,Not Returned,Delivered,3397
2018-09-28,560270008,2,UPI,560270008.0,15 days return,Not Returned,Delivered,2290
2018-09-29,615959005,2,Card,615959005.0,No return,Not Returned,Delivered,2214
2018-10-23,664133002,2,UPI,664133002.0,15 days return,Not Returned,Delivered,1434
2018-09-27,656686001,1,Cash,656686001.0,No return,Not Returned,Delivered,2332
2018-09-28,574109013,1,UPI,574109013.0,15 days return,Not Returned,Delivered,4825
2018-09-23,552370002,2,UPI,552370002.0,No return,Not Returned,Delivered,3281
2018-10-25,556527004,2,UPI,556527004.0,No return,,Not Delivered (Others),4767
2018-09-23,610709001,2,UPI,610709001.0,No return,Not Returned,Delivered,339
2018-09-29,557248023,2,UPI,557248023.0,15 days return,Not Returned,Delivered,4553
2018-10-26,355072002,2,UPI,355072002.0,No return,Not Returned,Delivered,1647
2018-10-29,547747001,2,Card,547747001.0,7 days return,Returned,Delivered,1611
2018-10-09,631749001,2,UPI,631749001.0,7 days return,Not Returned,Delivered,3668
2018-09-29,545396005,1,Cash,545396005.0,No return,Not Returned,Delivered,126
2018-09-29,675136001,1,UPI,675136001.0,7 days return,Not Returned,Delivered,3649
2018-09-29,634333002,1,UPI,634333002.0,7 days return,Not Returned,Delivered,1417
2018-10-19,450056005,2,UPI,450056005.0,7 days return,Not Returned,Delivered,2100
2018-09-20,617900007,2,UPI,617900007.0,7 days return,Returned,Delivered,999
2018-10-14,578630005,2,UPI,578630005.0,15 days return,Returned,Delivered,1554
2018-10-28,237222012,2,UPI,237222012.0,15 days return,Not Returned,Delivered,998
2018-10-22,615797001,2,UPI,615797001.0,7 days return,Returned,Delivered,2290
2018-09-29,676512001,1,Card,676512001.0,7 days return,Not Returned,Delivered,190
2018-10-06,589855001,2,Card,589855001.0,7 days return,Not Returned,Delivered,1348
2018-09-26,669215002,2,UPI,669215002.0,No return,Not Returned,Delivered,723
2018-10-29,651465004,1,Card,651465004.0,15 days return,Returned,Delivered,243
2018-09-29,399061007,2,UPI,399061007.0,No return,Not Returned,Delivered,4629
2018-10-19,527208002,2,UPI,527208002.0,No return,Not Returned,Delivered,3479
2018-10-23,397068012,1,UPI,397068012.0,No return,Not Returned,Delivered,300
2018-10-07,678342002,2,UPI,678342002.0,15 days return,,Not Delivered (Others),1260
2018-10-30,661306011,2,UPI,661306011.0,No return,Not Returned,Delivered,4849
2018-10-10,628466002,2,UPI,628466002.0,15 days return,Not Returned,Delivered,4029
2018-10-28,680188001,2,UPI,680188001.0,7 days return,Not Returned,Delivered,394
2018-10-05,655691001,2,UPI,655691001.0,15 days return,Not Returned,Delivered,3781
2018-10-03,687524002,2,Card,687524002.0,No return,Not Returned,Delivered,3096
2018-09-26,610776024,1,UPI,610776024.0,7 days return,Returned,Delivered,3111
2018-10-10,714430001,2,UPI,714430001.0,15 days return,,Not Delivered (Others),494
2018-10-18,606023004,2,UPI,606023004.0,No return,Not Returned,Delivered,3768
2018-10-30,399256001,2,UPI,399256001.0,No return,,Not Delivered (Others),254
2018-10-26,573085020,2,UPI,573085020.0,15 days return,Not Returned,Delivered,2642
2018-10-06,672590001,1,Card,672590001.0,7 days return,Not Returned,Delivered,2836
2018-09-26,637515011,1,Card,637515011.0,7 days return,Returned,Delivered,1168
2018-10-26,539723003,2,UPI,539723003.0,No return,Not Returned,Delivered,2553
2018-10-19,663498002,1,Cash,663498002.0,15 days return,Not Returned,Delivered,3874
2018-10-14,675757001,1,Card,675757001.0,7 days return,Not Returned,Delivered,4904
2018-10-17,677930003,2,Cash,677930003.0,No return,Not Returned,Delivered,1307
2018-10-21,662980003,2,UPI,662980003.0,15 days return,Not Returned,Delivered,1192
2018-09-29,626443003,1,Cash,626443003.0,7 days return,Not Returned,Delivered,4545
2018-10-25,657168001,1,UPI,657168001.0,15 days return,,Not Delivered (Wrong Item),1751
2018-10-23,554450026,1,Card,554450026.0,7 days return,Not Returned,Delivered,1094
2018-10-27,666448005,2,UPI,666448005.0,7 days return,Not Returned,Delivered,2739
2018-11-01,655265001,1,UPI,655265001.0,No return,Not Returned,Delivered,147
2018-10-11,649397003,1,Card,649397003.0,7 days return,Not Returned,Delivered,2527
2018-10-24,512237002,2,UPI,512237002.0,No return,,Not Delivered (Others),2853
2018-09-29,619148003,1,UPI,619148003.0,15 days return,Not Returned,Delivered,3236
2018-10-19,674528004,2,UPI,674528004.0,No return,Not Returned,Delivered,598
2018-10-04,569986003,1,UPI,569986003.0,15 days return,,Not Delivered (Wrong Item),3235
2018-10-28,610747002,2,UPI,610747002.0,7 days return,Not Returned,Delivered,394
2018-10-01,355569002,1,Card,355569002.0,No return,Not Returned,Delivered,4238
2018-09-25,586307004,2,UPI,586307004.0,No return,Not Returned,Delivered,3706
2018-09-23,688873004,2,Card,688873004.0,No return,Not Returned,Delivered,521
2018-09-21,561814002,2,UPI,561814002.0,7 days return,,Not Delivered (Others),1765
2018-10-09,516000001,1,Cash,516000001.0,No return,Not Returned,Delivered,4440
2018-09-24,666448001,1,Card,666448001.0,7 days return,Not Returned,Delivered,3777
2018-10-15,504155018,1,UPI,504155018.0,7 days return,Returned,Delivered,2365
2018-09-20,397068015,1,UPI,397068015.0,No return,Not Returned,Delivered,102
2018-10-13,380193006,2,UPI,380193006.0,No return,,Not Delivered (Wrong Item),3996
2018-09-29,634009004,2,UPI,634009004.0,15 days return,Returned,Delivered,4358
2018-09-25,399256023,1,Cash,399256023.0,15 days return,Not Returned,Delivered,2775
2018-10-13,703843003,1,UPI,703843003.0,No return,Not Returned,Delivered,3684
2018-10-08,695301001,2,UPI,695301001.0,15 days return,Not Returned,Delivered,4371
2018-10-24,573856001,2,Card,573856001.0,7 days return,Not Returned,Delivered,3488
2018-10-10,642548003,2,UPI,642548003.0,7 days return,Not Returned,Delivered,1954
2018-09-23,657497007,2,UPI,657497007.0,No return,Not Returned,Delivered,4106
2018-10-26,524825013,2,UPI,524825013.0,15 days return,Not Returned,Delivered,3355
2018-09-29,673901003,2,UPI,673901003.0,7 days return,Not Returned,Delivered,4351
2018-09-21,158340001,1,UPI,158340001.0,15 days return,,Not Delivered (Others),537
2018-10-20,660599004,1,UPI,660599004.0,No return,Not Returned,Delivered,3797
2018-10-11,683662006,2,UPI,683662006.0,7 days return,Not Returned,Delivered,3719
2018-10-29,671833001,2,UPI,671833001.0,15 days return,Returned,Delivered,1314
2018-09-25,519749046,1,UPI,519749046.0,No return,Not Returned,Delivered,1078
2018-10-11,679986005,2,UPI,679986005.0,7 days return,,Not Delivered (Others),2373
2018-09-29,566592024,1,UPI,566592024.0,No return,Not Returned,Delivered,1157
2018-09-25,591334003,1,UPI,591334003.0,15 days return,Not Returned,Delivered,4360
2018-10-14,504154021,1,UPI,504154021.0,15 days return,,Not Delivered (Others),1211
2018-10-23,687720001,1,UPI,687720001.0,7 days return,Not Returned,Delivered,65
2018-10-08,663679001,2,UPI,663679001.0,15 days return,Not Returned,Delivered,3932
2018-10-23,657925001,2,Cash,657925001.0,No return,Not Returned,Delivered,526
2018-10-18,189616007,2,UPI,189616007.0,No return,Not Returned,Delivered,812
2018-10-07,569929001,2,UPI,569929001.0,15 days return,Not Returned,Delivered,3979
2018-09-23,685687001,2,UPI,685687001.0,No return,Not Returned,Delivered,1327
2018-10-23,649437001,2,Card,649437001.0,7 days return,Not Returned,Delivered,1388
2018-10-14,662888003,2,UPI,662888003.0,No return,Not Returned,Delivered,4069
2018-10-03,680586005,1,UPI,680586005.0,15 days return,Not Returned,Delivered,3869
2018-09-30,657395007,2,Cash,657395007.0,15 days return,Not Returned,Delivered,4641
2018-10-06,629023007,1,UPI,629023007.0,7 days return,,Not Delivered (Wrong Item),1471
2018-09-27,580331001,2,Cash,580331001.0,15 days return,Returned,Delivered,4881
2018-10-09,658298002,2,UPI,658298002.0,15 days return,Not Returned,Delivered,964
2018-10-13,570002024,1,UPI,570002024.0,15 days return,Returned,Delivered,4698
2018-10-06,639835005,2,UPI,639835005.0,No return,Not Returned,Delivered,782
2018-09-25,618689003,2,UPI,618689003.0,15 days return,Returned,Delivered,388
2018-09-23,640176002,2,UPI,640176002.0,15 days return,Not Returned,Delivered,1707
2018-10-29,537688015,2,UPI,537688015.0,7 days return,Returned,Delivered,1748
2018-10-17,619636003,2,UPI,619636003.0,7 days return,Not Returned,Delivered,2940
2018-10-28,665290001,2,UPI,665290001.0,7 days return,,Not Delivered (Others),4664
2018-09-28,537612016,1,Cash,537612016.0,No return,Not Returned,Delivered,3017
2018-11-01,710390001,2,Card,710390001.0,15 days return,Not Returned,Delivered,4551
2018-09-23,592975020,2,Card,592975020.0,No return,Not Returned,Delivered,339
2018-10-25,516903005,2,Card,516903005.0,15 days return,Not Returned,Delivered,4434
2018-10-20,665300005,2,Card,665300005.0,7 days return,,Not Delivered (Others),4636
2018-10-15,666448006,2,UPI,666448006.0,7 days return,Returned,Delivered,1789
2018-10-15,684186002,1,UPI,684186002.0,No return,Not Returned,Delivered,2044
2018-10-16,684890001,2,UPI,684890001.0,No return,Not Returned,Delivered,3202
2018-10-06,523936019,1,Card,523936019.0,7 days return,Not Returned,Delivered,1486
2018-10-17,666006004,2,UPI,666006004.0,7 days return,Not Returned,Delivered,4230
2018-10-25,579541035,1,UPI,579541035.0,No return,,Not Delivered (Others),1351
2018-10-28,623347003,2,UPI,623347003.0,15 days return,,Not Delivered (Others),276
2018-10-23,663016002,2,UPI,663016002.0,15 days return,Not Returned,Delivered,1459
2018-09-23,662888004,2,Card,662888004.0,15 days return,Not Returned,Delivered,3227
2018-09-26,464454004,2,Cash,464454004.0,7 days return,Returned,Delivered,3331
2018-10-22,572400002,2,UPI,572400002.0,No return,Not Returned,Delivered,1905
2018-10-08,318914026,1,Cash,318914026.0,15 days return,Not Returned,Delivered,4957
2018-10-24,723210001,2,Cash,723210001.0,No return,Not Returned,Delivered,1183
2018-09-23,562245050,2,Card,562245050.0,15 days return,Not Returned,Delivered,2114
2018-10-23,484398001,2,Card,484398001.0,No return,Not Returned,Delivered,2940
2018-10-05,674336007,1,UPI,674336007.0,No return,Not Returned,Delivered,4827
2018-10-28,679031001,2,UPI,679031001.0,15 days return,Returned,Delivered,2512
2018-10-28,657395001,2,UPI,657395001.0,No return,Not Returned,Delivered,2028
2018-10-20,598806001,2,UPI,598806001.0,7 days return,Not Returned,Delivered,1244
2018-10-07,554598001,2,UPI,554598001.0,15 days return,Not Returned,Delivered,912
2018-10-07,675378001,2,UPI,675378001.0,No return,Not Returned,Delivered,4639
2018-09-28,687365001,1,UPI,687365001.0,15 days return,,Not Delivered (Wrong Item),2673
2018-10-26,399223001,1,UPI,399223001.0,15 days return,Not Returned,Delivered,2915
2018-10-07,537116001,1,UPI,537116001.0,7 days return,Not Returned,Delivered,3864
2018-10-31,538699007,2,UPI,538699007.0,No return,Not Returned,Delivered,340
2018-10-27,661162001,1,UPI,661162001.0,7 days return,Not Returned,Delivered,20
2018-09-22,542730002,2,UPI,542730002.0,15 days return,Not Returned,Delivered,2688
2018-10-25,637549005,1,UPI,637549005.0,7 days return,Not Returned,Delivered,4408
2018-10-30,620625001,1,UPI,620625001.0,15 days return,Not Returned,Delivered,4292
2018-10-29,576653005,2,Card,576653005.0,No return,Not Returned,Delivered,481
2018-09-29,711521001,1,Cash,711521001.0,No return,,Not Delivered (Others),3283
2018-10-29,255396023,2,UPI,255396023.0,7 days return,,Not Delivered (Others),2563
2018-09-28,682028003,2,UPI,682028003.0,No return,Not Returned,Delivered,3582
2018-10-02,660712011,2,UPI,660712011.0,15 days return,Not Returned,Delivered,2871
2018-10-24,678239001,2,UPI,678239001.0,No return,Not Returned,Delivered,640
2018-10-04,673260002,2,Card,673260002.0,7 days return,Returned,Delivered,4788
2018-09-22,625316007,2,UPI,625316007.0,No return,Not Returned,Delivered,1126
2018-09-26,666448001,2,UPI,666448001.0,7 days return,Not Returned,Delivered,3260
2018-09-29,487827023,2,UPI,487827023.0,No return,,Not Delivered (Others),63
2018-10-15,677999001,2,UPI,677999001.0,15 days return,Not Returned,Delivered,1230
2018-09-29,682229001,1,UPI,682229001.0,No return,Not Returned,Delivered,2583
2018-10-11,660308003,2,UPI,660308003.0,7 days return,Returned,Delivered,2419
2018-10-30,562251006,2,Card,562251006.0,15 days return,Not Returned,Delivered,2912
2018-09-26,543689001,2,UPI,543689001.0,7 days return,Not Returned,Delivered,1470
2018-10-06,574109015,1,UPI,574109015.0,15 days return,Not Returned,Delivered,3761
2018-10-10,480093001,2,UPI,480093001.0,No return,Not Returned,Delivered,2592
2018-10-30,108775044,1,UPI,108775044.0,No return,Not Returned,Delivered,899
2018-10-15,717593001,2,Card,717593001.0,7 days return,Returned,Delivered,4682
2018-10-13,651253002,2,Card,651253002.0,15 days return,Not Returned,Delivered,3996
2018-10-09,662948003,2,UPI,662948003.0,No return,Not Returned,Delivered,4187
2018-10-17,557247003,1,UPI,557247003.0,7 days return,Returned,Delivered,3883
2018-10-15,703843001,2,UPI,703843001.0,15 days return,Not Returned,Delivered,1230
2018-10-10,611265002,2,UPI,611265002.0,15 days return,,Not Delivered (Wrong Item),3718
2018-09-26,631837001,2,UPI,631837001.0,No return,Not Returned,Delivered,1875
2018-10-04,436261001,1,UPI,436261001.0,7 days return,Not Returned,Delivered,1756
2018-10-10,537119003,1,UPI,537119003.0,No return,Not Returned,Delivered,524
2018-10-20,568861017,1,UPI,568861017.0,No return,Not Returned,Delivered,2730
2018-10-11,527687007,1,Card,527687007.0,15 days return,Not Returned,Delivered,4209
2018-10-17,535716001,2,UPI,535716001.0,7 days return,Not Returned,Delivered,1553
2018-10-22,562245034,2,UPI,562245034.0,7 days return,Not Returned,Delivered,672
2018-09-28,399256002,2,UPI,399256002.0,No return,Not Returned,Delivered,3051
2018-09-29,662888003,1,Card,662888003.0,No return,Not Returned,Delivered,3783
2018-10-24,576775012,2,UPI,576775012.0,7 days return,Returned,Delivered,3911
2018-09-25,673630001,1,UPI,673630001.0,No return,Not Returned,Delivered,3272
2018-10-21,652924001,2,UPI,652924001.0,7 days return,,Not Delivered (Wrong Item),1225
2018-10-31,493438025,1,UPI,493438025.0,7 days return,Returned,Delivered,3498
2018-10-12,631429002,2,UPI,631429002.0,15 days return,Not Returned,Delivered,1725
2018-10-05,662980002,1,Card,662980002.0,No return,Not Returned,Delivered,710
2018-10-11,660830004,2,Cash,660830004.0,No return,Not Returned,Delivered,3393
2018-10-12,594834002,2,UPI,594834002.0,7 days return,Not Returned,Delivered,4726
2018-09-24,688873001,2,UPI,688873001.0,No return,Not Returned,Delivered,358
2018-10-02,669895001,2,UPI,669895001.0,7 days return,Returned,Delivered,2734
2018-09-26,569974003,1,UPI,569974003.0,7 days return,Not Returned,Delivered,3149
2018-09-28,665660003,2,Card,665660003.0,15 days return,Returned,Delivered,544
2018-10-10,496111020,2,UPI,496111020.0,No return,Not Returned,Delivered,3169
2018-10-02,634701002,2,Card,634701002.0,7 days return,Not Returned,Delivered,4734
2018-10-27,610730016,1,Cash,610730016.0,15 days return,Not Returned,Delivered,2771
2018-09-28,639677002,2,UPI,639677002.0,7 days return,Returned,Delivered,4669
2018-10-02,558514001,1,Cash,558514001.0,15 days return,Not Returned,Delivered,2087
2018-10-01,456163024,2,UPI,456163024.0,No return,Not Returned,Delivered,3682
2018-10-02,411013002,2,UPI,411013002.0,15 days return,Not Returned,Delivered,724
2018-10-01,623434023,2,UPI,623434023.0,7 days return,,Not Delivered (Others),1050
2018-09-23,687424002,2,Card,687424002.0,7 days return,Returned,Delivered,2352
2018-10-30,674037001,2,UPI,674037001.0,No return,Not Returned,Delivered,118
2018-09-29,620216016,2,Card,620216016.0,7 days return,Not Returned,Delivered,2409
2018-09-23,640033002,2,Cash,640033002.0,7 days return,Not Returned,Delivered,210
2018-10-30,618899007,2,UPI,618899007.0,15 days return,Returned,Delivered,1613
2018-10-31,613246006,2,UPI,613246006.0,7 days return,,Not Delivered (Wrong Item),1495
2018-10-14,596400002,1,Card,596400002.0,7 days return,Not Returned,Delivered,4904
2018-09-28,695956002,2,UPI,695956002.0,15 days return,Not Returned,Delivered,4517
2018-09-29,672127001,2,Card,672127001.0,No return,Not Returned,Delivered,86
2018-10-17,662728004,2,UPI,662728004.0,No return,Not Returned,Delivered,503
2018-10-23,672590001,1,UPI,672590001.0,7 days return,Not Returned,Delivered,889
2018-10-20,556527010,2,Cash,556527010.0,7 days return,Returned,Delivered,3979
2018-09-24,664074002,1,Card,664074002.0,No return,Not Returned,Delivered,3217
2018-09-25,684210001,2,Card,684210001.0,15 days return,Not Returned,Delivered,201
2018-10-07,567815002,2,UPI,567815002.0,No return,Not Returned,Delivered,987
2018-10-31,554479001,2,UPI,554479001.0,15 days return,Returned,Delivered,3139
2018-09-27,630116001,1,Card,630116001.0,15 days return,Not Returned,Delivered,473
2018-10-28,598908003,2,Card,598908003.0,No return,Not Returned,Delivered,4299
2018-10-04,630116006,2,UPI,630116006.0,No return,Not Returned,Delivered,675
2018-10-28,703833001,2,UPI,703833001.0,No return,Not Returned,Delivered,4445
2018-10-26,487827007,2,Card,487827007.0,15 days return,Not Returned,Delivered,2642
2018-09-21,532578001,2,UPI,532578001.0,No return,,Not Delivered (Wrong Item),2364
2018-10-04,542533001,2,UPI,542533001.0,7 days return,Not Returned,Delivered,184
2018-10-20,534164013,2,UPI,534164013.0,No return,Not Returned,Delivered,4247
2018-10-30,674037001,2,UPI,674037001.0,No return,Not Returned,Delivered,254
2018-10-21,676191002,2,UPI,676191002.0,No return,Not Returned,Delivered,866
2018-09-30,570002007,1,UPI,570002007.0,No return,Not Returned,Delivered,2323
2018-10-07,524825010,2,Card,524825010.0,7 days return,Not Returned,Delivered,3167
2018-10-30,557248005,2,UPI,557248005.0,7 days return,Not Returned,Delivered,1572
2018-10-12,568504002,2,UPI,568504002.0,No return,Not Returned,Delivered,2077
2018-10-06,649010007,1,Card,649010007.0,15 days return,Not Returned,Delivered,3079
2018-10-27,593829031,2,UPI,593829031.0,15 days return,Not Returned,Delivered,321
2018-10-31,596365001,2,UPI,596365001.0,7 days return,Returned,Delivered,3914
2018-10-11,574109015,1,Cash,574109015.0,15 days return,Returned,Delivered,1344
2018-09-22,662728004,2,Card,662728004.0,No return,Not Returned,Delivered,1783
2018-10-17,615021015,2,UPI,615021015.0,No return,Not Returned,Delivered,3017
2018-10-01,646592004,2,UPI,646592004.0,No return,Not Returned,Delivered,3525
2018-10-17,684673001,2,UPI,684673001.0,15 days return,Not Returned,Delivered,4346
2018-09-29,675319004,1,Card,675319004.0,7 days return,,Not Delivered (Wrong Item),4443
2018-10-05,557248001,1,UPI,557248001.0,No return,Not Returned,Delivered,3225
2018-09-26,562252038,2,Card,562252038.0,15 days return,Returned,Delivered,4479
2018-10-23,577648001,2,UPI,577648001.0,7 days return,Not Returned,Delivered,1363
2018-10-28,640164001,2,UPI,640164001.0,7 days return,Returned,Delivered,1842
2018-10-09,262277011,2,UPI,262277011.0,7 days return,Returned,Delivered,2606
2018-09-29,662935002,2,UPI,662935002.0,7 days return,Returned,Delivered,4351
2018-10-07,595021001,2,UPI,595021001.0,7 days return,Not Returned,Delivered,1953
2018-10-24,613246001,2,Card,613246001.0,No return,Not Returned,Delivered,587
2018-09-29,662857003,1,UPI,662857003.0,No return,Not Returned,Delivered,1000
2018-09-21,661797001,2,Cash,661797001.0,15 days return,Not Returned,Delivered,2229
2018-10-11,562252028,2,Card,562252028.0,15 days return,Not Returned,Delivered,1934
2018-10-02,670655002,2,UPI,670655002.0,No return,Not Returned,Delivered,859
2018-10-29,633136021,2,UPI,633136021.0,No return,Not Returned,Delivered,1611
2018-10-27,626587003,1,UPI,626587003.0,7 days return,Not Returned,Delivered,4264
2018-10-18,567475001,2,UPI,567475001.0,7 days return,Not Returned,Delivered,131
2018-10-07,643460001,2,UPI,643460001.0,7 days return,Returned,Delivered,3430
2018-10-27,179208001,1,UPI,179208001.0,7 days return,Returned,Delivered,245
2018-09-26,645844001,2,Card,645844001.0,No return,Not Returned,Delivered,1131
2018-10-13,613942005,2,Card,613942005.0,7 days return,Not Returned,Delivered,3494
2018-10-19,622238007,2,UPI,622238007.0,7 days return,Returned,Delivered,3706
2018-09-26,393447015,2,Card,393447015.0,No return,,Not Delivered (Others),3823
2018-10-03,569981006,2,UPI,569981006.0,15 days return,Not Returned,Delivered,3645
2018-09-24,636587002,2,Card,636587002.0,No return,Not Returned,Delivered,4880
2018-09-29,644628001,2,UPI,644628001.0,No return,Not Returned,Delivered,1794
2018-11-01,663988001,1,UPI,663988001.0,7 days return,Returned,Delivered,2815
2018-10-25,520508002,2,UPI,520508002.0,7 days return,Not Returned,Delivered,2199
2018-10-30,661166001,2,UPI,661166001.0,7 days return,Returned,Delivered,1508
2018-10-20,554598001,1,UPI,554598001.0,15 days return,Returned,Delivered,2432
2018-10-18,675319001,1,Card,675319001.0,7 days return,,Not Delivered (Wrong Item),1552
2018-09-27,657476002,2,Card,657476002.0,7 days return,Not Returned,Delivered,1374
2018-10-24,675508001,2,UPI,675508001.0,7 days return,Not Returned,Delivered,4391
2018-10-24,622314011,2,Card,622314011.0,15 days return,,Not Delivered (Wrong Item),2941
2018-10-25,663354001,2,UPI,663354001.0,7 days return,,Not Delivered (Wrong Item),2743
2018-10-29,677711003,2,UPI,677711003.0,15 days return,Not Returned,Delivered,4928
2018-10-06,688873012,1,Card,688873012.0,15 days return,Not Returned,Delivered,4554
2018-10-15,670655001,2,UPI,670655001.0,15 days return,Not Returned,Delivered,3537
2018-10-02,629023010,1,UPI,629023010.0,15 days return,Not Returned,Delivered,2357
2018-09-20,629826001,1,Card,629826001.0,No return,Not Returned,Delivered,2970
2018-11-01,588299001,2,UPI,588299001.0,No return,Not Returned,Delivered,349
2018-10-28,619241001,2,Cash,619241001.0,15 days return,Not Returned,Delivered,3941
2018-10-07,399087001,1,Card,399087001.0,7 days return,,Not Delivered (Wrong Item),4139
2018-10-12,179123001,2,UPI,179123001.0,15 days return,Not Returned,Delivered,2148
2018-10-21,600665001,2,UPI,600665001.0,15 days return,Not Returned,Delivered,1243
2018-10-16,589924003,2,UPI,589924003.0,15 days return,Not Returned,Delivered,3869
2018-10-22,612481002,2,Card,612481002.0,15 days return,,Not Delivered (Wrong Item),1079
2018-10-07,714431001,2,Card,714431001.0,No return,Not Returned,Delivered,1558
2018-10-30,674448001,2,UPI,674448001.0,7 days return,Not Returned,Delivered,2259
2018-09-20,574120001,2,UPI,574120001.0,15 days return,Not Returned,Delivered,2180
2018-10-28,699358001,2,UPI,699358001.0,No return,Not Returned,Delivered,4099
2018-09-21,297067002,1,UPI,297067002.0,15 days return,Not Returned,Delivered,4302
2018-10-14,570004050,2,UPI,570004050.0,No return,Not Returned,Delivered,1554
2018-10-06,573716023,1,UPI,573716023.0,15 days return,Not Returned,Delivered,4554
2018-10-22,637515006,2,Cash,637515006.0,15 days return,Returned,Delivered,3806
2018-10-18,678983008,2,UPI,678983008.0,No return,Not Returned,Delivered,2234
2018-10-17,608483007,2,UPI,608483007.0,7 days return,Returned,Delivered,3909
2018-10-21,509465001,2,UPI,509465001.0,7 days return,Not Returned,Delivered,1213
2018-10-21,592975011,2,UPI,592975011.0,No return,Not Returned,Delivered,3231
2018-10-23,505230006,2,Cash,505230006.0,7 days return,,Not Delivered (Wrong Item),1737
2018-10-11,695266001,2,UPI,695266001.0,15 days return,Not Returned,Delivered,154
2018-10-07,316085001,2,Cash,316085001.0,No return,Not Returned,Delivered,3900
2018-09-25,624063003,1,UPI,624063003.0,No return,Not Returned,Delivered,1028
2018-09-30,552370002,1,UPI,552370002.0,No return,Not Returned,Delivered,670
2018-09-23,562251006,2,UPI,562251006.0,15 days return,Not Returned,Delivered,925
2018-10-23,650122004,2,Cash,650122004.0,7 days return,Not Returned,Delivered,4962
2018-10-06,578478001,1,UPI,578478001.0,15 days return,Not Returned,Delivered,1486
2018-10-06,688873014,2,UPI,688873014.0,7 days return,Not Returned,Delivered,3698
2018-10-19,713428002,2,UPI,713428002.0,7 days return,Not Returned,Delivered,1645
2018-09-23,625034001,1,Card,625034001.0,7 days return,Returned,Delivered,3665
2018-10-17,662344002,2,UPI,662344002.0,No return,Not Returned,Delivered,2398
2018-10-25,564491001,2,UPI,564491001.0,7 days return,Not Returned,Delivered,4323
2018-10-05,570781003,1,UPI,570781003.0,7 days return,Not Returned,Delivered,4101
2018-10-05,522918041,2,UPI,522918041.0,7 days return,Returned,Delivered,2261
2018-10-17,637282001,2,UPI,637282001.0,15 days return,Not Returned,Delivered,2940
2018-10-06,458239001,1,UPI,458239001.0,15 days return,Returned,Delivered,3966
2018-10-10,637515011,1,UPI,637515011.0,7 days return,Not Returned,Delivered,480
2018-10-10,636938003,1,UPI,636938003.0,No return,Not Returned,Delivered,4728
2018-10-10,652742003,2,UPI,652742003.0,15 days return,Returned,Delivered,590
2018-09-29,662328001,1,UPI,662328001.0,No return,Not Returned,Delivered,3686
2018-09-26,674482003,2,Card,674482003.0,No return,Not Returned,Delivered,2022
2018-10-15,533970003,2,Cash,533970003.0,15 days return,Not Returned,Delivered,160
2018-09-28,661095001,2,UPI,661095001.0,15 days return,Not Returned,Delivered,482
2018-09-30,399087019,2,Card,399087019.0,15 days return,Returned,Delivered,3010
2018-10-05,513257009,2,UPI,513257009.0,15 days return,Not Returned,Delivered,2706
2018-09-24,634015009,2,UPI,634015009.0,15 days return,Returned,Delivered,709
2018-09-20,507910004,2,UPI,507910004.0,No return,Not Returned,Delivered,3363
2018-09-26,537116004,2,UPI,537116004.0,15 days return,Not Returned,Delivered,819
2018-10-24,539723006,1,UPI,539723006.0,No return,Not Returned,Delivered,2602
2018-10-19,601468007,2,UPI,601468007.0,15 days return,Returned,Delivered,974
2018-09-23,685687002,2,UPI,685687002.0,15 days return,Returned,Delivered,3896
2018-09-29,569974019,1,Card,569974019.0,No return,Not Returned,Delivered,1387
2018-10-02,623142001,2,UPI,623142001.0,7 days return,Not Returned,Delivered,1150
2018-09-30,570342002,1,Card,570342002.0,15 days return,,Not Delivered (Others),3199
2018-10-29,633862002,2,Card,633862002.0,No return,Not Returned,Delivered,1455
2018-10-26,189654001,2,UPI,189654001.0,15 days return,Returned,Delivered,2499
2018-10-26,661306005,2,UPI,661306005.0,No return,Not Returned,Delivered,4056
2018-10-28,543035001,1,Card,543035001.0,7 days return,Not Returned,Delivered,3469
2018-10-05,683662009,2,UPI,683662009.0,No return,Not Returned,Delivered,1782
2018-09-27,482130005,2,UPI,482130005.0,7 days return,Not Returned,Delivered,3768
2018-10-25,719002001,2,UPI,719002001.0,No return,Not Returned,Delivered,1493
2018-09-25,676512001,2,UPI,676512001.0,7 days return,,Not Delivered (Others),62
2018-10-16,399223004,2,Card,399223004.0,15 days return,Returned,Delivered,2931
2018-11-01,701694001,2,UPI,701694001.0,15 days return,Not Returned,Delivered,3595
2018-10-25,624486004,2,UPI,624486004.0,No return,,Not Delivered (Others),1363
2018-10-09,687061002,2,UPI,687061002.0,15 days return,Not Returned,Delivered,2528
2018-10-31,687965001,2,Card,687965001.0,7 days return,Not Returned,Delivered,4536
2018-09-27,485115001,1,UPI,485115001.0,7 days return,Returned,Delivered,4595
2018-11-01,723210001,2,Card,723210001.0,No return,Not Returned,Delivered,2708
2018-10-28,703833001,2,UPI,703833001.0,No return,Not Returned,Delivered,276
2018-10-12,662917001,1,UPI,662917001.0,15 days return,Not Returned,Delivered,865
2018-10-23,476583021,2,UPI,476583021.0,7 days return,Not Returned,Delivered,1306
2018-10-05,316085001,2,UPI,316085001.0,No return,Not Returned,Delivered,2706
2018-10-06,537346026,2,UPI,537346026.0,7 days return,,Not Delivered (Wrong Item),4786
2018-10-25,637549016,1,UPI,637549016.0,15 days return,Not Returned,Delivered,3279
2018-10-31,699358004,2,Card,699358004.0,15 days return,Not Returned,Delivered,477
2018-10-26,662593007,1,UPI,662593007.0,No return,Not Returned,Delivered,2544
2018-10-30,626815002,2,UPI,626815002.0,7 days return,Returned,Delivered,2877
2018-10-01,619595001,2,UPI,619595001.0,7 days return,Not Returned,Delivered,4250
2018-10-06,636935002,1,Card,636935002.0,15 days return,Not Returned,Delivered,4519
2018-10-16,675943004,2,Card,675943004.0,7 days return,,Not Delivered (Wrong Item),909
2018-09-29,665644001,2,UPI,665644001.0,No return,Not Returned,Delivered,1091
2018-09-29,662948001,1,UPI,662948001.0,15 days return,Not Returned,Delivered,660
2018-10-13,532578018,1,Cash,532578018.0,7 days return,Returned,Delivered,2451
2018-10-31,710899003,1,UPI,710899003.0,15 days return,Returned,Delivered,3038
2018-09-24,557248001,1,UPI,557248001.0,No return,Not Returned,Delivered,2440
2018-10-29,640252008,1,Cash,640252008.0,No return,Not Returned,Delivered,4140
2018-09-28,548613005,1,UPI,548613005.0,No return,,Not Delivered (Wrong Item),2869
2018-09-27,567821001,2,UPI,567821001.0,15 days return,Returned,Delivered,1247
2018-09-25,567993016,2,UPI,567993016.0,15 days return,Not Returned,Delivered,3871
2018-10-16,662593001,2,UPI,662593001.0,7 days return,Returned,Delivered,2323
2018-09-20,568597012,2,Card,568597012.0,No return,Not Returned,Delivered,1593
2018-10-13,688873006,2,UPI,688873006.0,15 days return,Not Returned,Delivered,60
2018-10-16,504113014,2,Card,504113014.0,15 days return,Returned,Delivered,4636
2018-10-28,554704005,2,UPI,554704005.0,15 days return,Not Returned,Delivered,3550
2018-10-19,663699001,1,UPI,663699001.0,7 days return,Not Returned,Delivered,3353
2018-10-02,663679002,2,UPI,663679002.0,7 days return,Not Returned,Delivered,4084
2018-10-04,572400013,2,UPI,572400013.0,7 days return,Not Returned,Delivered,2304
2018-10-08,695151001,2,UPI,695151001.0,15 days return,Not Returned,Delivered,4022
2018-09-26,630313006,2,Card,630313006.0,7 days return,Returned,Delivered,2290
2018-10-28,670950002,2,UPI,670950002.0,No return,Not Returned,Delivered,1022
2018-09-25,572124006,2,UPI,572124006.0,No return,,Not Delivered (Wrong Item),4104
2018-10-24,630696002,2,UPI,630696002.0,15 days return,Not Returned,Delivered,4373
2018-10-13,189654001,2,Card,189654001.0,15 days return,Not Returned,Delivered,4115
2018-09-23,560270001,2,UPI,560270001.0,7 days return,Returned,Delivered,1932
2018-10-25,589222005,1,Card,589222005.0,7 days return,Not Returned,Delivered,666
2018-10-09,524825011,2,Card,524825011.0,15 days return,Returned,Delivered,2227
2018-10-01,685158001,2,Card,685158001.0,7 days return,Returned,Delivered,3767
2018-10-11,649671002,2,UPI,649671002.0,7 days return,Returned,Delivered,2697
2018-10-04,652996001,2,UPI,652996001.0,No return,Not Returned,Delivered,3837
2018-10-07,562245034,2,UPI,562245034.0,7 days return,,Not Delivered (Others),1558
2018-10-28,670655001,2,Cash,670655001.0,15 days return,Returned,Delivered,3550
2018-10-25,632938001,2,Card,632938001.0,15 days return,Not Returned,Delivered,2161
2018-10-04,651344001,1,UPI,651344001.0,15 days return,Not Returned,Delivered,1586
2018-10-04,569974001,1,Cash,569974001.0,No return,Not Returned,Delivered,928
2018-10-31,693951004,1,UPI,693951004.0,15 days return,Not Returned,Delivered,1597
2018-10-27,620981001,2,UPI,620981001.0,7 days return,Returned,Delivered,3708
2018-09-25,397068014,1,UPI,397068014.0,No return,Not Returned,Delivered,972
2018-10-23,539723038,1,Card,539723038.0,15 days return,Not Returned,Delivered,1708
2018-10-02,397068015,1,UPI,397068015.0,No return,Not Returned,Delivered,1885
2018-10-19,572400001,2,Cash,572400001.0,15 days return,Not Returned,Delivered,2776
2018-09-26,560270002,1,UPI,560270002.0,No return,Not Returned,Delivered,1303
2018-09-21,640244003,2,Card,640244003.0,No return,Not Returned,Delivered,1
2018-10-13,581127010,2,UPI,581127010.0,No return,Not Returned,Delivered,630
2018-10-13,625480002,1,UPI,625480002.0,7 days return,Not Returned,Delivered,3966
2018-09-23,690992001,2,Card,690992001.0,7 days return,Returned,Delivered,952
2018-09-28,657497001,1,UPI,657497001.0,15 days return,Returned,Delivered,4666
2018-09-26,648034001,2,UPI,648034001.0,15 days return,,Not Delivered (Others),569
2018-10-20,688873001,1,UPI,688873001.0,No return,Not Returned,Delivered,2073
2018-10-09,648868001,2,UPI,648868001.0,No return,Not Returned,Delivered,2478
2018-10-27,563670001,2,UPI,563670001.0,15 days return,,Not Delivered (Others),3964
2018-10-16,662857002,2,UPI,662857002.0,No return,Not Returned,Delivered,3298
2018-10-08,583534002,2,UPI,583534002.0,No return,Not Returned,Delivered,2055
2018-10-12,517585001,2,Cash,517585001.0,15 days return,Returned,Delivered,2846
2018-10-15,663942001,2,UPI,663942001.0,15 days return,,Not Delivered (Wrong Item),1476
2018-11-01,671973002,2,Card,671973002.0,15 days return,Not Returned,Delivered,3395
2018-10-23,589921001,2,UPI,589921001.0,No return,,Not Delivered (Others),3792
2018-09-26,663942005,2,Card,663942005.0,7 days return,Not Returned,Delivered,789
2018-10-13,655271001,1,Cash,655271001.0,15 days return,Not Returned,Delivered,3252
2018-10-01,516000001,1,UPI,516000001.0,No return,Not Returned,Delivered,198
2018-10-06,399061008,1,UPI,399061008.0,7 days return,,Not Delivered (Others),3966
2018-10-28,665290002,2,Card,665290002.0,7 days return,Not Returned,Delivered,4664
2018-09-25,658030001,2,UPI,658030001.0,No return,Not Returned,Delivered,663
2018-10-31,660599002,2,Card,660599002.0,No return,Not Returned,Delivered,3094
2018-09-21,579541001,1,Card,579541001.0,15 days return,Not Returned,Delivered,1668
2018-10-31,458239001,1,UPI,458239001.0,15 days return,Returned,Delivered,863
2018-09-29,573716012,2,UPI,573716012.0,7 days return,Not Returned,Delivered,2623
2018-10-06,561814002,2,UPI,561814002.0,7 days return,Returned,Delivered,4563
2018-10-22,551413004,2,UPI,551413004.0,No return,,Not Delivered (Others),2423
2018-10-10,657395002,2,Card,657395002.0,No return,Not Returned,Delivered,4563
2018-10-16,567499003,2,UPI,567499003.0,No return,Not Returned,Delivered,231
2018-10-21,638899002,1,UPI,638899002.0,No return,Not Returned,Delivered,3758
2018-10-12,579541036,1,UPI,579541036.0,7 days return,Returned,Delivered,2149
2018-10-04,675139001,1,UPI,675139001.0,7 days return,Returned,Delivered,2326
2018-10-27,630141009,2,UPI,630141009.0,15 days return,Not Returned,Delivered,883
2018-10-10,631770002,2,Card,631770002.0,No return,Not Returned,Delivered,3582
2018-10-15,537895003,2,UPI,537895003.0,No return,Not Returned,Delivered,3581
2018-09-21,573716012,2,Cash,573716012.0,7 days return,Returned,Delivered,1474
2018-09-29,640807001,2,UPI,640807001.0,7 days return,Returned,Delivered,203
2018-10-30,480093001,2,Card,480093001.0,No return,Not Returned,Delivered,3301
2018-10-26,494691001,2,UPI,494691001.0,No return,Not Returned,Delivered,2642
2018-10-12,547780015,1,UPI,547780015.0,15 days return,Not Returned,Delivered,3817
2018-09-20,674681001,2,UPI,674681001.0,7 days return,Returned,Delivered,66
2018-10-08,392938002,1,Card,392938002.0,15 days return,Not Returned,Delivered,1456
2018-10-03,556260007,2,UPI,556260007.0,7 days return,,Not Delivered (Others),2916
2018-10-29,706897005,2,UPI,706897005.0,7 days return,Not Returned,Delivered,4417
2018-10-31,665212005,2,UPI,665212005.0,7 days return,Returned,Delivered,1279
2018-10-30,640291004,2,UPI,640291004.0,No return,Not Returned,Delivered,1843
2018-10-21,641686001,2,UPI,641686001.0,15 days return,Returned,Delivered,4327
2018-10-26,608483007,1,Cash,608483007.0,7 days return,Returned,Delivered,27
2018-10-22,485552003,2,UPI,485552003.0,No return,Not Returned,Delivered,4706
2018-10-29,581117001,1,Card,581117001.0,7 days return,Not Returned,Delivered,3722
2018-10-26,611145016,2,UPI,611145016.0,No return,Not Returned,Delivered,1936
2018-09-27,606289001,2,UPI,606289001.0,No return,Not Returned,Delivered,4437
2018-10-17,611024001,2,UPI,611024001.0,15 days return,Not Returned,Delivered,4602
2018-10-01,633781009,2,UPI,633781009.0,15 days return,,Not Delivered (Others),362
2018-09-25,598859001,1,UPI,598859001.0,No return,Not Returned,Delivered,525
2018-10-12,598604001,2,UPI,598604001.0,15 days return,Not Returned,Delivered,4143
2018-10-13,688873003,2,UPI,688873003.0,No return,Not Returned,Delivered,797
2018-10-18,628499017,2,UPI,628499017.0,No return,Not Returned,Delivered,812
2018-09-23,640563001,2,UPI,640563001.0,No return,Not Returned,Delivered,4970
2018-09-30,657497006,2,UPI,657497006.0,7 days return,Not Returned,Delivered,1778
2018-10-01,399223001,1,Card,399223001.0,15 days return,Not Returned,Delivered,4409
2018-10-03,537116001,1,UPI,537116001.0,7 days return,Not Returned,Delivered,3864
2018-09-26,557248001,1,UPI,557248001.0,No return,Not Returned,Delivered,553
2018-10-11,662773001,2,UPI,662773001.0,7 days return,Not Returned,Delivered,4520
2018-09-21,704048003,2,Cash,704048003.0,7 days return,Not Returned,Delivered,1719
2018-10-11,537116001,1,Card,537116001.0,7 days return,,Not Delivered (Others),2733
2018-09-26,565200013,1,UPI,565200013.0,No return,Not Returned,Delivered,1710
2018-10-23,562245046,2,UPI,562245046.0,15 days return,Returned,Delivered,3646
2018-10-31,607421007,2,UPI,607421007.0,No return,Not Returned,Delivered,3914
2018-10-13,637566001,1,UPI,637566001.0,No return,Not Returned,Delivered,4093
2018-10-04,575141004,2,UPI,575141004.0,No return,Not Returned,Delivered,4762
2018-10-28,516000070,2,UPI,516000070.0,7 days return,Returned,Delivered,741
2018-11-01,682457001,2,UPI,682457001.0,7 days return,Not Returned,Delivered,4257
2018-10-29,504152011,2,UPI,504152011.0,7 days return,Returned,Delivered,1421
2018-10-10,580331004,2,Card,580331004.0,7 days return,Not Returned,Delivered,287
2018-10-04,625522003,2,UPI,625522003.0,7 days return,Not Returned,Delivered,3915
2018-10-26,661306001,1,UPI,661306001.0,15 days return,Returned,Delivered,1320
2018-10-08,393447015,2,UPI,393447015.0,No return,Not Returned,Delivered,203
2018-10-07,637549012,1,UPI,637549012.0,No return,,Not Delivered (Others),3819
2018-09-28,457892003,1,Card,457892003.0,No return,Not Returned,Delivered,4979
2018-10-24,399087010,2,UPI,399087010.0,7 days return,Not Returned,Delivered,303
2018-10-02,616733003,2,UPI,616733003.0,No return,,Not Delivered (Wrong Item),3112
2018-09-23,660830006,2,Cash,660830006.0,7 days return,Not Returned,Delivered,494
2018-10-14,671553003,2,Card,671553003.0,7 days return,Not Returned,Delivered,140
2018-10-30,539723010,2,Cash,539723010.0,No return,Not Returned,Delivered,1321
2018-09-23,568174023,2,Cash,568174023.0,No return,Not Returned,Delivered,818
2018-10-31,651558010,2,Cash,651558010.0,No return,Not Returned,Delivered,1714
2018-10-13,524825011,2,UPI,524825011.0,15 days return,Not Returned,Delivered,60
2018-09-29,630116004,1,UPI,630116004.0,15 days return,Not Returned,Delivered,4337
2018-10-29,682550008,2,UPI,682550008.0,7 days return,Not Returned,Delivered,4026
2018-10-31,639677007,2,Cash,639677007.0,No return,Not Returned,Delivered,2227
2018-10-03,661306008,2,UPI,661306008.0,7 days return,,Not Delivered (Wrong Item),3083
2018-09-29,651933001,2,UPI,651933001.0,No return,Not Returned,Delivered,812
2018-10-23,533406005,2,Card,533406005.0,7 days return,Returned,Delivered,4038
2018-10-24,396135049,2,UPI,396135049.0,7 days return,Not Returned,Delivered,2447
2018-10-22,692565001,2,UPI,692565001.0,7 days return,Not Returned,Delivered,2423
2018-10-28,644630002,2,Cash,644630002.0,15 days return,Not Returned,Delivered,873
2018-09-29,656686001,1,UPI,656686001.0,No return,Not Returned,Delivered,3658
2018-10-06,626590003,1,UPI,626590003.0,15 days return,Returned,Delivered,1060
2018-09-22,693281001,2,UPI,693281001.0,7 days return,Not Returned,Delivered,3456
2018-10-11,699566001,1,Card,699566001.0,15 days return,Not Returned,Delivered,3767
2018-10-24,670655001,2,UPI,670655001.0,15 days return,Not Returned,Delivered,3743
2018-10-11,683549001,2,UPI,683549001.0,7 days return,Not Returned,Delivered,4498
2018-09-20,573085004,1,UPI,573085004.0,15 days return,Not Returned,Delivered,1729
2018-10-14,662075001,1,Card,662075001.0,7 days return,Returned,Delivered,3124
2018-10-31,671505002,2,UPI,671505002.0,15 days return,Not Returned,Delivered,610
2018-09-21,657476008,1,UPI,657476008.0,15 days return,Not Returned,Delivered,2977
2018-10-11,679494001,1,UPI,679494001.0,7 days return,Not Returned,Delivered,2218
2018-09-29,573716002,2,UPI,573716002.0,15 days return,Not Returned,Delivered,985
2018-09-22,677930005,2,UPI,677930005.0,7 days return,Returned,Delivered,4420
2018-11-01,686496004,2,Card,686496004.0,15 days return,,Not Delivered (Others),3404
2018-09-26,529841001,2,UPI,529841001.0,7 days return,Not Returned,Delivered,3062
2018-10-31,654772001,2,Cash,654772001.0,7 days return,Not Returned,Delivered,2660
2018-10-27,537116004,1,UPI,537116004.0,15 days return,Not Returned,Delivered,428
2018-10-25,556255001,2,UPI,556255001.0,15 days return,Not Returned,Delivered,303
2018-10-12,661910001,2,Cash,661910001.0,No return,,Not Delivered (Others),4788
2018-10-26,579990002,2,UPI,579990002.0,7 days return,Not Returned,Delivered,4851
2018-10-14,644253006,2,UPI,644253006.0,No return,Not Returned,Delivered,4069
2018-10-17,695318002,2,UPI,695318002.0,7 days return,Not Returned,Delivered,1253
2018-09-24,574109015,2,Cash,574109015.0,15 days return,,Not Delivered (Wrong Item),3500
2018-10-10,379780045,1,UPI,379780045.0,15 days return,Not Returned,Delivered,4225
2018-09-25,610776002,2,UPI,610776002.0,15 days return,Not Returned,Delivered,201
2018-09-28,477507007,2,UPI,477507007.0,15 days return,,Not Delivered (Wrong Item),3762
2018-09-25,685383002,2,Cash,685383002.0,No return,Not Returned,Delivered,3459
2018-10-15,656719003,2,UPI,656719003.0,No return,Not Returned,Delivered,4570
2018-10-31,636455004,2,UPI,636455004.0,15 days return,Not Returned,Delivered,3914
2018-11-01,484398001,1,Card,484398001.0,No return,Not Returned,Delivered,3632
2018-10-02,535035001,2,UPI,535035001.0,7 days return,Returned,Delivered,1309
2018-10-26,633130008,2,UPI,633130008.0,No return,Not Returned,Delivered,522
2018-09-20,613456009,2,Card,613456009.0,No return,Not Returned,Delivered,319
2018-11-01,666006006,2,UPI,666006006.0,No return,Not Returned,Delivered,4259
2018-09-26,643975003,2,Card,643975003.0,No return,,Not Delivered (Wrong Item),3420
2018-10-13,603584001,2,Card,603584001.0,7 days return,,Not Delivered (Wrong Item),2430
2018-09-23,685687004,2,UPI,685687004.0,7 days return,Returned,Delivered,4014
2018-09-24,495685001,2,UPI,495685001.0,15 days return,Not Returned,Delivered,4508
2018-09-27,610729002,2,Card,610729002.0,No return,Not Returned,Delivered,4932
2018-10-28,662948005,2,Card,662948005.0,15 days return,Not Returned,Delivered,712
2018-10-17,669896001,1,UPI,669896001.0,No return,Not Returned,Delivered,2192
2018-10-23,627019001,2,UPI,627019001.0,7 days return,Not Returned,Delivered,4931
2018-10-23,617426002,1,UPI,617426002.0,No return,Not Returned,Delivered,765
2018-10-10,572400001,1,UPI,572400001.0,15 days return,,Not Delivered (Wrong Item),3944
2018-10-14,549253002,2,UPI,549253002.0,15 days return,Not Returned,Delivered,3480
2018-10-10,630319001,2,Card,630319001.0,7 days return,Not Returned,Delivered,4161
2018-10-03,547300003,2,UPI,547300003.0,No return,Not Returned,Delivered,346
2018-09-21,626263002,1,UPI,626263002.0,7 days return,,Not Delivered (Wrong Item),212
2018-10-09,591088003,2,UPI,591088003.0,No return,Not Returned,Delivered,3266
2018-10-05,610744006,2,Cash,610744006.0,15 days return,Not Returned,Delivered,2979
2018-10-04,662868001,1,UPI,662868001.0,7 days return,Not Returned,Delivered,144
2018-10-23,637223004,2,UPI,637223004.0,No return,Not Returned,Delivered,3896
2018-09-29,659835001,2,UPI,659835001.0,7 days return,Not Returned,Delivered,3206
2018-10-19,655271001,2,UPI,655271001.0,15 days return,Not Returned,Delivered,789
2018-10-26,692653004,2,UPI,692653004.0,15 days return,Not Returned,Delivered,738
2018-09-24,662857005,2,Cash,662857005.0,7 days return,Returned,Delivered,3307
2018-10-13,514182010,2,Card,514182010.0,No return,Not Returned,Delivered,3996
2018-10-11,660312002,2,UPI,660312002.0,15 days return,Returned,Delivered,1309
2018-10-26,625939004,2,UPI,625939004.0,7 days return,Not Returned,Delivered,1610
2018-09-25,552370002,1,UPI,552370002.0,No return,Not Returned,Delivered,1221
2018-10-19,670655002,2,UPI,670655002.0,No return,Not Returned,Delivered,1349
2018-10-19,554598008,1,UPI,554598008.0,15 days return,Not Returned,Delivered,3688
2018-09-25,675281002,1,UPI,675281002.0,7 days return,Not Returned,Delivered,4811
2018-10-22,678073001,2,UPI,678073001.0,No return,Not Returned,Delivered,4873
2018-10-11,545439001,2,UPI,545439001.0,No return,Not Returned,Delivered,2174
2018-10-28,108775044,2,Card,108775044.0,No return,Not Returned,Delivered,998
2018-10-27,176209023,2,Cash,176209023.0,15 days return,,Not Delivered (Wrong Item),4470
2018-10-05,677930002,2,UPI,677930002.0,No return,Not Returned,Delivered,4654
2018-09-20,377277001,2,UPI,377277001.0,15 days return,Not Returned,Delivered,66
2018-10-04,625342001,2,UPI,625342001.0,15 days return,Not Returned,Delivered,1775
2018-10-05,476583020,2,UPI,476583020.0,No return,Not Returned,Delivered,3150
2018-09-30,598806012,1,UPI,598806012.0,15 days return,Not Returned,Delivered,670
2018-10-09,645065015,2,UPI,645065015.0,15 days return,Not Returned,Delivered,493
2018-10-19,585754001,2,UPI,585754001.0,No return,Not Returned,Delivered,4756
2018-10-17,626615006,2,UPI,626615006.0,15 days return,Not Returned,Delivered,3821
2018-10-07,661799002,2,Card,661799002.0,15 days return,Not Returned,Delivered,4761
2018-10-09,611032002,2,Card,611032002.0,No return,Not Returned,Delivered,2373
2018-09-23,666448001,2,UPI,666448001.0,7 days return,Not Returned,Delivered,1827
2018-10-02,501616012,2,Card,501616012.0,15 days return,Returned,Delivered,2489
2018-10-03,632862002,2,Card,632862002.0,No return,Not Returned,Delivered,3130
2018-10-08,595080001,2,UPI,595080001.0,7 days return,Returned,Delivered,2727
2018-10-09,685170001,2,UPI,685170001.0,7 days return,Not Returned,Delivered,4606
2018-10-27,654920001,2,UPI,654920001.0,No return,Not Returned,Delivered,369
2018-10-12,637549011,2,UPI,637549011.0,7 days return,Not Returned,Delivered,2296
2018-10-16,589222003,2,Card,589222003.0,15 days return,Not Returned,Delivered,2931
2018-10-05,675203003,1,UPI,675203003.0,No return,Not Returned,Delivered,2235
2018-09-21,593829001,2,UPI,593829001.0,No return,Not Returned,Delivered,2329
2018-10-06,487750034,1,UPI,487750034.0,15 days return,Returned,Delivered,1060
2018-09-29,514577012,1,UPI,514577012.0,15 days return,,Not Delivered (Others),4359
2018-10-05,574109011,2,Card,574109011.0,No return,Not Returned,Delivered,3781
2018-09-29,594581034,2,Card,594581034.0,No return,Not Returned,Delivered,2223
2018-10-11,700822003,1,Card,700822003.0,7 days return,Not Returned,Delivered,2622
2018-10-28,568861004,2,Card,568861004.0,No return,Not Returned,Delivered,1261
2018-10-07,620081001,1,UPI,620081001.0,No return,Not Returned,Delivered,2099
2018-10-24,507909001,2,UPI,507909001.0,No return,,Not Delivered (Wrong Item),3629
2018-10-12,592415001,2,UPI,592415001.0,7 days return,Not Returned,Delivered,1725
2018-10-24,665612001,2,UPI,665612001.0,15 days return,Not Returned,Delivered,1851
2018-09-24,573085004,2,UPI,573085004.0,15 days return,Not Returned,Delivered,2758
2018-10-29,655272002,1,UPI,655272002.0,No return,Not Returned,Delivered,808
2018-09-30,576775012,2,UPI,576775012.0,7 days return,Returned,Delivered,4562
2018-10-20,684325001,1,UPI,684325001.0,7 days return,Returned,Delivered,333
2018-09-21,612133002,2,UPI,612133002.0,15 days return,Returned,Delivered,1474
2018-10-13,677172003,1,Card,677172003.0,7 days return,Not Returned,Delivered,4621
2018-10-31,649437002,2,UPI,649437002.0,15 days return,Returned,Delivered,1723
2018-10-22,637515006,1,UPI,637515006.0,15 days return,Not Returned,Delivered,3121
2018-09-29,671505004,2,UPI,671505004.0,7 days return,Not Returned,Delivered,3504
2018-10-02,666254001,2,UPI,666254001.0,No return,Not Returned,Delivered,2527
2018-10-13,307656023,2,Card,307656023.0,No return,Not Returned,Delivered,3494
2018-10-19,539723001,2,Card,539723001.0,15 days return,Returned,Delivered,1841
2018-10-25,580746001,2,UPI,580746001.0,7 days return,Returned,Delivered,4214
2018-10-21,538584006,2,Cash,538584006.0,7 days return,Not Returned,Delivered,1243
2018-10-22,557248009,2,UPI,557248009.0,No return,Not Returned,Delivered,1334
2018-10-11,560270009,1,Card,560270009.0,7 days return,Not Returned,Delivered,1822
2018-10-20,651200001,2,UPI,651200001.0,15 days return,Not Returned,Delivered,2135
2018-10-02,643985001,2,UPI,643985001.0,15 days return,Returned,Delivered,4866
2018-10-14,468480015,2,UPI,468480015.0,7 days return,Not Returned,Delivered,2130
2018-09-28,670533002,1,UPI,670533002.0,7 days return,Returned,Delivered,3105
2018-10-16,399223001,2,UPI,399223001.0,15 days return,Not Returned,Delivered,2931
2018-10-08,699461001,2,Card,699461001.0,No return,Not Returned,Delivered,942
2018-10-03,584927003,2,UPI,584927003.0,7 days return,,Not Delivered (Others),3414
2018-10-05,567968003,2,UPI,567968003.0,7 days return,Returned,Delivered,4250
2018-09-28,532578017,2,UPI,532578017.0,7 days return,Returned,Delivered,3202
2018-10-27,703973004,1,Card,703973004.0,No return,Not Returned,Delivered,880
2018-10-14,637673005,2,UPI,637673005.0,15 days return,Returned,Delivered,1937
2018-10-31,509138001,2,UPI,509138001.0,15 days return,Not Returned,Delivered,4357
2018-10-28,626813002,2,UPI,626813002.0,No return,Not Returned,Delivered,11
2018-10-12,617645002,2,UPI,617645002.0,15 days return,,Not Delivered (Wrong Item),1725
2018-10-21,662905001,2,UPI,662905001.0,15 days return,Not Returned,Delivered,2237
2018-10-19,677347003,2,UPI,677347003.0,No return,,Not Delivered (Wrong Item),1689
2018-10-05,624688005,1,Cash,624688005.0,No return,Not Returned,Delivered,1383
2018-10-27,660830005,2,Card,660830005.0,15 days return,Not Returned,Delivered,966
2018-10-03,368979001,2,UPI,368979001.0,No return,Not Returned,Delivered,3645
2018-10-12,408875002,1,UPI,408875002.0,7 days return,,Not Delivered (Others),469
2018-09-29,740234001,1,UPI,740234001.0,No return,Not Returned,Delivered,1756
2018-09-20,651793004,2,UPI,651793004.0,7 days return,Not Returned,Delivered,3243
2018-10-21,678861001,2,UPI,678861001.0,7 days return,Not Returned,Delivered,1441
2018-10-17,651091001,2,UPI,651091001.0,15 days return,Not Returned,Delivered,3323
2018-10-30,577648004,2,Card,577648004.0,7 days return,,Not Delivered (Wrong Item),3150
2018-09-29,637940005,2,Cash,637940005.0,7 days return,Not Returned,Delivered,909
2018-10-28,581178007,2,Cash,581178007.0,7 days return,Not Returned,Delivered,4361
2018-10-18,702982001,2,UPI,702982001.0,15 days return,Not Returned,Delivered,2532
2018-10-12,306847002,2,UPI,306847002.0,7 days return,Returned,Delivered,1580
2018-10-01,640124002,1,Card,640124002.0,15 days return,Not Returned,Delivered,1370
2018-09-28,572998001,2,UPI,572998001.0,15 days return,Not Returned,Delivered,2467
2018-10-02,691208002,2,Card,691208002.0,15 days return,Not Returned,Delivered,4084
2018-09-20,667491011,2,UPI,667491011.0,15 days return,Returned,Delivered,3050
2018-10-22,637515008,2,UPI,637515008.0,7 days return,Not Returned,Delivered,3806
2018-09-20,567993015,1,UPI,567993015.0,No return,Not Returned,Delivered,4287
2018-10-13,454544001,1,UPI,454544001.0,7 days return,,Not Delivered (Wrong Item),3184
2018-09-21,676539002,1,Card,676539002.0,15 days return,Returned,Delivered,2930
2018-10-01,563519001,2,UPI,563519001.0,No return,Not Returned,Delivered,12
2018-10-11,568601006,1,Card,568601006.0,7 days return,Not Returned,Delivered,1779
2018-11-01,637661002,1,UPI,637661002.0,No return,Not Returned,Delivered,2349
2018-10-23,544627006,2,UPI,544627006.0,7 days return,,Not Delivered (Others),1252
2018-10-10,659835001,2,Card,659835001.0,7 days return,,Not Delivered (Wrong Item),1748
2018-09-26,625321005,1,Cash,625321005.0,15 days return,Not Returned,Delivered,2998
2018-09-24,581558002,2,UPI,581558002.0,No return,Not Returned,Delivered,3189
2018-10-21,397068001,1,UPI,397068001.0,7 days return,Not Returned,Delivered,2839
2018-10-17,630116004,2,Card,630116004.0,15 days return,Not Returned,Delivered,1307
2018-10-06,504154001,1,UPI,504154001.0,15 days return,Not Returned,Delivered,3984
2018-10-24,548932005,2,UPI,548932005.0,15 days return,Not Returned,Delivered,4537
2018-11-01,719601001,2,UPI,719601001.0,7 days return,Returned,Delivered,4492
2018-10-30,683662005,2,Cash,683662005.0,7 days return,Not Returned,Delivered,3669
2018-11-01,464695004,2,Card,464695004.0,15 days return,Not Returned,Delivered,3595
2018-10-04,641705001,1,UPI,641705001.0,No return,,Not Delivered (Others),4511
2018-09-29,688873013,1,UPI,688873013.0,15 days return,Not Returned,Delivered,1053
2018-11-01,636455003,2,UPI,636455003.0,No return,Not Returned,Delivered,4399
2018-10-25,523936021,1,UPI,523936021.0,15 days return,Not Returned,Delivered,3181
2018-09-28,631837001,2,UPI,631837001.0,No return,Not Returned,Delivered,1893
2018-10-13,522347002,2,Card,522347002.0,No return,Not Returned,Delivered,4196
2018-09-26,504154015,2,Cash,504154015.0,No return,Not Returned,Delivered,3062
2018-10-27,617322003,1,UPI,617322003.0,No return,Not Returned,Delivered,3239
2018-10-27,617322005,1,Card,617322005.0,7 days return,Not Returned,Delivered,4080
2018-10-24,625939003,2,UPI,625939003.0,No return,Not Returned,Delivered,576
2018-10-28,552473021,2,Cash,552473021.0,15 days return,Returned,Delivered,1725
2018-10-05,673144002,1,UPI,673144002.0,7 days return,Not Returned,Delivered,3885
2018-10-28,504152011,2,UPI,504152011.0,7 days return,Returned,Delivered,4719
2018-09-24,573716010,1,UPI,573716010.0,7 days return,Returned,Delivered,509
2018-10-17,506110001,2,UPI,506110001.0,No return,Not Returned,Delivered,2326
2018-10-28,578997006,2,Cash,578997006.0,15 days return,Returned,Delivered,1725
2018-10-04,670687002,2,Card,670687002.0,No return,Not Returned,Delivered,3266
2018-09-29,626415001,1,Card,626415001.0,No return,Not Returned,Delivered,2465
2018-10-09,573085019,1,UPI,573085019.0,15 days return,Not Returned,Delivered,1601
2018-10-19,591334017,1,Card,591334017.0,15 days return,Not Returned,Delivered,3071
2018-09-30,504154020,2,Card,504154020.0,7 days return,Not Returned,Delivered,2565
2018-09-29,633130008,1,UPI,633130008.0,No return,Not Returned,Delivered,1630
2018-10-30,591334016,1,UPI,591334016.0,No return,Not Returned,Delivered,3293
2018-10-21,690276002,2,Card,690276002.0,7 days return,Returned,Delivered,1203
2018-10-28,527687007,2,UPI,527687007.0,15 days return,Returned,Delivered,3725
2018-09-25,620865001,2,UPI,620865001.0,No return,Not Returned,Delivered,3706
2018-10-13,660698002,1,Card,660698002.0,15 days return,Returned,Delivered,142
2018-09-24,690478001,2,UPI,690478001.0,15 days return,Returned,Delivered,246
2018-10-30,684847002,2,UPI,684847002.0,7 days return,Returned,Delivered,254
2018-10-12,521302008,2,Card,521302008.0,7 days return,,Not Delivered (Wrong Item),4742
2018-10-28,678239001,2,UPI,678239001.0,No return,Not Returned,Delivered,3705
2018-10-10,631770002,2,UPI,631770002.0,No return,Not Returned,Delivered,2772
2018-10-26,575236001,1,UPI,575236001.0,No return,Not Returned,Delivered,3327
2018-10-08,699358003,2,UPI,699358003.0,7 days return,Returned,Delivered,3638
2018-10-04,396135044,2,Cash,396135044.0,No return,Not Returned,Delivered,675
2018-10-28,639677004,2,UPI,639677004.0,No return,Not Returned,Delivered,712
2018-10-20,673260002,2,UPI,673260002.0,7 days return,Returned,Delivered,1857
2018-10-05,615141002,2,UPI,615141002.0,7 days return,Not Returned,Delivered,680
2018-10-02,670233009,1,UPI,670233009.0,No return,Not Returned,Delivered,2357
2018-10-31,633133001,2,UPI,633133001.0,No return,Not Returned,Delivered,2668
2018-10-22,637858001,2,Card,637858001.0,7 days return,Not Returned,Delivered,1975
2018-10-21,506321009,2,UPI,506321009.0,No return,Not Returned,Delivered,1243
2018-10-26,663944004,1,UPI,663944004.0,15 days return,Not Returned,Delivered,1715
2018-09-21,661162004,2,UPI,661162004.0,7 days return,Not Returned,Delivered,3232
2018-10-15,543054005,2,Card,543054005.0,15 days return,,Not Delivered (Others),837
2018-09-28,524825014,2,UPI,524825014.0,No return,Not Returned,Delivered,4308
2018-10-23,562245039,1,UPI,562245039.0,15 days return,Not Returned,Delivered,4015
2018-10-23,539723001,2,UPI,539723001.0,15 days return,Returned,Delivered,2073
2018-10-26,399256001,1,Card,399256001.0,No return,Not Returned,Delivered,3204
2018-10-17,663351002,2,UPI,663351002.0,No return,Not Returned,Delivered,640
2018-09-27,558246003,2,Cash,558246003.0,7 days return,Returned,Delivered,1407
2018-10-18,656719004,2,UPI,656719004.0,No return,Not Returned,Delivered,1782
2018-10-24,706897004,2,Card,706897004.0,7 days return,Not Returned,Delivered,4417
2018-10-02,688873008,1,Cash,688873008.0,15 days return,Not Returned,Delivered,12
2018-10-21,397068014,1,UPI,397068014.0,No return,Not Returned,Delivered,170
2018-10-15,554598001,2,UPI,554598001.0,15 days return,Not Returned,Delivered,91
2018-10-28,533746002,2,UPI,533746002.0,7 days return,Not Returned,Delivered,1725
2018-10-01,123173001,1,UPI,123173001.0,7 days return,Not Returned,Delivered,3479
2018-09-24,639677001,2,UPI,639677001.0,15 days return,Not Returned,Delivered,2954
2018-09-24,501820002,1,UPI,501820002.0,15 days return,Returned,Delivered,4970
2018-10-24,636323002,2,Card,636323002.0,15 days return,Not Returned,Delivered,4250
2018-09-29,674492003,2,Card,674492003.0,No return,Not Returned,Delivered,3669
2018-10-10,661147004,1,UPI,661147004.0,7 days return,Returned,Delivered,4188
2018-09-29,524529006,2,Card,524529006.0,15 days return,Not Returned,Delivered,40
2018-10-23,665212002,1,UPI,665212002.0,7 days return,Not Returned,Delivered,1788
2018-09-27,694153001,1,Cash,694153001.0,15 days return,Returned,Delivered,4622
2018-10-27,597734001,2,Card,597734001.0,15 days return,Returned,Delivered,1259
2018-10-17,316441005,2,UPI,316441005.0,15 days return,Returned,Delivered,4602
2018-10-13,625702002,1,UPI,625702002.0,7 days return,Returned,Delivered,2559
2018-09-29,526708031,2,Card,526708031.0,No return,,Not Delivered (Wrong Item),3810
2018-10-17,657285005,2,Cash,657285005.0,15 days return,Returned,Delivered,1495
2018-09-26,573716039,2,Card,573716039.0,15 days return,Returned,Delivered,730
2018-09-23,562245001,2,UPI,562245001.0,15 days return,Not Returned,Delivered,1862
2018-10-12,568597016,1,UPI,568597016.0,No return,Not Returned,Delivered,350
2018-09-25,573716039,2,Card,573716039.0,15 days return,Returned,Delivered,248
2018-10-13,619595002,2,UPI,619595002.0,No return,Not Returned,Delivered,3996
2018-10-23,558986001,2,UPI,558986001.0,15 days return,Not Returned,Delivered,40
2018-10-27,623347003,2,UPI,623347003.0,15 days return,Returned,Delivered,3708
2018-10-25,615141002,2,UPI,615141002.0,7 days return,Not Returned,Delivered,4634
2018-09-24,574057002,2,UPI,574057002.0,7 days return,Not Returned,Delivered,2587
2018-10-17,665475001,2,UPI,665475001.0,7 days return,Not Returned,Delivered,3382
2018-09-30,669091001,2,Cash,669091001.0,15 days return,Not Returned,Delivered,472
2018-09-28,123173001,1,Cash,123173001.0,7 days return,Not Returned,Delivered,3878
2018-10-20,578478001,1,UPI,578478001.0,15 days return,Not Returned,Delivered,669
2018-10-14,538699001,1,UPI,538699001.0,No return,Not Returned,Delivered,1046
2018-10-31,554450019,2,UPI,554450019.0,15 days return,,Not Delivered (Wrong Item),1596
2018-10-02,384263013,2,UPI,384263013.0,7 days return,Not Returned,Delivered,222
2018-10-06,652008003,1,UPI,652008003.0,15 days return,Not Returned,Delivered,3352
2018-10-21,678715001,2,UPI,678715001.0,No return,Not Returned,Delivered,773
2018-10-19,663140004,2,Card,663140004.0,15 days return,Not Returned,Delivered,1689
2018-10-01,624486001,2,UPI,624486001.0,15 days return,Returned,Delivered,4527
2018-09-30,539723005,2,UPI,539723005.0,7 days return,Not Returned,Delivered,4958
2018-09-26,662888003,2,Card,662888003.0,No return,Not Returned,Delivered,4479
2018-10-20,663007001,1,UPI,663007001.0,No return,Not Returned,Delivered,2724
2018-09-28,688873002,2,Card,688873002.0,15 days return,Not Returned,Delivered,370
2018-10-11,347983037,2,Cash,347983037.0,7 days return,Not Returned,Delivered,2174
2018-10-19,399087010,2,Card,399087010.0,7 days return,Returned,Delivered,3158
2018-10-09,537346026,2,Card,537346026.0,7 days return,Not Returned,Delivered,3738
2018-10-27,656388003,1,UPI,656388003.0,7 days return,Not Returned,Delivered,2611
2018-09-26,549604001,2,UPI,549604001.0,7 days return,Returned,Delivered,2062
2018-10-21,661306005,2,UPI,661306005.0,No return,Not Returned,Delivered,276
2018-10-10,574109012,2,UPI,574109012.0,15 days return,Returned,Delivered,4563
2018-09-22,620424024,2,UPI,620424024.0,No return,Not Returned,Delivered,233
2018-10-12,562245001,2,UPI,562245001.0,15 days return,Returned,Delivered,549
2018-09-27,625480003,2,Card,625480003.0,No return,Not Returned,Delivered,2340
2018-10-10,656734005,2,UPI,656734005.0,7 days return,Returned,Delivered,3892
2018-09-28,620081006,1,Card,620081006.0,7 days return,Not Returned,Delivered,3454
2018-10-24,664133003,2,Card,664133003.0,15 days return,,Not Delivered (Others),4100
2018-09-20,569997016,2,UPI,569997016.0,15 days return,Not Returned,Delivered,2888
2018-10-13,669682001,1,UPI,669682001.0,15 days return,Not Returned,Delivered,3684
2018-09-27,663396001,1,UPI,663396001.0,No return,Not Returned,Delivered,444
2018-09-29,548110002,1,UPI,548110002.0,15 days return,Not Returned,Delivered,305
2018-09-30,640677004,2,UPI,640677004.0,15 days return,Not Returned,Delivered,1778
2018-09-27,552346004,2,Cash,552346004.0,No return,Not Returned,Delivered,1247
2018-10-08,647334001,2,UPI,647334001.0,15 days return,Not Returned,Delivered,612
2018-10-24,673799001,1,UPI,673799001.0,No return,Not Returned,Delivered,4775
2018-09-23,568065004,1,Card,568065004.0,7 days return,Returned,Delivered,1849
2018-10-20,632189009,1,Card,632189009.0,No return,Not Returned,Delivered,2102
2018-10-30,636935002,1,UPI,636935002.0,15 days return,,Not Delivered (Others),2088
2018-09-28,655347002,1,UPI,655347002.0,No return,Not Returned,Delivered,3956
2018-09-25,596122003,2,UPI,596122003.0,15 days return,Returned,Delivered,1167
2018-10-17,661306005,1,Card,661306005.0,No return,Not Returned,Delivered,2629
2018-09-20,676990002,1,Card,676990002.0,7 days return,Not Returned,Delivered,3789
2018-10-05,663396001,1,Card,663396001.0,No return,Not Returned,Delivered,2069
2018-10-01,501820008,2,Card,501820008.0,No return,,Not Delivered (Others),4049
2018-09-21,712838007,2,UPI,712838007.0,7 days return,Returned,Delivered,274
2018-09-29,556255003,2,UPI,556255003.0,No return,Not Returned,Delivered,639
2018-10-07,552473028,2,Card,552473028.0,No return,Not Returned,Delivered,2879
2018-09-29,640727001,1,UPI,640727001.0,7 days return,Returned,Delivered,2788
2018-10-17,633130020,2,Cash,633130020.0,No return,Not Returned,Delivered,2883
2018-10-24,605939005,2,UPI,605939005.0,7 days return,Returned,Delivered,1673
2018-09-20,678983004,2,UPI,678983004.0,7 days return,,Not Delivered (Wrong Item),1111
2018-09-30,633450004,2,UPI,633450004.0,7 days return,Returned,Delivered,2999
2018-09-23,642105001,2,Card,642105001.0,7 days return,Not Returned,Delivered,210
2018-10-21,634727001,1,Card,634727001.0,15 days return,Not Returned,Delivered,3232
2018-10-30,694995002,1,UPI,694995002.0,No return,Not Returned,Delivered,1104
2018-10-24,537346026,2,Card,537346026.0,7 days return,Not Returned,Delivered,4345
2018-09-24,524825011,2,UPI,524825011.0,15 days return,Returned,Delivered,3368
2018-09-24,684210002,2,UPI,684210002.0,7 days return,Returned,Delivered,659
2018-09-29,507909015,1,UPI,507909015.0,7 days return,Returned,Delivered,3481
2018-09-29,635789001,2,UPI,635789001.0,No return,Not Returned,Delivered,4945
2018-10-12,654647002,2,UPI,654647002.0,7 days return,Not Returned,Delivered,1022
2018-10-13,610776007,2,Card,610776007.0,7 days return,Not Returned,Delivered,1994
2018-10-28,554450019,2,UPI,554450019.0,15 days return,Not Returned,Delivered,394
2018-10-27,673799001,2,Card,673799001.0,No return,Not Returned,Delivered,2502
2018-10-16,657476001,2,Card,657476001.0,7 days return,Returned,Delivered,3926
2018-09-23,686265002,2,UPI,686265002.0,7 days return,Not Returned,Delivered,1038
2018-10-13,574109011,2,Card,574109011.0,No return,Not Returned,Delivered,1177
2018-10-09,632829001,2,Card,632829001.0,No return,Not Returned,Delivered,1226
2018-10-24,710390001,2,UPI,710390001.0,15 days return,Not Returned,Delivered,3647
2018-10-27,552471004,2,Card,552471004.0,No return,Not Returned,Delivered,4922
2018-10-02,610776002,2,UPI,610776002.0,15 days return,Not Returned,Delivered,1270
2018-10-03,643575001,2,Card,643575001.0,7 days return,Not Returned,Delivered,348
2018-10-01,440811010,2,UPI,440811010.0,No return,Not Returned,Delivered,3525
2018-10-05,712838005,1,UPI,712838005.0,7 days return,,Not Delivered (Others),1775
2018-10-25,595779002,1,UPI,595779002.0,No return,Not Returned,Delivered,4660
2018-09-26,662728004,2,UPI,662728004.0,No return,Not Returned,Delivered,3593
2018-09-20,629305003,2,UPI,629305003.0,No return,Not Returned,Delivered,1593
2018-10-02,399201020,2,UPI,399201020.0,15 days return,Not Returned,Delivered,2372
2018-10-16,396135041,2,UPI,396135041.0,No return,,Not Delivered (Wrong Item),4026
2018-10-12,661162002,2,UPI,661162002.0,7 days return,Returned,Delivered,2872
2018-10-09,673363004,2,Card,673363004.0,No return,Not Returned,Delivered,2905
2018-10-24,509457037,2,UPI,509457037.0,No return,Not Returned,Delivered,2200
2018-10-26,683476001,2,Card,683476001.0,15 days return,Not Returned,Delivered,1450
2018-09-30,565379001,2,UPI,565379001.0,7 days return,Not Returned,Delivered,1452
2018-10-08,656388003,2,UPI,656388003.0,7 days return,Returned,Delivered,3932
2018-09-20,677848003,2,UPI,677848003.0,15 days return,Not Returned,Delivered,2361
2018-10-10,561445005,1,UPI,561445005.0,7 days return,Returned,Delivered,4301
2018-11-01,713428002,2,UPI,713428002.0,7 days return,,Not Delivered (Wrong Item),3645
2018-10-27,618399008,1,Card,618399008.0,15 days return,Not Returned,Delivered,1360
2018-10-27,648738021,2,UPI,648738021.0,No return,,Not Delivered (Wrong Item),1363
2018-10-16,626816001,2,Card,626816001.0,7 days return,Not Returned,Delivered,2190
2018-10-18,673900010,2,UPI,673900010.0,No return,Not Returned,Delivered,3166
2018-10-08,562245039,1,Card,562245039.0,15 days return,Not Returned,Delivered,3338
2018-10-24,711274002,2,UPI,711274002.0,No return,Not Returned,Delivered,4345
2018-10-19,491913022,1,Card,491913022.0,15 days return,Returned,Delivered,3874
2018-10-19,649671004,2,Card,649671004.0,No return,Not Returned,Delivered,3517
2018-10-27,490794024,2,UPI,490794024.0,7 days return,Returned,Delivered,2121
2018-10-05,705094003,1,UPI,705094003.0,7 days return,Not Returned,Delivered,3019
2018-10-11,366686011,2,UPI,366686011.0,No return,Not Returned,Delivered,499
2018-09-30,496111004,2,Card,496111004.0,7 days return,Not Returned,Delivered,4769
2018-09-29,688873005,1,Card,688873005.0,7 days return,Not Returned,Delivered,1788
2018-09-24,537116001,2,UPI,537116001.0,7 days return,Not Returned,Delivered,1161
2018-09-29,641686001,2,UPI,641686001.0,15 days return,Not Returned,Delivered,4909
2018-10-13,700828001,1,UPI,700828001.0,No return,Not Returned,Delivered,4340
2018-09-26,663515004,2,Cash,663515004.0,No return,Not Returned,Delivered,4479
2018-10-04,587026012,1,UPI,587026012.0,15 days return,Not Returned,Delivered,3235
2018-11-01,684712001,2,UPI,684712001.0,7 days return,,Not Delivered (Wrong Item),3027
2018-10-16,648339002,2,UPI,648339002.0,No return,Not Returned,Delivered,406
2018-10-27,620981001,2,UPI,620981001.0,7 days return,Not Returned,Delivered,3708
2018-09-24,686631003,2,UPI,686631003.0,15 days return,Not Returned,Delivered,4508
2018-10-27,616225015,1,UPI,616225015.0,15 days return,Not Returned,Delivered,4141
2018-09-27,559193001,1,Card,559193001.0,No return,Not Returned,Delivered,3210
2018-10-11,658339001,2,UPI,658339001.0,7 days return,Not Returned,Delivered,2682
2018-10-30,653291003,2,UPI,653291003.0,No return,Not Returned,Delivered,23
2018-10-20,628499008,1,UPI,628499008.0,No return,Not Returned,Delivered,2102
2018-10-26,631418004,2,UPI,631418004.0,15 days return,Returned,Delivered,2328
2018-10-13,688873001,2,UPI,688873001.0,No return,Not Returned,Delivered,4973
2018-10-11,562245050,2,UPI,562245050.0,15 days return,Not Returned,Delivered,2752
2018-10-31,703843004,2,Cash,703843004.0,15 days return,Not Returned,Delivered,4355
2018-10-07,665703002,2,Card,665703002.0,No return,Not Returned,Delivered,282
2018-10-22,355307042,2,UPI,355307042.0,No return,Not Returned,Delivered,824
2018-09-21,690478001,2,UPI,690478001.0,15 days return,,Not Delivered (Wrong Item),4011
2018-10-22,120129001,2,Card,120129001.0,15 days return,Not Returned,Delivered,3858
2018-09-30,678983008,2,UPI,678983008.0,No return,,Not Delivered (Wrong Item),2007
2018-10-25,583534010,2,Cash,583534010.0,No return,Not Returned,Delivered,4323
2018-10-20,671515001,2,UPI,671515001.0,15 days return,Not Returned,Delivered,2052
2018-09-24,688873017,2,UPI,688873017.0,15 days return,,Not Delivered (Wrong Item),1225
2018-09-26,666448001,2,UPI,666448001.0,7 days return,Returned,Delivered,819
2018-10-31,562252014,2,UPI,562252014.0,7 days return,Returned,Delivered,4510
2018-10-13,575542004,1,Cash,575542004.0,No return,Not Returned,Delivered,3695
2018-10-25,636093001,2,UPI,636093001.0,15 days return,Not Returned,Delivered,92
2018-09-29,677037005,1,UPI,677037005.0,15 days return,Returned,Delivered,3326
2018-10-24,615042010,2,UPI,615042010.0,15 days return,Not Returned,Delivered,3514
2018-09-23,685687003,2,UPI,685687003.0,No return,Not Returned,Delivered,339
2018-10-22,640597003,2,Card,640597003.0,15 days return,Not Returned,Delivered,4391
2018-10-28,537346022,1,UPI,537346022.0,No return,Not Returned,Delivered,1681
2018-10-23,648173002,2,UPI,648173002.0,7 days return,Not Returned,Delivered,3939
2018-10-23,683572003,2,Cash,683572003.0,7 days return,Not Returned,Delivered,1977
2018-10-28,666944003,2,Card,666944003.0,7 days return,Not Returned,Delivered,3816
2018-09-28,692216005,2,UPI,692216005.0,No return,Not Returned,Delivered,4695
2018-10-05,524825011,1,Card,524825011.0,15 days return,Returned,Delivered,2235
2018-10-25,355072001,2,UPI,355072001.0,15 days return,Not Returned,Delivered,4709
2018-09-24,501820045,2,UPI,501820045.0,No return,Not Returned,Delivered,447
2018-10-10,629042001,2,UPI,629042001.0,No return,Not Returned,Delivered,2109
2018-10-02,636093001,2,Card,636093001.0,15 days return,,Not Delivered (Others),2372
2018-10-14,659222002,2,UPI,659222002.0,7 days return,Not Returned,Delivered,1667
2018-09-21,637661004,1,UPI,637661004.0,15 days return,Not Returned,Delivered,565
2018-10-16,637515003,2,UPI,637515003.0,No return,Not Returned,Delivered,3803
2018-10-17,677930003,2,UPI,677930003.0,No return,Not Returned,Delivered,2883
2018-10-28,674310002,2,UPI,674310002.0,7 days return,,Not Delivered (Wrong Item),3705
2018-09-21,557248009,1,UPI,557248009.0,No return,Not Returned,Delivered,4160
2018-10-10,399087014,2,UPI,399087014.0,No return,Not Returned,Delivered,1934
2018-10-11,665975002,1,Card,665975002.0,No return,Not Returned,Delivered,4298
2018-09-27,148033001,1,Card,148033001.0,No return,Not Returned,Delivered,2972
2018-10-09,659549001,2,Cash,659549001.0,7 days return,Returned,Delivered,2361
2018-10-10,613246004,2,UPI,613246004.0,7 days return,Not Returned,Delivered,3572
2018-10-20,533388008,2,UPI,533388008.0,7 days return,Returned,Delivered,1244
2018-10-09,646960001,2,UPI,646960001.0,15 days return,Not Returned,Delivered,3266
2018-10-28,642910001,1,UPI,642910001.0,15 days return,Returned,Delivered,1465
2018-10-23,640164001,2,Card,640164001.0,7 days return,Not Returned,Delivered,526
2018-10-22,457892003,2,UPI,457892003.0,No return,Not Returned,Delivered,178
2018-10-11,667378001,2,Cash,667378001.0,15 days return,Not Returned,Delivered,4612
2018-10-28,535783001,2,UPI,535783001.0,7 days return,Returned,Delivered,2898
2018-11-01,630116008,1,UPI,630116008.0,7 days return,Returned,Delivered,3036
2018-10-27,484108008,2,Cash,484108008.0,15 days return,Not Returned,Delivered,3772
2018-10-15,539723005,2,Card,539723005.0,7 days return,Not Returned,Delivered,658
2018-10-23,591088001,2,UPI,591088001.0,No return,Not Returned,Delivered,2940
2018-10-28,623695002,2,Card,623695002.0,7 days return,Not Returned,Delivered,2705
2018-10-31,571583001,2,Card,571583001.0,15 days return,Not Returned,Delivered,1939
2018-10-30,539723003,2,UPI,539723003.0,No return,Not Returned,Delivered,4005
2018-10-12,711718005,2,UPI,711718005.0,7 days return,Returned,Delivered,4617
2018-10-03,625917001,2,UPI,625917001.0,15 days return,Not Returned,Delivered,4744
2018-10-12,633741001,1,Cash,633741001.0,15 days return,Not Returned,Delivered,1464
2018-10-18,632177002,2,Cash,632177002.0,No return,Not Returned,Delivered,493
2018-10-11,610776001,2,UPI,610776001.0,No return,Not Returned,Delivered,1354
2018-09-28,452898009,2,UPI,452898009.0,7 days return,Returned,Delivered,3662
2018-09-29,659832001,2,Card,659832001.0,15 days return,Not Returned,Delivered,40
2018-09-29,545396001,1,UPI,545396001.0,7 days return,Not Returned,Delivered,126
2018-10-14,678296002,1,UPI,678296002.0,7 days return,Not Returned,Delivered,4202
2018-09-29,572797002,1,Card,572797002.0,No return,Not Returned,Delivered,3558
2018-10-13,662344001,2,UPI,662344001.0,7 days return,Not Returned,Delivered,60
2018-10-17,596472002,2,UPI,596472002.0,No return,Not Returned,Delivered,323
2018-09-23,708706001,2,UPI,708706001.0,No return,Not Returned,Delivered,2352
2018-09-20,539878003,2,UPI,539878003.0,7 days return,Not Returned,Delivered,2475
2018-10-31,610776022,1,UPI,610776022.0,No return,Not Returned,Delivered,2637
2018-10-16,567657012,1,UPI,567657012.0,15 days return,Not Returned,Delivered,761
2018-10-30,557248009,1,UPI,557248009.0,No return,Not Returned,Delivered,4628
2018-10-17,537722004,2,UPI,537722004.0,No return,Not Returned,Delivered,235
2018-09-30,695929002,2,UPI,695929002.0,7 days return,Returned,Delivered,2194
2018-10-03,714428001,2,UPI,714428001.0,15 days return,Returned,Delivered,3346
2018-10-03,594264003,2,UPI,594264003.0,15 days return,Not Returned,Delivered,1875
2018-10-23,613294001,2,Card,613294001.0,15 days return,Not Returned,Delivered,3386
2018-10-20,512251003,2,UPI,512251003.0,No return,Not Returned,Delivered,3308
2018-10-25,620221008,2,Card,620221008.0,15 days return,Not Returned,Delivered,2161
2018-10-27,561445005,1,UPI,561445005.0,7 days return,,Not Delivered (Others),2763
2018-09-24,568938001,2,Card,568938001.0,7 days return,Not Returned,Delivered,3152
2018-10-11,397068015,1,UPI,397068015.0,No return,Not Returned,Delivered,3612
2018-10-08,709198001,2,Card,709198001.0,7 days return,Not Returned,Delivered,4476
2018-10-18,669682001,1,Cash,669682001.0,15 days return,Not Returned,Delivered,1705
2018-10-11,663327002,1,UPI,663327002.0,7 days return,Not Returned,Delivered,2723
2018-10-17,436261001,1,Card,436261001.0,7 days return,Not Returned,Delivered,4772
2018-10-22,448262040,2,UPI,448262040.0,7 days return,Not Returned,Delivered,4472
2018-09-27,642161001,2,UPI,642161001.0,15 days return,Not Returned,Delivered,4932
2018-09-29,625316004,2,Card,625316004.0,15 days return,Not Returned,Delivered,460
2018-10-08,355569001,1,UPI,355569001.0,No return,Not Returned,Delivered,4814
2018-10-23,668537001,2,UPI,668537001.0,No return,,Not Delivered (Wrong Item),1276
2018-09-28,557247001,1,UPI,557247001.0,No return,Not Returned,Delivered,2645
2018-10-21,538993005,2,UPI,538993005.0,15 days return,Not Returned,Delivered,1392
2018-10-12,671858003,2,UPI,671858003.0,15 days return,Not Returned,Delivered,4455
2018-10-14,569984016,1,UPI,569984016.0,No return,Not Returned,Delivered,4904
2018-10-31,678715002,2,UPI,678715002.0,15 days return,Not Returned,Delivered,511
2018-09-28,451380001,2,UPI,451380001.0,15 days return,Not Returned,Delivered,4833
2018-10-06,636455012,1,Cash,636455012.0,7 days return,Not Returned,Delivered,3086
2018-10-26,630116001,1,UPI,630116001.0,15 days return,Not Returned,Delivered,2949
2018-09-29,552471001,2,Card,552471001.0,7 days return,,Not Delivered (Wrong Item),985
2018-10-03,573566004,1,UPI,573566004.0,No return,Not Returned,Delivered,4661
2018-10-23,641472001,2,Card,641472001.0,15 days return,Not Returned,Delivered,2038
2018-10-17,616225002,1,UPI,616225002.0,15 days return,Returned,Delivered,4192
2018-10-17,663679001,2,Card,663679001.0,15 days return,Not Returned,Delivered,554
2018-09-29,619262001,2,UPI,619262001.0,15 days return,Returned,Delivered,613
2018-10-19,657512001,1,UPI,657512001.0,7 days return,Returned,Delivered,1887
2018-10-18,629551003,2,Cash,629551003.0,No return,Not Returned,Delivered,2625
2018-09-26,648935001,2,UPI,648935001.0,15 days return,Not Returned,Delivered,1440
2018-10-27,705094002,1,UPI,705094002.0,No return,Not Returned,Delivered,2493
2018-10-13,629824001,2,Card,629824001.0,15 days return,Returned,Delivered,1329
2018-10-12,714415001,1,Card,714415001.0,No return,Not Returned,Delivered,102
2018-10-25,453765004,2,UPI,453765004.0,15 days return,Returned,Delivered,3122
2018-10-14,433444001,1,UPI,433444001.0,7 days return,,Not Delivered (Others),3696
2018-09-21,685687004,2,Card,685687004.0,7 days return,,Not Delivered (Wrong Item),121
2018-10-23,640462001,2,Card,640462001.0,7 days return,Not Returned,Delivered,1793
2018-09-30,692454002,2,UPI,692454002.0,No return,Not Returned,Delivered,2999
2018-09-28,552346004,2,UPI,552346004.0,No return,Not Returned,Delivered,4308
2018-09-26,562245058,2,UPI,562245058.0,15 days return,,Not Delivered (Others),4985
2018-10-11,579541030,1,Card,579541030.0,15 days return,Returned,Delivered,4433
2018-09-29,684210001,1,UPI,684210001.0,15 days return,Not Returned,Delivered,4704
2018-09-24,446224011,2,UPI,446224011.0,15 days return,Not Returned,Delivered,4291
2018-10-28,668537001,2,UPI,668537001.0,No return,Not Returned,Delivered,3646
2018-10-13,454544002,1,UPI,454544002.0,No return,Not Returned,Delivered,3684
2018-10-15,598755001,1,UPI,598755001.0,No return,Not Returned,Delivered,2599
2018-10-03,634015009,1,UPI,634015009.0,15 days return,,Not Delivered (Others),2597
2018-10-21,630116006,2,UPI,630116006.0,No return,Not Returned,Delivered,773
2018-10-28,617322003,2,UPI,617322003.0,No return,Not Returned,Delivered,4445
2018-10-25,579907001,2,UPI,579907001.0,15 days return,Returned,Delivered,1410
2018-10-13,547752004,2,UPI,547752004.0,7 days return,Not Returned,Delivered,299
2018-10-01,608483007,2,Cash,608483007.0,7 days return,Not Returned,Delivered,3682
2018-09-20,640639001,2,UPI,640639001.0,15 days return,,Not Delivered (Others),66
2018-10-16,534164011,2,Card,534164011.0,No return,Not Returned,Delivered,345
2018-10-05,704824001,2,UPI,704824001.0,No return,Not Returned,Delivered,2900
2018-10-31,594541002,2,UPI,594541002.0,No return,Not Returned,Delivered,2455
2018-10-11,639151002,1,UPI,639151002.0,7 days return,Not Returned,Delivered,4436
2018-10-22,514577012,2,UPI,514577012.0,15 days return,Returned,Delivered,3377
2018-10-24,556255003,2,UPI,556255003.0,No return,Not Returned,Delivered,2180
2018-10-09,675203003,2,UPI,675203003.0,No return,Not Returned,Delivered,4187
2018-09-26,399256023,2,UPI,399256023.0,15 days return,Not Returned,Delivered,1474
2018-10-04,639685003,2,UPI,639685003.0,7 days return,Returned,Delivered,826
2018-09-28,519583008,2,UPI,519583008.0,No return,Not Returned,Delivered,3898
2018-10-18,588299001,2,Card,588299001.0,No return,Not Returned,Delivered,2751
2018-10-31,626816003,2,UPI,626816003.0,7 days return,Not Returned,Delivered,1832
2018-09-28,682739001,1,Card,682739001.0,7 days return,Returned,Delivered,4494
2018-09-25,650677004,2,Card,650677004.0,7 days return,Returned,Delivered,2560
2018-10-24,519583028,2,UPI,519583028.0,No return,Not Returned,Delivered,2030
2018-10-26,636378003,2,Card,636378003.0,15 days return,Not Returned,Delivered,3857
2018-10-04,587782001,2,UPI,587782001.0,7 days return,Not Returned,Delivered,675
2018-10-26,399201022,1,Cash,399201022.0,15 days return,Not Returned,Delivered,2273
2018-10-21,613497003,2,UPI,613497003.0,7 days return,Not Returned,Delivered,3405
2018-10-29,673597001,1,UPI,673597001.0,7 days return,Not Returned,Delivered,3907
2018-10-17,539723003,2,Cash,539723003.0,No return,Not Returned,Delivered,2475
2018-09-23,537346024,2,Card,537346024.0,15 days return,Not Returned,Delivered,3507
2018-10-17,524061003,2,Card,524061003.0,7 days return,Not Returned,Delivered,3745
2018-10-11,543054006,2,Cash,543054006.0,15 days return,Not Returned,Delivered,2296
2018-10-27,520509001,2,UPI,520509001.0,15 days return,Not Returned,Delivered,2199
2018-10-18,631418002,2,UPI,631418002.0,No return,Not Returned,Delivered,874
2018-10-11,690995003,2,Cash,690995003.0,No return,Not Returned,Delivered,480
2018-10-21,564792001,1,UPI,564792001.0,15 days return,Not Returned,Delivered,298
2018-09-29,705094002,1,Card,705094002.0,No return,Not Returned,Delivered,4025
2018-10-23,605939005,2,UPI,605939005.0,7 days return,Not Returned,Delivered,3367
2018-10-15,556625001,2,Card,556625001.0,No return,Not Returned,Delivered,3267
2018-09-21,403448007,2,UPI,403448007.0,15 days return,Returned,Delivered,92
2018-10-01,662868002,1,Cash,662868002.0,No return,,Not Delivered (Wrong Item),1628
2018-10-02,570003008,1,UPI,570003008.0,15 days return,Returned,Delivered,1124
2018-10-16,678230005,2,Cash,678230005.0,15 days return,Not Returned,Delivered,2112
2018-10-02,642699001,2,UPI,642699001.0,No return,,Not Delivered (Wrong Item),3864
2018-09-24,552471023,2,UPI,552471023.0,No return,Not Returned,Delivered,2711
2018-10-12,504152009,2,UPI,504152009.0,7 days return,Returned,Delivered,2219
2018-10-31,651863002,2,Cash,651863002.0,No return,,Not Delivered (Wrong Item),4357
2018-10-24,551045044,1,UPI,551045044.0,7 days return,Not Returned,Delivered,2859
2018-10-10,626263023,2,Cash,626263023.0,7 days return,Not Returned,Delivered,2727
2018-10-13,537612026,1,Card,537612026.0,15 days return,Not Returned,Delivered,2044
2018-09-29,687260001,2,UPI,687260001.0,15 days return,Not Returned,Delivered,2760
2018-10-03,691839001,2,Card,691839001.0,No return,Not Returned,Delivered,1177
2018-10-02,620208020,2,UPI,620208020.0,15 days return,Returned,Delivered,2742
2018-10-11,123173001,1,UPI,123173001.0,7 days return,Returned,Delivered,3767
2018-10-28,660459001,2,Cash,660459001.0,7 days return,Not Returned,Delivered,3665
2018-10-14,543054009,1,UPI,543054009.0,7 days return,Not Returned,Delivered,1940
2018-09-25,651273001,2,Cash,651273001.0,15 days return,Not Returned,Delivered,1108
2018-10-15,618784002,2,UPI,618784002.0,7 days return,Not Returned,Delivered,3037
2018-10-26,717020001,2,UPI,717020001.0,7 days return,Not Returned,Delivered,4315
2018-10-10,659459001,1,UPI,659459001.0,7 days return,Returned,Delivered,4274
2018-11-01,656388001,2,Cash,656388001.0,7 days return,Not Returned,Delivered,4933
2018-09-24,685687002,2,UPI,685687002.0,15 days return,,Not Delivered (Wrong Item),2954
2018-10-24,667870002,2,UPI,667870002.0,7 days return,Returned,Delivered,3514
2018-09-24,671022001,2,UPI,671022001.0,15 days return,Not Returned,Delivered,4508
2018-10-01,550309001,1,Card,550309001.0,No return,Not Returned,Delivered,289
2018-11-01,634426005,1,UPI,634426005.0,15 days return,Not Returned,Delivered,1423
2018-09-28,608483007,2,Card,608483007.0,7 days return,Not Returned,Delivered,3604
2018-10-21,573085028,2,UPI,573085028.0,No return,Not Returned,Delivered,3240
2018-10-23,594581011,2,UPI,594581011.0,7 days return,Not Returned,Delivered,2282
2018-09-29,581086004,2,UPI,581086004.0,15 days return,Returned,Delivered,918
2018-10-13,619595002,2,UPI,619595002.0,No return,Not Returned,Delivered,3996
2018-10-24,660712007,2,UPI,660712007.0,No return,Not Returned,Delivered,1921
2018-10-31,573085020,1,UPI,573085020.0,15 days return,Not Returned,Delivered,2797
2018-09-20,688873001,1,UPI,688873001.0,No return,Not Returned,Delivered,2026
2018-10-01,608007002,2,UPI,608007002.0,15 days return,Returned,Delivered,2241
2018-10-01,660308002,1,Card,660308002.0,15 days return,Returned,Delivered,760
2018-10-06,613456001,1,UPI,613456001.0,7 days return,Not Returned,Delivered,3836
2018-10-04,189616007,2,UPI,189616007.0,No return,Not Returned,Delivered,3012
2018-10-26,610776007,2,UPI,610776007.0,7 days return,Not Returned,Delivered,4435
2018-10-27,677899001,1,Cash,677899001.0,No return,Not Returned,Delivered,1082
2018-10-28,556255003,2,UPI,556255003.0,No return,Not Returned,Delivered,508
2018-09-26,564523004,1,UPI,564523004.0,No return,Not Returned,Delivered,3149
2018-09-20,578846003,2,UPI,578846003.0,15 days return,,Not Delivered (Wrong Item),2639
2018-09-23,639672001,2,Card,639672001.0,15 days return,Not Returned,Delivered,4753
2018-10-25,625939014,1,Card,625939014.0,15 days return,Not Returned,Delivered,1911
2018-10-11,660369005,2,UPI,660369005.0,15 days return,Not Returned,Delivered,154
2018-10-28,595600001,2,UPI,595600001.0,7 days return,Returned,Delivered,741
2018-10-17,568831002,2,UPI,568831002.0,No return,Not Returned,Delivered,1306
2018-10-16,677688002,2,Cash,677688002.0,No return,Not Returned,Delivered,4636
2018-10-02,577512001,2,UPI,577512001.0,15 days return,Returned,Delivered,4888
2018-09-25,591334020,2,Card,591334020.0,7 days return,,Not Delivered (Wrong Item),4144
2018-09-29,648995005,1,UPI,648995005.0,No return,Not Returned,Delivered,2965
2018-10-15,612182014,2,UPI,612182014.0,15 days return,Not Returned,Delivered,959
2018-09-29,588689001,1,Card,588689001.0,15 days return,Not Returned,Delivered,3380
2018-10-21,516712001,2,UPI,516712001.0,7 days return,Not Returned,Delivered,1213
2018-09-23,644073001,2,Card,644073001.0,7 days return,Returned,Delivered,2551
2018-09-29,669713001,2,UPI,669713001.0,15 days return,Not Returned,Delivered,203
2018-10-22,562245034,2,UPI,562245034.0,7 days return,Not Returned,Delivered,2940
2018-10-25,355072002,2,UPI,355072002.0,No return,Not Returned,Delivered,4709
2018-09-20,529841001,2,UPI,529841001.0,7 days return,Returned,Delivered,58
2018-09-29,628427003,1,UPI,628427003.0,7 days return,Returned,Delivered,4010
2018-10-24,679437001,1,Card,679437001.0,No return,Not Returned,Delivered,1104
2018-10-28,540277004,2,UPI,540277004.0,No return,Not Returned,Delivered,276
2018-09-26,599083009,2,UPI,599083009.0,No return,Not Returned,Delivered,2062
2018-09-29,399256018,1,Cash,399256018.0,7 days return,Not Returned,Delivered,3646
2018-10-23,639260001,1,UPI,639260001.0,No return,Not Returned,Delivered,1769
2018-10-31,620855001,2,UPI,620855001.0,15 days return,Not Returned,Delivered,2577
2018-09-24,686265003,2,UPI,686265003.0,No return,Not Returned,Delivered,426
2018-10-22,312878001,2,UPI,312878001.0,15 days return,Not Returned,Delivered,4330
2018-09-23,685687003,2,UPI,685687003.0,No return,Not Returned,Delivered,3160
2018-09-25,399223024,2,UPI,399223024.0,7 days return,Not Returned,Delivered,1633
2018-10-16,341242007,2,UPI,341242007.0,15 days return,,Not Delivered (Others),1966
2018-10-02,669034005,2,UPI,669034005.0,15 days return,Not Returned,Delivered,4734
2018-10-08,507909023,2,UPI,507909023.0,7 days return,Returned,Delivered,3932
2018-09-20,568597009,2,UPI,568597009.0,7 days return,Not Returned,Delivered,3556
2018-10-27,636455012,2,UPI,636455012.0,7 days return,Returned,Delivered,3408
2018-09-29,687432002,1,Cash,687432002.0,No return,Not Returned,Delivered,4262
2018-10-16,651558020,2,Card,651558020.0,7 days return,Returned,Delivered,2241
2018-10-17,675139006,2,UPI,675139006.0,7 days return,Returned,Delivered,4543
2018-10-11,145872037,2,Card,145872037.0,7 days return,Not Returned,Delivered,861
2018-10-03,637820002,2,Card,637820002.0,15 days return,Returned,Delivered,2896
2018-10-24,520627003,1,UPI,520627003.0,No return,Not Returned,Delivered,619
2018-10-09,635673001,2,Card,635673001.0,No return,Not Returned,Delivered,3182
2018-10-10,644630002,2,Card,644630002.0,15 days return,Returned,Delivered,2592
2018-10-30,567475001,2,Card,567475001.0,7 days return,Not Returned,Delivered,4699
2018-09-26,672491002,2,UPI,672491002.0,7 days return,Not Returned,Delivered,2022
2018-09-28,662857004,1,Card,662857004.0,15 days return,,Not Delivered (Wrong Item),3125
2018-10-20,666254001,2,Card,666254001.0,No return,Not Returned,Delivered,2845
2018-10-06,568597018,1,UPI,568597018.0,7 days return,Returned,Delivered,2305
2018-10-17,693951005,1,UPI,693951005.0,No return,,Not Delivered (Wrong Item),2657
2018-10-14,501820043,1,UPI,501820043.0,7 days return,,Not Delivered (Wrong Item),4565
2018-10-27,504154022,2,Card,504154022.0,No return,Not Returned,Delivered,1082
2018-10-02,678073002,2,Cash,678073002.0,No return,Not Returned,Delivered,1720
2018-10-05,682848002,1,Card,682848002.0,No return,Not Returned,Delivered,2069
2018-10-30,443696015,1,UPI,443696015.0,15 days return,Not Returned,Delivered,479
2018-10-23,572400013,2,UPI,572400013.0,7 days return,Returned,Delivered,1306
2018-09-21,573085014,2,Cash,573085014.0,15 days return,Not Returned,Delivered,1505
2018-10-24,108775015,2,Card,108775015.0,15 days return,Not Returned,Delivered,2180
2018-10-24,399136033,2,UPI,399136033.0,7 days return,Not Returned,Delivered,2180
2018-09-29,652655003,1,UPI,652655003.0,7 days return,Not Returned,Delivered,3756
2018-10-26,654772003,2,UPI,654772003.0,No return,Not Returned,Delivered,4327
2018-10-11,616711005,1,Card,616711005.0,No return,Not Returned,Delivered,3714
2018-10-10,578487011,2,UPI,578487011.0,No return,Not Returned,Delivered,494
2018-09-29,567893004,2,UPI,567893004.0,7 days return,Not Returned,Delivered,2223
2018-10-10,539723003,1,UPI,539723003.0,No return,Not Returned,Delivered,2258
2018-09-29,514182003,2,UPI,514182003.0,15 days return,Not Returned,Delivered,825
2018-10-23,554704004,2,Card,554704004.0,No return,Not Returned,Delivered,3206
2018-10-10,237347004,2,Cash,237347004.0,15 days return,Not Returned,Delivered,2388
2018-10-30,690618001,1,Cash,690618001.0,7 days return,Not Returned,Delivered,2088
2018-10-09,657510001,2,UPI,657510001.0,15 days return,Returned,Delivered,3266
2018-10-04,626704005,2,UPI,626704005.0,15 days return,Not Returned,Delivered,3022
2018-10-21,507909003,1,Card,507909003.0,No return,Not Returned,Delivered,795
2018-10-13,568597006,2,Card,568597006.0,No return,Not Returned,Delivered,3364
2018-09-26,626257008,1,UPI,626257008.0,7 days return,Returned,Delivered,1202
2018-10-11,524529004,2,UPI,524529004.0,No return,Not Returned,Delivered,4612
2018-09-22,654772003,2,UPI,654772003.0,No return,Not Returned,Delivered,4723
2018-09-25,399201024,2,Card,399201024.0,No return,Not Returned,Delivered,2667
2018-09-22,656059002,1,UPI,656059002.0,7 days return,Not Returned,Delivered,380
2018-09-29,502186011,2,UPI,502186011.0,7 days return,Returned,Delivered,3814
2018-10-17,711521001,2,Cash,711521001.0,No return,Not Returned,Delivered,1307
2018-10-18,663830007,1,Card,663830007.0,15 days return,Returned,Delivered,4171
2018-09-27,552346014,2,UPI,552346014.0,15 days return,Not Returned,Delivered,1247
2018-09-29,555351012,1,UPI,555351012.0,No return,Not Returned,Delivered,4802
2018-10-02,662888004,1,UPI,662888004.0,15 days return,Returned,Delivered,1194
2018-09-23,703046002,1,Card,703046002.0,15 days return,Not Returned,Delivered,2932
2018-09-28,448509017,2,Card,448509017.0,7 days return,Not Returned,Delivered,2767
2018-10-30,678821004,2,UPI,678821004.0,7 days return,Not Returned,Delivered,254
2018-09-26,657497006,2,UPI,657497006.0,7 days return,Returned,Delivered,1159
2018-10-17,629760002,1,UPI,629760002.0,7 days return,Not Returned,Delivered,727
2018-09-30,523936019,1,Card,523936019.0,7 days return,Returned,Delivered,3082
2018-10-19,537119003,1,Card,537119003.0,No return,Not Returned,Delivered,4917
2018-10-04,562245057,1,UPI,562245057.0,7 days return,Not Returned,Delivered,3790
2018-10-27,626438004,1,Card,626438004.0,15 days return,Not Returned,Delivered,2190
2018-09-23,536699005,2,Card,536699005.0,No return,Not Returned,Delivered,3002
2018-11-01,573716012,2,Cash,573716012.0,7 days return,Not Returned,Delivered,3006
2018-10-18,583534013,2,UPI,583534013.0,15 days return,Not Returned,Delivered,376
2018-10-10,656099002,1,UPI,656099002.0,No return,,Not Delivered (Wrong Item),1256
2018-10-03,556260002,2,UPI,556260002.0,No return,Not Returned,Delivered,2916
2018-10-09,516000034,2,UPI,516000034.0,7 days return,Returned,Delivered,4645
2018-10-24,568601016,1,UPI,568601016.0,7 days return,Returned,Delivered,3319
2018-10-08,529953006,2,UPI,529953006.0,15 days return,Not Returned,Delivered,1792
2018-10-11,501820006,1,UPI,501820006.0,15 days return,Returned,Delivered,1703
2018-10-10,629042005,2,UPI,629042005.0,No return,,Not Delivered (Wrong Item),2109
2018-09-28,650722001,2,Card,650722001.0,15 days return,Returned,Delivered,3996
2018-10-13,552473029,1,Card,552473029.0,7 days return,Not Returned,Delivered,2451
2018-09-29,537688015,1,Card,537688015.0,7 days return,Not Returned,Delivered,3724
2018-09-28,625532002,2,UPI,625532002.0,7 days return,,Not Delivered (Others),4609
2018-10-18,562245046,1,UPI,562245046.0,15 days return,Not Returned,Delivered,762
2018-10-22,490098001,2,Cash,490098001.0,No return,Not Returned,Delivered,2290
2018-10-27,576156001,2,UPI,576156001.0,No return,Not Returned,Delivered,2208
2018-10-16,510018002,2,Card,510018002.0,7 days return,Not Returned,Delivered,2935
2018-09-23,646536001,2,Card,646536001.0,No return,,Not Delivered (Others),4988
2018-10-09,448509014,2,Cash,448509014.0,15 days return,Not Returned,Delivered,4257
2018-10-21,607247002,2,UPI,607247002.0,7 days return,Not Returned,Delivered,3506
2018-10-31,665481001,1,Card,665481001.0,7 days return,Returned,Delivered,3561
2018-10-11,318914025,1,Card,318914025.0,No return,Not Returned,Delivered,3375
2018-10-19,551336006,1,UPI,551336006.0,7 days return,,Not Delivered (Others),1984
2018-10-24,697980001,1,UPI,697980001.0,15 days return,Not Returned,Delivered,3319
2018-09-29,516656003,2,UPI,516656003.0,15 days return,Returned,Delivered,1228
2018-09-24,592975013,1,UPI,592975013.0,7 days return,Returned,Delivered,2227
2018-10-16,568013001,2,Card,568013001.0,15 days return,Returned,Delivered,1187
2018-10-18,688873011,2,Card,688873011.0,7 days return,Returned,Delivered,1843
2018-10-06,639976001,1,UPI,639976001.0,No return,,Not Delivered (Wrong Item),3109
2018-10-26,315352008,2,Cash,315352008.0,7 days return,Not Returned,Delivered,1706
2018-09-28,554141003,2,Card,554141003.0,15 days return,Returned,Delivered,4609
2018-10-12,663944001,1,Cash,663944001.0,7 days return,,Not Delivered (Others),3757
2018-10-01,688432001,2,UPI,688432001.0,No return,Not Returned,Delivered,2679
2018-09-28,687524002,2,UPI,687524002.0,No return,Not Returned,Delivered,3582
2018-10-10,598859001,2,UPI,598859001.0,No return,Not Returned,Delivered,706
2018-10-28,532877002,2,UPI,532877002.0,No return,,Not Delivered (Others),4788
2018-10-29,637255001,2,UPI,637255001.0,No return,Not Returned,Delivered,4755
2018-10-13,688873015,1,UPI,688873015.0,7 days return,Not Returned,Delivered,996
2018-09-24,381038033,2,UPI,381038033.0,15 days return,Returned,Delivered,1713
2018-09-29,630116017,1,Card,630116017.0,7 days return,Not Returned,Delivered,2586
2018-10-12,688873002,1,UPI,688873002.0,15 days return,,Not Delivered (Others),2118
2018-10-27,672598001,2,UPI,672598001.0,15 days return,Returned,Delivered,4632
2018-09-28,633136005,2,Card,633136005.0,15 days return,Not Returned,Delivered,2786
2018-10-01,624257003,2,UPI,624257003.0,No return,Not Returned,Delivered,4496
2018-10-08,513373008,2,Card,513373008.0,15 days return,Not Returned,Delivered,577
2018-10-29,545449023,1,Card,545449023.0,7 days return,Not Returned,Delivered,4279
2018-10-28,704401001,2,UPI,704401001.0,7 days return,Returned,Delivered,1956
2018-09-29,630141001,2,Card,630141001.0,7 days return,Not Returned,Delivered,4358
2018-11-01,687524001,2,UPI,687524001.0,15 days return,Not Returned,Delivered,651
2018-10-05,633426003,1,UPI,633426003.0,No return,Not Returned,Delivered,4827
2018-10-28,672594001,2,UPI,672594001.0,7 days return,Not Returned,Delivered,3108
2018-10-25,673677003,2,UPI,673677003.0,7 days return,Not Returned,Delivered,4348
2018-10-25,640124003,2,UPI,640124003.0,15 days return,Returned,Delivered,1560
2018-10-22,615021020,2,UPI,615021020.0,15 days return,Not Returned,Delivered,2176
2018-10-01,665725001,2,UPI,665725001.0,7 days return,Not Returned,Delivered,3545
2018-10-15,656719003,2,Cash,656719003.0,No return,Not Returned,Delivered,4570
2018-10-30,545024003,1,UPI,545024003.0,7 days return,Returned,Delivered,4894
2018-10-06,507909004,1,UPI,507909004.0,7 days return,Not Returned,Delivered,4179
2018-09-28,673771001,1,Cash,673771001.0,7 days return,Not Returned,Delivered,2851
2018-10-27,399201002,2,Card,399201002.0,15 days return,Returned,Delivered,4718
2018-10-16,669520005,1,Cash,669520005.0,15 days return,Not Returned,Delivered,4859
2018-10-02,631848001,1,Cash,631848001.0,15 days return,Not Returned,Delivered,3400
2018-10-16,626816001,2,Card,626816001.0,7 days return,Returned,Delivered,2190
2018-10-27,686631003,1,Card,686631003.0,15 days return,Returned,Delivered,1272
2018-10-12,637673005,2,UPI,637673005.0,15 days return,Returned,Delivered,312
2018-10-20,111586001,1,UPI,111586001.0,7 days return,Returned,Delivered,327
2018-10-09,545986001,2,Card,545986001.0,No return,,Not Delivered (Wrong Item),2710
2018-10-17,641686001,2,UPI,641686001.0,15 days return,Not Returned,Delivered,3148
2018-10-23,675319006,1,Card,675319006.0,7 days return,,Not Delivered (Others),3663
2018-10-09,607400003,2,Card,607400003.0,15 days return,Not Returned,Delivered,4872
2018-10-24,688873002,2,UPI,688873002.0,15 days return,Not Returned,Delivered,2030
2018-09-30,671515003,2,Card,671515003.0,15 days return,Not Returned,Delivered,2154
2018-10-09,548932008,2,UPI,548932008.0,7 days return,Returned,Delivered,3182
2018-09-24,649494005,2,UPI,649494005.0,15 days return,Returned,Delivered,2530
2018-09-20,358483006,2,UPI,358483006.0,No return,,Not Delivered (Others),4220
2018-10-13,640124001,1,UPI,640124001.0,7 days return,Not Returned,Delivered,3810
2018-09-29,674482001,2,UPI,674482001.0,No return,Not Returned,Delivered,3823
2018-10-27,557247003,1,UPI,557247003.0,7 days return,Returned,Delivered,1444
2018-10-01,667499008,1,UPI,667499008.0,No return,Not Returned,Delivered,2616
2018-09-29,537346020,2,UPI,537346020.0,No return,,Not Delivered (Wrong Item),2379
2018-09-21,399256001,1,Card,399256001.0,No return,Not Returned,Delivered,1086
2018-10-09,715866002,1,UPI,715866002.0,15 days return,Not Returned,Delivered,2576
2018-10-12,555353008,1,Cash,555353008.0,15 days return,Not Returned,Delivered,4702
2018-10-16,179123001,2,UPI,179123001.0,15 days return,Not Returned,Delivered,646
2018-10-08,669682001,1,UPI,669682001.0,15 days return,Not Returned,Delivered,1225
2018-09-26,543310001,2,UPI,543310001.0,15 days return,Returned,Delivered,1440
2018-10-16,391750001,1,UPI,391750001.0,15 days return,Returned,Delivered,1333
2018-09-28,525518002,2,UPI,525518002.0,No return,Not Returned,Delivered,1815
2018-10-24,464454004,2,UPI,464454004.0,7 days return,Not Returned,Delivered,3
2018-10-20,556527010,2,Card,556527010.0,7 days return,Not Returned,Delivered,3979
2018-10-31,675657001,2,UPI,675657001.0,15 days return,,Not Delivered (Wrong Item),172
2018-10-13,640124002,2,UPI,640124002.0,15 days return,Not Returned,Delivered,673
2018-10-24,629551003,2,Cash,629551003.0,No return,Not Returned,Delivered,139
2018-10-24,585754001,2,Card,585754001.0,No return,Not Returned,Delivered,3488
2018-10-30,690480002,2,UPI,690480002.0,No return,Not Returned,Delivered,4070
2018-09-25,661152001,2,UPI,661152001.0,7 days return,Returned,Delivered,1323
2018-10-28,648414004,1,UPI,648414004.0,15 days return,Not Returned,Delivered,1779
2018-10-03,656719005,2,Cash,656719005.0,15 days return,,Not Delivered (Wrong Item),3829
2018-10-04,598806002,2,Card,598806002.0,15 days return,Not Returned,Delivered,3588
2018-09-21,237347036,1,UPI,237347036.0,15 days return,Returned,Delivered,614
2018-10-08,539723003,1,UPI,539723003.0,No return,Not Returned,Delivered,3200
2018-09-21,687424003,2,Cash,687424003.0,No return,Not Returned,Delivered,3578
2018-09-28,687365001,1,Card,687365001.0,15 days return,Not Returned,Delivered,963
2018-09-29,675203003,1,Card,675203003.0,No return,Not Returned,Delivered,3493
2018-10-12,662868001,2,Cash,662868001.0,7 days return,Returned,Delivered,1617
2018-10-22,540768002,1,UPI,540768002.0,15 days return,Returned,Delivered,2158
2018-10-01,562245039,2,UPI,562245039.0,15 days return,Not Returned,Delivered,1309
2018-10-21,399223001,2,UPI,399223001.0,15 days return,Returned,Delivered,254
2018-10-04,111586001,1,UPI,111586001.0,7 days return,Returned,Delivered,1756
2018-11-01,399201020,2,UPI,399201020.0,15 days return,Returned,Delivered,4385
2018-09-29,678861003,1,UPI,678861003.0,15 days return,Not Returned,Delivered,3215
2018-11-01,555102001,2,UPI,555102001.0,7 days return,Not Returned,Delivered,3993
2018-10-27,583534009,1,UPI,583534009.0,7 days return,Returned,Delivered,3786
2018-10-10,652747001,1,UPI,652747001.0,No return,Not Returned,Delivered,4336
2018-09-25,661166005,1,Cash,661166005.0,No return,Not Returned,Delivered,4811
2018-09-21,728162002,1,UPI,728162002.0,7 days return,Not Returned,Delivered,4369
2018-09-26,657174002,2,Cash,657174002.0,15 days return,Not Returned,Delivered,44
2018-10-17,680186002,2,UPI,680186002.0,15 days return,Returned,Delivered,4069
2018-10-14,657395007,2,UPI,657395007.0,15 days return,Not Returned,Delivered,2248
2018-10-27,678063001,2,UPI,678063001.0,15 days return,Not Returned,Delivered,2208
2018-10-01,667491002,2,Cash,667491002.0,No return,Not Returned,Delivered,3802
2018-10-26,399256003,2,UPI,399256003.0,7 days return,Not Returned,Delivered,2642
2018-10-10,615678005,2,UPI,615678005.0,15 days return,Not Returned,Delivered,1266
2018-11-01,671497001,2,UPI,671497001.0,7 days return,Not Returned,Delivered,2372
2018-10-23,616225002,2,UPI,616225002.0,15 days return,Not Returned,Delivered,2616
2018-10-07,662888001,2,Card,662888001.0,15 days return,Not Returned,Delivered,3287
2018-10-08,678073002,2,Card,678073002.0,No return,Not Returned,Delivered,84
2018-10-01,597891009,2,UPI,597891009.0,7 days return,Returned,Delivered,956
2018-10-11,550309005,1,UPI,550309005.0,No return,Not Returned,Delivered,4705
2018-09-20,685284001,1,Card,685284001.0,No return,Not Returned,Delivered,4772
2018-10-02,551336006,2,UPI,551336006.0,7 days return,Not Returned,Delivered,3821
2018-09-20,554450004,2,UPI,554450004.0,15 days return,,Not Delivered (Others),3894
2018-10-17,710390001,2,Card,710390001.0,15 days return,Not Returned,Delivered,3517
2018-10-25,554477008,2,UPI,554477008.0,7 days return,Returned,Delivered,564
2018-10-15,584778002,2,UPI,584778002.0,7 days return,Not Returned,Delivered,3916
2018-10-13,685631001,2,UPI,685631001.0,No return,Not Returned,Delivered,1145
2018-09-22,674310001,2,UPI,674310001.0,7 days return,Returned,Delivered,4704
2018-10-25,573085020,2,UPI,573085020.0,15 days return,Returned,Delivered,4726
2018-10-26,694995001,2,UPI,694995001.0,15 days return,Not Returned,Delivered,1647
2018-10-06,670233009,2,UPI,670233009.0,No return,Not Returned,Delivered,3807
2018-10-11,674913003,2,UPI,674913003.0,7 days return,Not Returned,Delivered,86
2018-10-29,687524002,2,UPI,687524002.0,No return,Not Returned,Delivered,651
2018-10-28,664190001,2,UPI,664190001.0,15 days return,Not Returned,Delivered,1217
2018-09-27,671491001,2,UPI,671491001.0,No return,Not Returned,Delivered,2035
2018-10-01,567820005,2,UPI,567820005.0,No return,Not Returned,Delivered,1631
2018-10-10,450604022,2,Cash,450604022.0,No return,Not Returned,Delivered,1880
2018-10-13,711288001,2,UPI,711288001.0,7 days return,Not Returned,Delivered,3364
2018-10-11,633781006,2,Cash,633781006.0,15 days return,Not Returned,Delivered,4272
2018-09-21,655580006,2,Cash,655580006.0,7 days return,Returned,Delivered,3832
2018-10-12,562252028,1,UPI,562252028.0,15 days return,Not Returned,Delivered,350
2018-10-28,529841002,2,UPI,529841002.0,15 days return,Returned,Delivered,1171
2018-10-01,652946001,2,Card,652946001.0,15 days return,Not Returned,Delivered,2902
2018-10-04,606692001,2,UPI,606692001.0,7 days return,Not Returned,Delivered,1358
2018-10-13,675281003,2,UPI,675281003.0,No return,Not Returned,Delivered,3441
2018-10-07,640124002,1,UPI,640124002.0,15 days return,Not Returned,Delivered,4792
2018-09-25,516809003,2,Card,516809003.0,7 days return,Not Returned,Delivered,614
2018-10-22,649437001,2,Card,649437001.0,7 days return,Returned,Delivered,325
2018-10-17,613246006,2,Cash,613246006.0,7 days return,Returned,Delivered,1754
2018-10-29,684968003,2,UPI,684968003.0,7 days return,Returned,Delivered,2806
2018-09-28,552346014,1,UPI,552346014.0,15 days return,,Not Delivered (Others),2504
2018-09-26,676065002,2,Card,676065002.0,No return,Not Returned,Delivered,1240
2018-09-26,306307002,2,Cash,306307002.0,7 days return,Returned,Delivered,4807
2018-10-03,632737001,2,UPI,632737001.0,No return,,Not Delivered (Wrong Item),1725
2018-09-25,564551009,1,UPI,564551009.0,7 days return,,Not Delivered (Wrong Item),4857
2018-10-22,562245059,2,UPI,562245059.0,15 days return,Not Returned,Delivered,325
2018-10-24,272591001,2,Cash,272591001.0,7 days return,Returned,Delivered,1755
2018-10-20,384654004,2,UPI,384654004.0,No return,Not Returned,Delivered,2920
2018-09-24,701129002,2,Card,701129002.0,No return,Not Returned,Delivered,2323
2018-09-29,672795002,2,Card,672795002.0,No return,,Not Delivered (Others),1794
2018-10-08,657168003,2,UPI,657168003.0,7 days return,,Not Delivered (Wrong Item),2473
2018-09-27,448509017,2,Cash,448509017.0,7 days return,Not Returned,Delivered,1506
2018-09-29,627569002,1,Cash,627569002.0,15 days return,Not Returned,Delivered,305
2018-10-10,668153001,2,UPI,668153001.0,No return,Not Returned,Delivered,1209
2018-10-27,679724001,1,UPI,679724001.0,15 days return,Not Returned,Delivered,714
2018-09-29,622314003,2,UPI,622314003.0,15 days return,Returned,Delivered,3044
2018-09-30,182909001,1,UPI,182909001.0,7 days return,Not Returned,Delivered,2744
2018-10-07,675378002,2,UPI,675378002.0,7 days return,Returned,Delivered,4639
2018-10-25,640174001,2,UPI,640174001.0,7 days return,Not Returned,Delivered,4767
2018-09-25,411413017,2,Card,411413017.0,15 days return,Not Returned,Delivered,3706
2018-09-28,633870002,1,Card,633870002.0,7 days return,,Not Delivered (Wrong Item),3956
2018-09-29,613551002,2,UPI,613551002.0,15 days return,Not Returned,Delivered,4909
2018-10-18,399136011,2,UPI,399136011.0,15 days return,Not Returned,Delivered,1178
2018-09-30,573085005,2,Card,573085005.0,7 days return,Returned,Delivered,1103
2018-10-09,643202005,2,Cash,643202005.0,15 days return,Returned,Delivered,964
2018-10-27,635957003,2,UPI,635957003.0,15 days return,Not Returned,Delivered,1020
2018-10-01,579541026,2,UPI,579541026.0,No return,Not Returned,Delivered,781
2018-10-21,552471033,2,UPI,552471033.0,No return,,Not Delivered (Others),2543
2018-09-26,608952004,2,Card,608952004.0,15 days return,,Not Delivered (Wrong Item),4912
2018-10-11,537688010,1,UPI,537688010.0,15 days return,Returned,Delivered,173
2018-10-31,695583003,2,UPI,695583003.0,No return,Not Returned,Delivered,1714
2018-10-24,473954008,1,UPI,473954008.0,No return,,Not Delivered (Wrong Item),73
2018-11-01,721866001,2,UPI,721866001.0,No return,Not Returned,Delivered,2163
2018-09-29,643200001,1,UPI,643200001.0,No return,Not Returned,Delivered,2442
2018-10-21,570002024,1,UPI,570002024.0,15 days return,Returned,Delivered,3207
2018-10-11,578487011,2,UPI,578487011.0,No return,Not Returned,Delivered,2130
2018-10-20,237347011,1,Card,237347011.0,7 days return,Returned,Delivered,4716
2018-10-03,644379001,2,UPI,644379001.0,15 days return,,Not Delivered (Others),3096
2018-10-16,614622006,2,Card,614622006.0,7 days return,Not Returned,Delivered,4874
2018-10-02,533230002,2,UPI,533230002.0,7 days return,,Not Delivered (Wrong Item),2830
2018-10-13,561403001,2,Cash,561403001.0,15 days return,Not Returned,Delivered,274
2018-09-29,574057001,2,Card,574057001.0,No return,Not Returned,Delivered,932
2018-09-23,647389001,2,UPI,647389001.0,7 days return,Not Returned,Delivered,4131
2018-10-28,692158001,2,UPI,692158001.0,No return,Not Returned,Delivered,1956
2018-10-19,351332007,2,Card,351332007.0,No return,Not Returned,Delivered,4776
2018-10-03,640331001,2,Cash,640331001.0,15 days return,Not Returned,Delivered,1806
2018-10-08,572124006,2,UPI,572124006.0,No return,Not Returned,Delivered,2403
2018-10-01,562245001,2,UPI,562245001.0,15 days return,Returned,Delivered,3965
2018-10-28,633131002,2,UPI,633131002.0,7 days return,,Not Delivered (Wrong Item),2294
2018-09-29,537688010,1,UPI,537688010.0,15 days return,Returned,Delivered,232
2018-10-13,650799002,2,Cash,650799002.0,7 days return,Not Returned,Delivered,1894
2018-10-16,653567001,2,UPI,653567001.0,15 days return,Not Returned,Delivered,406
2018-10-10,572127015,2,Card,572127015.0,7 days return,Not Returned,Delivered,4976
2018-09-29,626588003,1,UPI,626588003.0,No return,Not Returned,Delivered,2978
2018-09-30,670752001,2,UPI,670752001.0,7 days return,Returned,Delivered,1382
2018-10-22,662980002,1,Card,662980002.0,No return,Not Returned,Delivered,938
2018-10-20,577648001,2,UPI,577648001.0,7 days return,Returned,Delivered,638
2018-10-10,640001002,2,UPI,640001002.0,15 days return,Not Returned,Delivered,3715
2018-10-18,657251004,2,UPI,657251004.0,7 days return,Not Returned,Delivered,3444
2018-09-28,717130003,2,Cash,717130003.0,No return,Not Returned,Delivered,4004
2018-10-18,675508001,2,UPI,675508001.0,7 days return,Not Returned,Delivered,889
2018-09-28,565200018,1,UPI,565200018.0,7 days return,Not Returned,Delivered,3057
2018-09-23,384851001,2,UPI,384851001.0,No return,Not Returned,Delivered,4988
2018-10-30,555102001,2,UPI,555102001.0,7 days return,Not Returned,Delivered,1036
2018-10-12,628499011,2,UPI,628499011.0,No return,Not Returned,Delivered,4176
2018-10-28,649223002,2,UPI,649223002.0,No return,Not Returned,Delivered,1022
2018-10-22,675952009,2,Cash,675952009.0,No return,Not Returned,Delivered,45
2018-10-13,504154021,1,UPI,504154021.0,15 days return,Not Returned,Delivered,895
2018-10-26,123173001,1,Card,123173001.0,7 days return,Not Returned,Delivered,2886
2018-10-28,673260005,2,UPI,673260005.0,7 days return,Returned,Delivered,414
2018-09-29,552370002,1,UPI,552370002.0,No return,Not Returned,Delivered,4640
2018-10-27,549914003,1,UPI,549914003.0,7 days return,Returned,Delivered,3993
2018-10-21,316441011,2,UPI,316441011.0,No return,Not Returned,Delivered,3720
2018-10-26,123173001,1,Card,123173001.0,7 days return,Returned,Delivered,2886
2018-10-06,591334003,1,UPI,591334003.0,15 days return,Returned,Delivered,268
2018-10-23,558986001,2,Card,558986001.0,15 days return,Not Returned,Delivered,40
2018-09-28,660320001,1,UPI,660320001.0,No return,Not Returned,Delivered,3057
2018-09-29,636935001,1,UPI,636935001.0,7 days return,Not Returned,Delivered,3724
2018-09-28,506110001,2,UPI,506110001.0,No return,Not Returned,Delivered,2323
2018-10-20,693951005,1,UPI,693951005.0,No return,Not Returned,Delivered,2515
2018-10-30,539723005,2,UPI,539723005.0,7 days return,Returned,Delivered,4005
2018-10-25,619207002,2,Cash,619207002.0,7 days return,Not Returned,Delivered,2804
2018-09-28,575141001,2,UPI,575141001.0,7 days return,Returned,Delivered,2956
2018-10-11,625819001,2,UPI,625819001.0,No return,Not Returned,Delivered,154
2018-10-08,652946001,2,UPI,652946001.0,15 days return,Not Returned,Delivered,2902
2018-10-11,301656017,1,UPI,301656017.0,7 days return,Not Returned,Delivered,2238
2018-10-23,697980003,2,UPI,697980003.0,No return,,Not Delivered (Wrong Item),3792
2018-09-26,692066001,2,UPI,692066001.0,7 days return,Not Returned,Delivered,2373
2018-10-24,657395003,2,UPI,657395003.0,No return,Not Returned,Delivered,3421
2018-10-05,318914001,2,UPI,318914001.0,15 days return,Not Returned,Delivered,2076
2018-09-20,502186011,2,Cash,502186011.0,7 days return,Returned,Delivered,1704
2018-09-27,623434012,1,UPI,623434012.0,7 days return,Not Returned,Delivered,1448
2018-10-16,630145001,1,UPI,630145001.0,7 days return,Not Returned,Delivered,4142
2018-10-17,644534002,2,Card,644534002.0,7 days return,Not Returned,Delivered,3821
2018-09-29,523776003,1,UPI,523776003.0,7 days return,Returned,Delivered,1290
2018-10-10,480093001,2,UPI,480093001.0,No return,Not Returned,Delivered,2592
2018-10-13,573716037,1,UPI,573716037.0,No return,Not Returned,Delivered,162
2018-10-21,598806001,2,UPI,598806001.0,7 days return,Not Returned,Delivered,1243
2018-09-21,631965002,2,Card,631965002.0,No return,Not Returned,Delivered,328
2018-10-12,675281003,1,Cash,675281003.0,No return,Not Returned,Delivered,189
2018-10-29,671505001,1,UPI,671505001.0,No return,Not Returned,Delivered,4140
2018-09-29,637280003,1,Cash,637280003.0,15 days return,Returned,Delivered,2105
2018-09-28,573716010,1,UPI,573716010.0,7 days return,Not Returned,Delivered,2298
2018-10-04,571436009,1,UPI,571436009.0,7 days return,Not Returned,Delivered,718
2018-10-08,642189005,2,Card,642189005.0,No return,,Not Delivered (Others),4509
2018-09-20,688873012,1,UPI,688873012.0,15 days return,,Not Delivered (Wrong Item),2026
2018-10-28,699358003,2,UPI,699358003.0,7 days return,Returned,Delivered,4099
2018-10-10,626813009,2,UPI,626813009.0,No return,Not Returned,Delivered,3572
2018-10-20,610776020,1,UPI,610776020.0,7 days return,Not Returned,Delivered,3383
2018-09-27,501820001,2,UPI,501820001.0,15 days return,Not Returned,Delivered,3016
2018-09-21,687424002,2,UPI,687424002.0,7 days return,Not Returned,Delivered,2151
2018-10-03,536139006,2,UPI,536139006.0,7 days return,Not Returned,Delivered,3096
2018-10-05,675319007,1,UPI,675319007.0,15 days return,Not Returned,Delivered,264
2018-09-29,562252001,1,UPI,562252001.0,7 days return,Not Returned,Delivered,2215
2018-10-27,504154022,2,UPI,504154022.0,No return,Not Returned,Delivered,1082
2018-10-05,667499006,2,Card,667499006.0,No return,,Not Delivered (Others),1323
2018-10-16,179123001,2,UPI,179123001.0,15 days return,,Not Delivered (Others),646
2018-10-01,581781010,2,UPI,581781010.0,No return,Not Returned,Delivered,17
2018-09-20,453239044,2,UPI,453239044.0,15 days return,Not Returned,Delivered,2808
2018-09-25,490676001,1,UPI,490676001.0,7 days return,Returned,Delivered,2819
2018-10-31,613246006,2,UPI,613246006.0,7 days return,Not Returned,Delivered,1495
2018-10-30,675139001,2,UPI,675139001.0,7 days return,Returned,Delivered,1508
2018-10-25,608769005,1,Cash,608769005.0,15 days return,Returned,Delivered,1149
2018-09-22,657415005,2,UPI,657415005.0,7 days return,Not Returned,Delivered,3074
2018-10-10,625773002,2,Card,625773002.0,No return,Not Returned,Delivered,510
2018-10-24,678715001,2,UPI,678715001.0,No return,,Not Delivered (Wrong Item),2030
2018-10-01,516656003,2,Card,516656003.0,15 days return,Not Returned,Delivered,1875
2018-10-22,663035002,2,UPI,663035002.0,No return,Not Returned,Delivered,2132
2018-09-28,621525003,2,UPI,621525003.0,15 days return,Returned,Delivered,3662
2018-10-10,535035001,2,Cash,535035001.0,7 days return,Returned,Delivered,356
2018-10-13,676207002,2,Cash,676207002.0,7 days return,Not Returned,Delivered,4973
2018-09-27,630116005,1,UPI,630116005.0,7 days return,Not Returned,Delivered,1007
2018-09-29,537612026,1,UPI,537612026.0,15 days return,Not Returned,Delivered,111
2018-09-22,621989001,1,UPI,621989001.0,No return,Not Returned,Delivered,1268
2018-10-03,677219002,2,UPI,677219002.0,No return,Not Returned,Delivered,1972
2018-10-25,557247016,2,UPI,557247016.0,No return,Not Returned,Delivered,4462
2018-09-20,399087010,2,UPI,399087010.0,7 days return,Not Returned,Delivered,2817
2018-10-16,636935002,1,Card,636935002.0,15 days return,Not Returned,Delivered,4213
2018-10-14,670424002,2,UPI,670424002.0,15 days return,Returned,Delivered,2640
2018-10-16,661306008,1,UPI,661306008.0,7 days return,Returned,Delivered,3378
2018-09-20,456163026,2,Card,456163026.0,7 days return,Not Returned,Delivered,2572
2018-09-27,594922006,2,Cash,594922006.0,7 days return,Not Returned,Delivered,1210
2018-10-10,591702004,2,Cash,591702004.0,No return,Not Returned,Delivered,3220
2018-10-11,575466001,2,UPI,575466001.0,15 days return,Not Returned,Delivered,2830
2018-10-24,543054009,2,UPI,543054009.0,7 days return,Not Returned,Delivered,2785
2018-10-20,661806003,2,Cash,661806003.0,No return,Not Returned,Delivered,4201
2018-10-24,657954002,1,UPI,657954002.0,No return,Not Returned,Delivered,3130
2018-09-30,693642001,2,UPI,693642001.0,No return,Not Returned,Delivered,22
2018-10-25,585441002,2,UPI,585441002.0,7 days return,Not Returned,Delivered,281
2018-10-03,714428001,2,UPI,714428001.0,15 days return,Not Returned,Delivered,3346
2018-09-20,400319005,2,UPI,400319005.0,15 days return,Returned,Delivered,1640
2018-10-15,399061008,1,Card,399061008.0,7 days return,Not Returned,Delivered,1124
2018-10-31,649437002,2,UPI,649437002.0,15 days return,Not Returned,Delivered,4536
2018-09-26,621756004,2,UPI,621756004.0,No return,Not Returned,Delivered,3635
2018-10-22,569974001,2,Card,569974001.0,No return,Not Returned,Delivered,3621
2018-10-23,621525001,2,UPI,621525001.0,No return,Not Returned,Delivered,1662
2018-10-17,547747001,2,UPI,547747001.0,7 days return,Returned,Delivered,4277
2018-09-28,617036001,2,Card,617036001.0,No return,Not Returned,Delivered,2655
2018-10-14,555102001,2,UPI,555102001.0,7 days return,Not Returned,Delivered,2130
2018-10-25,719474003,2,UPI,719474003.0,No return,Not Returned,Delivered,4767
2018-10-20,538142004,2,UPI,538142004.0,15 days return,,Not Delivered (Wrong Item),336
2018-11-01,501820025,1,Card,501820025.0,No return,Not Returned,Delivered,488
2018-09-29,662980001,2,UPI,662980001.0,7 days return,Not Returned,Delivered,3771
2018-09-24,237032003,2,UPI,237032003.0,15 days return,Not Returned,Delivered,4058
2018-10-13,687260002,2,UPI,687260002.0,No return,Not Returned,Delivered,938
2018-10-05,677172003,1,UPI,677172003.0,7 days return,Not Returned,Delivered,4650
2018-10-10,677527001,2,UPI,677527001.0,7 days return,Not Returned,Delivered,3479
2018-10-28,688558001,2,UPI,688558001.0,No return,Not Returned,Delivered,2092
2018-09-29,557247018,1,UPI,557247018.0,7 days return,Not Returned,Delivered,820
2018-10-27,636323005,2,UPI,636323005.0,15 days return,Not Returned,Delivered,2208
2018-09-26,609650004,2,UPI,609650004.0,15 days return,Returned,Delivered,1725
2018-10-21,504152011,2,Card,504152011.0,7 days return,Not Returned,Delivered,4434
2018-10-27,579990002,2,UPI,579990002.0,7 days return,Not Returned,Delivered,4544
2018-09-25,688873001,2,UPI,688873001.0,No return,Not Returned,Delivered,4570
2018-10-26,690276004,2,UPI,690276004.0,15 days return,Not Returned,Delivered,2898
2018-09-22,662868003,2,UPI,662868003.0,7 days return,Not Returned,Delivered,962
2018-10-17,661806003,2,UPI,661806003.0,No return,Not Returned,Delivered,4069
2018-10-20,560030016,2,UPI,560030016.0,No return,Not Returned,Delivered,1106
2018-09-29,630116008,1,Cash,630116008.0,7 days return,Returned,Delivered,2882
2018-10-07,563519003,2,Card,563519003.0,15 days return,Not Returned,Delivered,3864
2018-10-20,505094004,2,UPI,505094004.0,No return,Not Returned,Delivered,3115
2018-10-14,661806003,2,UPI,661806003.0,No return,Not Returned,Delivered,4069
2018-09-23,647804001,2,UPI,647804001.0,No return,Not Returned,Delivered,4922
2018-10-24,699203001,2,UPI,699203001.0,7 days return,Not Returned,Delivered,3050
2018-09-25,647334001,2,Card,647334001.0,15 days return,Returned,Delivered,2391
2018-10-17,399223001,2,Card,399223001.0,15 days return,Not Returned,Delivered,4788
2018-09-23,637549005,2,UPI,637549005.0,7 days return,Returned,Delivered,3896
2018-10-17,694995002,1,Card,694995002.0,No return,Not Returned,Delivered,3617
2018-09-24,504154021,2,UPI,504154021.0,15 days return,Not Returned,Delivered,2954
2018-10-24,661435001,2,Card,661435001.0,15 days return,Not Returned,Delivered,228
2018-10-16,557246012,2,UPI,557246012.0,15 days return,Not Returned,Delivered,3298
2018-10-17,677930006,2,UPI,677930006.0,15 days return,Not Returned,Delivered,2883
2018-09-21,589222001,2,UPI,589222001.0,15 days return,Not Returned,Delivered,699
2018-10-19,510321001,1,UPI,510321001.0,7 days return,Not Returned,Delivered,642
2018-10-24,675581008,2,UPI,675581008.0,15 days return,Not Returned,Delivered,1429
2018-10-25,637549005,1,UPI,637549005.0,7 days return,Not Returned,Delivered,4508
2018-10-22,562582001,2,Card,562582001.0,7 days return,Not Returned,Delivered,2164
2018-10-19,660712002,2,Card,660712002.0,15 days return,Not Returned,Delivered,3479
2018-09-20,685687004,2,UPI,685687004.0,7 days return,Not Returned,Delivered,3
2018-10-17,577314002,2,UPI,577314002.0,15 days return,Returned,Delivered,4125
2018-10-27,538699007,2,Card,538699007.0,No return,Not Returned,Delivered,1858
2018-10-11,618942004,2,Cash,618942004.0,No return,,Not Delivered (Others),2130
2018-10-05,623434023,2,UPI,623434023.0,7 days return,Not Returned,Delivered,3781
2018-10-11,501820004,2,UPI,501820004.0,15 days return,,Not Delivered (Others),1188
2018-10-06,623434012,1,UPI,623434012.0,7 days return,Not Returned,Delivered,3761
2018-10-06,626444003,1,UPI,626444003.0,No return,,Not Delivered (Wrong Item),1376
2018-09-27,637661003,2,UPI,637661003.0,No return,,Not Delivered (Wrong Item),1159
2018-09-27,501820025,2,Card,501820025.0,No return,Not Returned,Delivered,1159
2018-10-25,663236001,1,Card,663236001.0,15 days return,,Not Delivered (Wrong Item),432
2018-09-30,556528008,1,Card,556528008.0,7 days return,,Not Delivered (Wrong Item),507
2018-10-26,662980002,2,UPI,662980002.0,No return,Not Returned,Delivered,1483
2018-10-31,663327002,2,UPI,663327002.0,7 days return,Not Returned,Delivered,4701
2018-11-01,501820006,2,UPI,501820006.0,15 days return,Not Returned,Delivered,1440
2018-10-09,585877014,2,UPI,585877014.0,15 days return,Not Returned,Delivered,4895
2018-10-30,663236002,2,Card,663236002.0,15 days return,Not Returned,Delivered,118
2018-10-28,516000074,2,UPI,516000074.0,7 days return,Returned,Delivered,741
2018-10-24,569974001,2,UPI,569974001.0,No return,Not Returned,Delivered,3621
2018-10-24,648738021,2,UPI,648738021.0,No return,Not Returned,Delivered,139
2018-09-21,615141002,1,Cash,615141002.0,7 days return,Not Returned,Delivered,2047
2018-10-16,557248027,1,UPI,557248027.0,No return,Not Returned,Delivered,4063
2018-10-06,548110010,1,UPI,548110010.0,15 days return,Not Returned,Delivered,1060
2018-10-21,613497003,2,UPI,613497003.0,7 days return,Not Returned,Delivered,3405
2018-09-28,501616007,1,UPI,501616007.0,7 days return,Returned,Delivered,2645
2018-09-22,657415004,2,UPI,657415004.0,7 days return,Not Returned,Delivered,3074
2018-09-29,669713007,1,UPI,669713007.0,15 days return,Not Returned,Delivered,3474
2018-10-28,498620006,2,UPI,498620006.0,15 days return,Returned,Delivered,2686
2018-09-29,660599001,2,UPI,660599001.0,No return,Not Returned,Delivered,4103
2018-09-23,626816003,2,UPI,626816003.0,7 days return,,Not Delivered (Wrong Item),4014
2018-10-23,583533001,2,Card,583533001.0,15 days return,Not Returned,Delivered,578
2018-10-11,516000008,1,UPI,516000008.0,No return,Not Returned,Delivered,1809
2018-10-11,633304001,1,UPI,633304001.0,15 days return,Not Returned,Delivered,2996
2018-10-17,555351001,2,Card,555351001.0,15 days return,Returned,Delivered,103
2018-09-29,553873033,2,UPI,553873033.0,15 days return,Not Returned,Delivered,2223
2018-09-24,537346022,2,UPI,537346022.0,No return,,Not Delivered (Others),2171
2018-09-21,603583010,1,UPI,603583010.0,7 days return,Not Returned,Delivered,3353
2018-10-03,670655002,2,UPI,670655002.0,No return,Not Returned,Delivered,2046
2018-10-19,658287003,2,Cash,658287003.0,7 days return,Not Returned,Delivered,4634
2018-09-28,656719003,1,UPI,656719003.0,No return,Not Returned,Delivered,4644
2018-10-11,554568001,2,UPI,554568001.0,7 days return,Not Returned,Delivered,253
2018-10-29,675136001,1,Card,675136001.0,7 days return,Not Returned,Delivered,1619
2018-10-12,711440001,2,UPI,711440001.0,7 days return,,Not Delivered (Others),1838
2018-10-20,666254001,2,UPI,666254001.0,No return,,Not Delivered (Wrong Item),2845
2018-10-14,685737001,1,UPI,685737001.0,15 days return,Not Returned,Delivered,4904
2018-10-13,516712001,2,UPI,516712001.0,7 days return,Not Returned,Delivered,2761
2018-10-02,587096001,1,UPI,587096001.0,15 days return,Not Returned,Delivered,1785
2018-09-25,648867002,2,UPI,648867002.0,7 days return,Returned,Delivered,274
2018-09-26,662257001,2,Card,662257001.0,7 days return,Not Returned,Delivered,44
2018-09-29,690504001,1,UPI,690504001.0,15 days return,Not Returned,Delivered,4447
2018-10-14,639670001,2,Card,639670001.0,No return,Not Returned,Delivered,866
2018-10-21,685170001,2,Card,685170001.0,7 days return,Not Returned,Delivered,2502
2018-10-15,636455009,2,UPI,636455009.0,No return,Not Returned,Delivered,303
2018-11-01,636935002,2,Card,636935002.0,15 days return,Not Returned,Delivered,1646
2018-10-24,237347037,2,UPI,237347037.0,15 days return,Returned,Delivered,3421
2018-10-05,655142001,2,UPI,655142001.0,7 days return,Not Returned,Delivered,2900
2018-10-28,504155011,1,UPI,504155011.0,15 days return,Not Returned,Delivered,1175
2018-10-10,618894013,2,UPI,618894013.0,7 days return,Returned,Delivered,2090
2018-10-08,655259001,2,UPI,655259001.0,7 days return,Returned,Delivered,1500
2018-10-28,626813004,2,UPI,626813004.0,No return,Not Returned,Delivered,11
2018-10-21,638945004,2,UPI,638945004.0,15 days return,Not Returned,Delivered,2944
2018-09-29,630116011,2,UPI,630116011.0,7 days return,Returned,Delivered,2862
2018-10-07,600229015,1,UPI,600229015.0,No return,Not Returned,Delivered,230
2018-09-23,670655001,2,UPI,670655001.0,15 days return,Returned,Delivered,1192
2018-09-23,635130002,2,UPI,635130002.0,No return,Not Returned,Delivered,3346
2018-09-22,672054004,2,UPI,672054004.0,15 days return,Not Returned,Delivered,233
2018-10-03,543729003,2,UPI,543729003.0,7 days return,Not Returned,Delivered,489
2018-10-31,643975003,2,Cash,643975003.0,No return,Not Returned,Delivered,1714
2018-09-20,714417001,2,UPI,714417001.0,7 days return,Not Returned,Delivered,2296
2018-09-20,573085020,2,UPI,573085020.0,15 days return,Returned,Delivered,2361
2018-09-22,595779008,2,UPI,595779008.0,No return,Not Returned,Delivered,1456
2018-10-24,662076001,2,UPI,662076001.0,7 days return,Not Returned,Delivered,4373
2018-09-30,554541003,1,UPI,554541003.0,7 days return,Not Returned,Delivered,2162
2018-10-14,630696001,1,UPI,630696001.0,15 days return,,Not Delivered (Others),1054
2018-10-26,639576001,2,UPI,639576001.0,7 days return,Returned,Delivered,1680
2018-09-29,561445005,1,UPI,561445005.0,7 days return,Not Returned,Delivered,2181
2018-09-28,584298016,1,Card,584298016.0,15 days return,Not Returned,Delivered,2445
2018-10-20,662888001,1,UPI,662888001.0,15 days return,Not Returned,Delivered,3014
2018-10-24,564491003,1,Card,564491003.0,15 days return,Returned,Delivered,662
2018-10-16,639545002,2,UPI,639545002.0,No return,Not Returned,Delivered,231
2018-10-16,572128002,1,UPI,572128002.0,No return,Not Returned,Delivered,4096
2018-10-27,658321004,2,UPI,658321004.0,No return,Not Returned,Delivered,883
2018-09-30,592947003,1,UPI,592947003.0,7 days return,Not Returned,Delivered,2497
2018-10-20,578716001,2,UPI,578716001.0,15 days return,Returned,Delivered,4555
2018-10-31,562252010,2,UPI,562252010.0,No return,Not Returned,Delivered,4510
2018-10-03,624121005,1,UPI,624121005.0,No return,Not Returned,Delivered,2712
2018-10-09,657510001,2,UPI,657510001.0,15 days return,Not Returned,Delivered,3266
2018-09-29,680846001,2,UPI,680846001.0,No return,Not Returned,Delivered,3206
2018-09-27,686919002,1,UPI,686919002.0,No return,Not Returned,Delivered,1007
2018-11-01,583158007,1,Cash,583158007.0,No return,Not Returned,Delivered,4152
2018-10-21,688873016,2,UPI,688873016.0,No return,Not Returned,Delivered,4782
2018-10-04,695263001,2,Cash,695263001.0,7 days return,Returned,Delivered,2858
2018-09-28,500780001,2,UPI,500780001.0,No return,Not Returned,Delivered,960
2018-09-29,496111017,2,UPI,496111017.0,15 days return,Not Returned,Delivered,1947
2018-10-14,557633001,2,Cash,557633001.0,No return,Not Returned,Delivered,1554
2018-10-09,661806003,2,UPI,661806003.0,No return,Not Returned,Delivered,4646
2018-09-26,562245058,2,Card,562245058.0,15 days return,Returned,Delivered,4985
2018-09-26,560846001,2,UPI,560846001.0,15 days return,Returned,Delivered,4922
2018-10-02,554598003,2,UPI,554598003.0,7 days return,Not Returned,Delivered,486
2018-10-01,658475001,1,UPI,658475001.0,15 days return,Returned,Delivered,2905
2018-10-03,562252001,2,Card,562252001.0,7 days return,Not Returned,Delivered,3548
2018-09-24,509210006,2,Card,509210006.0,7 days return,Returned,Delivered,447
2018-10-04,554450011,2,Card,554450011.0,7 days return,Not Returned,Delivered,4946
2018-10-26,501616001,2,Card,501616001.0,No return,Not Returned,Delivered,783
2018-10-13,687524001,2,UPI,687524001.0,15 days return,Not Returned,Delivered,3545
2018-09-29,668767004,2,UPI,668767004.0,7 days return,Not Returned,Delivered,2379
2018-10-29,639677007,2,UPI,639677007.0,No return,Not Returned,Delivered,2233
2018-09-20,624512003,2,UPI,624512003.0,No return,,Not Delivered (Wrong Item),3547
2018-10-27,608769005,1,Card,608769005.0,15 days return,Returned,Delivered,3625
2018-09-20,622745001,2,UPI,622745001.0,15 days return,Not Returned,Delivered,319
2018-10-21,588299001,2,Cash,588299001.0,No return,Not Returned,Delivered,4427
2018-10-30,567992034,2,UPI,567992034.0,15 days return,Returned,Delivered,4687
2018-10-22,548613038,1,UPI,548613038.0,15 days return,Not Returned,Delivered,946
2018-09-29,411758014,1,UPI,411758014.0,No return,Not Returned,Delivered,1817
2018-10-17,577648001,2,UPI,577648001.0,7 days return,,Not Delivered (Wrong Item),3909
2018-10-23,692454002,2,UPI,692454002.0,No return,,Not Delivered (Wrong Item),3120
2018-10-23,399136004,2,Card,399136004.0,No return,Not Returned,Delivered,3386
2018-10-01,572998001,2,Card,572998001.0,15 days return,Not Returned,Delivered,2868
2018-10-16,605939005,2,UPI,605939005.0,7 days return,Not Returned,Delivered,3298
2018-10-31,549504003,2,UPI,549504003.0,15 days return,Not Returned,Delivered,1205
2018-10-28,575542007,2,UPI,575542007.0,No return,Not Returned,Delivered,2674
2018-09-28,418545037,1,UPI,418545037.0,No return,Not Returned,Delivered,1620
2018-09-25,704042001,2,Cash,704042001.0,15 days return,Not Returned,Delivered,2870
2018-10-21,562252028,2,Card,562252028.0,15 days return,Not Returned,Delivered,2237
2018-09-27,536139028,1,Card,536139028.0,7 days return,Not Returned,Delivered,2602
2018-10-26,554450011,2,UPI,554450011.0,7 days return,Not Returned,Delivered,2642
2018-09-27,682550001,1,Card,682550001.0,7 days return,Returned,Delivered,2769
2018-09-29,688873020,1,UPI,688873020.0,7 days return,Not Returned,Delivered,710
2018-10-15,516712001,2,UPI,516712001.0,7 days return,Returned,Delivered,1362
2018-09-27,678861001,2,Card,678861001.0,7 days return,Not Returned,Delivered,2120
2018-10-02,557246005,2,UPI,557246005.0,7 days return,Not Returned,Delivered,3825
2018-10-01,559129003,2,Card,559129003.0,7 days return,Returned,Delivered,1631
2018-09-28,595402003,2,UPI,595402003.0,7 days return,,Not Delivered (Others),2802
2018-11-01,636926001,2,Card,636926001.0,15 days return,Not Returned,Delivered,4551
2018-10-22,462128017,2,UPI,462128017.0,No return,Not Returned,Delivered,160
2018-10-08,675359003,2,UPI,675359003.0,7 days return,Not Returned,Delivered,1004
2018-10-19,586307004,2,Card,586307004.0,No return,Not Returned,Delivered,1349
2018-10-12,637268006,2,UPI,637268006.0,No return,,Not Delivered (Others),1345
2018-09-23,626440009,2,Card,626440009.0,No return,Not Returned,Delivered,1618
2018-09-24,399136009,1,UPI,399136009.0,No return,Not Returned,Delivered,2561
2018-09-28,612182001,1,Card,612182001.0,15 days return,Returned,Delivered,63
2018-09-23,717341001,2,UPI,717341001.0,No return,Not Returned,Delivered,4131
2018-11-01,661306008,2,UPI,661306008.0,7 days return,Returned,Delivered,349
2018-09-29,622271001,2,Card,622271001.0,7 days return,Not Returned,Delivered,341
2018-10-19,608876001,2,UPI,608876001.0,15 days return,Not Returned,Delivered,3844
2018-09-25,592975020,2,UPI,592975020.0,No return,,Not Delivered (Wrong Item),82
2018-10-26,632803002,2,UPI,632803002.0,15 days return,Returned,Delivered,783
2018-10-04,625913003,2,UPI,625913003.0,7 days return,Not Returned,Delivered,3022
2018-10-11,651898003,2,UPI,651898003.0,7 days return,Returned,Delivered,2196
2018-10-31,611024001,2,Card,611024001.0,15 days return,Not Returned,Delivered,4571
2018-10-12,316085001,2,UPI,316085001.0,No return,Not Returned,Delivered,2426
2018-09-27,665725002,2,UPI,665725002.0,7 days return,Not Returned,Delivered,4437
2018-09-26,524825013,2,UPI,524825013.0,15 days return,Returned,Delivered,3170
2018-10-11,316085001,2,UPI,316085001.0,No return,,Not Delivered (Wrong Item),4589
2018-09-29,574109012,1,UPI,574109012.0,15 days return,Not Returned,Delivered,214
2018-10-29,550309005,2,Card,550309005.0,No return,Not Returned,Delivered,1272
2018-10-01,616733001,1,UPI,616733001.0,No return,Not Returned,Delivered,4696
2018-10-15,544627004,2,Cash,544627004.0,15 days return,Not Returned,Delivered,3432
2018-09-20,685687004,2,Cash,685687004.0,7 days return,Not Returned,Delivered,1111
2018-10-20,571436021,1,UPI,571436021.0,15 days return,Not Returned,Delivered,3383
2018-10-09,672890003,2,UPI,672890003.0,7 days return,Not Returned,Delivered,3579
2018-09-22,620081008,2,Card,620081008.0,7 days return,Not Returned,Delivered,233
2018-10-26,555526002,2,UPI,555526002.0,15 days return,Returned,Delivered,2703
2018-09-28,535488010,2,Cash,535488010.0,7 days return,Not Returned,Delivered,3661
2018-11-01,607247002,2,Card,607247002.0,7 days return,Returned,Delivered,4926
2018-10-23,594264003,2,Card,594264003.0,15 days return,Not Returned,Delivered,1306
2018-09-24,678086003,2,UPI,678086003.0,15 days return,Not Returned,Delivered,2341
2018-10-17,501820001,2,UPI,501820001.0,15 days return,Not Returned,Delivered,4480
2018-10-20,301656017,2,UPI,301656017.0,7 days return,Not Returned,Delivered,4442
2018-10-02,714428001,2,UPI,714428001.0,15 days return,Not Returned,Delivered,572
2018-10-09,636935001,2,UPI,636935001.0,7 days return,Not Returned,Delivered,570
2018-10-13,641413002,2,Card,641413002.0,15 days return,,Not Delivered (Others),2522
2018-09-29,553875006,2,UPI,553875006.0,7 days return,Not Returned,Delivered,2223
2018-09-29,680846004,2,UPI,680846004.0,7 days return,Returned,Delivered,3206
2018-09-30,570002008,1,Card,570002008.0,No return,Not Returned,Delivered,2323
2018-10-12,508543015,1,UPI,508543015.0,7 days return,Not Returned,Delivered,2050
2018-09-23,611062002,2,Cash,611062002.0,15 days return,Not Returned,Delivered,558
2018-09-29,567657006,1,UPI,567657006.0,7 days return,Not Returned,Delivered,4802
2018-11-01,693299001,2,UPI,693299001.0,No return,Not Returned,Delivered,481
2018-10-18,399223001,2,UPI,399223001.0,15 days return,Returned,Delivered,3444
2018-10-17,639670001,2,UPI,639670001.0,No return,Not Returned,Delivered,2950
2018-09-28,626444005,2,UPI,626444005.0,7 days return,,Not Delivered (Others),4308
2018-10-23,622745003,2,Card,622745003.0,15 days return,,Not Delivered (Wrong Item),3517
2018-10-02,617903009,2,Card,617903009.0,No return,Not Returned,Delivered,3938
2018-09-26,512251004,2,UPI,512251004.0,No return,Not Returned,Delivered,1220
2018-09-24,632143001,2,Cash,632143001.0,7 days return,Not Returned,Delivered,3843
2018-09-29,623347003,2,UPI,623347003.0,15 days return,Not Returned,Delivered,4340
2018-09-26,683662005,2,UPI,683662005.0,7 days return,Returned,Delivered,1220
2018-09-28,616453004,2,UPI,616453004.0,7 days return,,Not Delivered (Wrong Item),140
2018-10-23,680186002,2,UPI,680186002.0,15 days return,,Not Delivered (Wrong Item),1977
2018-10-24,537895003,2,UPI,537895003.0,No return,Not Returned,Delivered,843
2018-09-24,562245057,2,UPI,562245057.0,7 days return,Returned,Delivered,4508
2018-09-29,547780003,1,Cash,547780003.0,15 days return,Not Returned,Delivered,1665
2018-10-01,537688010,1,Cash,537688010.0,15 days return,Returned,Delivered,232
2018-09-28,668041001,2,Card,668041001.0,7 days return,Not Returned,Delivered,2740
2018-10-15,666448001,2,UPI,666448001.0,7 days return,Not Returned,Delivered,1789
2018-10-13,663236004,1,UPI,663236004.0,15 days return,Returned,Delivered,1316
2018-10-14,634411001,2,UPI,634411001.0,15 days return,Not Returned,Delivered,2321
2018-10-15,688558001,1,UPI,688558001.0,No return,,Not Delivered (Others),4157
2018-10-21,664074004,1,UPI,664074004.0,15 days return,Not Returned,Delivered,1963
2018-09-23,568137003,2,UPI,568137003.0,No return,,Not Delivered (Wrong Item),1756
2018-09-23,681718001,2,UPI,681718001.0,No return,,Not Delivered (Others),1827
2018-10-11,572262002,2,UPI,572262002.0,15 days return,Not Returned,Delivered,1309
2018-10-24,688873007,1,UPI,688873007.0,No return,Not Returned,Delivered,3319
2018-10-27,697980003,2,UPI,697980003.0,No return,Not Returned,Delivered,3792
2018-10-12,557248003,1,UPI,557248003.0,7 days return,Returned,Delivered,799
2018-10-27,643361001,2,UPI,643361001.0,7 days return,Not Returned,Delivered,12
2018-10-17,611024002,2,UPI,611024002.0,7 days return,,Not Delivered (Others),4602
2018-10-12,681657003,2,UPI,681657003.0,15 days return,Returned,Delivered,2199
2018-10-09,557247001,2,UPI,557247001.0,No return,Not Returned,Delivered,2266
2018-10-26,667499005,1,Card,667499005.0,No return,Not Returned,Delivered,1350
2018-10-22,397068015,1,UPI,397068015.0,No return,Not Returned,Delivered,2158
2018-09-22,611522001,1,UPI,611522001.0,7 days return,Not Returned,Delivered,1310
2018-09-29,586361001,1,UPI,586361001.0,15 days return,Not Returned,Delivered,4889
2018-09-29,616225019,2,Card,616225019.0,No return,Not Returned,Delivered,4413
2018-10-28,691906001,2,UPI,691906001.0,7 days return,Not Returned,Delivered,587
2018-09-20,694153002,1,UPI,694153002.0,7 days return,,Not Delivered (Wrong Item),1840
2018-10-09,687427002,2,UPI,687427002.0,No return,Not Returned,Delivered,2630
2018-10-18,690526005,1,UPI,690526005.0,No return,Not Returned,Delivered,1907
2018-10-01,633781009,2,UPI,633781009.0,15 days return,Returned,Delivered,362
2018-10-30,252298002,2,UPI,252298002.0,No return,Not Returned,Delivered,374
2018-09-29,617036001,2,UPI,617036001.0,No return,Not Returned,Delivered,1763
2018-09-26,543738021,2,Card,543738021.0,7 days return,,Not Delivered (Wrong Item),161
2018-10-14,557247005,2,Cash,557247005.0,No return,Not Returned,Delivered,3935
2018-10-02,567475001,2,UPI,567475001.0,7 days return,Not Returned,Delivered,1359
2018-10-17,436261001,1,UPI,436261001.0,7 days return,Not Returned,Delivered,1488
2018-10-29,687524003,2,Card,687524003.0,7 days return,Returned,Delivered,651
2018-09-29,675359001,2,Card,675359001.0,15 days return,Not Returned,Delivered,4704
2018-09-21,671502001,2,UPI,671502001.0,No return,Not Returned,Delivered,1089
2018-09-29,665725002,1,UPI,665725002.0,7 days return,Returned,Delivered,1977
2018-10-18,665477002,2,UPI,665477002.0,15 days return,Returned,Delivered,1374
2018-10-12,668537001,2,UPI,668537001.0,No return,Not Returned,Delivered,2000
2018-10-31,709418001,2,Card,709418001.0,15 days return,Returned,Delivered,3794
2018-09-29,309864002,1,UPI,309864002.0,15 days return,,Not Delivered (Wrong Item),64
2018-10-18,634332004,2,UPI,634332004.0,No return,Not Returned,Delivered,242
2018-10-22,570474016,2,UPI,570474016.0,7 days return,Returned,Delivered,4391
2018-09-23,588771001,2,UPI,588771001.0,No return,Not Returned,Delivered,4194
2018-09-27,681718001,2,UPI,681718001.0,No return,Not Returned,Delivered,1827
2018-09-25,671433004,1,UPI,671433004.0,15 days return,Not Returned,Delivered,346
2018-09-20,613246002,2,UPI,613246002.0,No return,Not Returned,Delivered,4037
2018-10-10,671186001,1,UPI,671186001.0,7 days return,Not Returned,Delivered,910
2018-10-19,613456001,2,UPI,613456001.0,7 days return,Returned,Delivered,2638
2018-10-23,662948001,1,UPI,662948001.0,15 days return,Returned,Delivered,1556
2018-10-14,662888002,1,UPI,662888002.0,No return,Not Returned,Delivered,1065
2018-10-28,294076007,2,UPI,294076007.0,No return,Not Returned,Delivered,873
2018-10-04,394522001,1,UPI,394522001.0,7 days return,Not Returned,Delivered,3988
2018-10-31,667379003,2,UPI,667379003.0,15 days return,Returned,Delivered,2660
2018-09-26,591334003,2,UPI,591334003.0,15 days return,Not Returned,Delivered,2290
2018-10-18,562245042,1,UPI,562245042.0,15 days return,Not Returned,Delivered,762
2018-09-28,630313006,2,UPI,630313006.0,7 days return,Not Returned,Delivered,2290
2018-09-29,694689002,1,UPI,694689002.0,No return,Not Returned,Delivered,1738
2018-10-15,316085001,2,UPI,316085001.0,No return,,Not Delivered (Wrong Item),2080
2018-10-21,685683001,2,Card,685683001.0,No return,Not Returned,Delivered,1225
2018-10-26,401902008,2,UPI,401902008.0,7 days return,Not Returned,Delivered,2705
2018-10-10,642105002,2,UPI,642105002.0,15 days return,Not Returned,Delivered,242
2018-09-27,635888002,2,Card,635888002.0,No return,Not Returned,Delivered,4232
2018-10-31,528198001,2,UPI,528198001.0,7 days return,Not Returned,Delivered,2056
2018-10-25,591088003,2,UPI,591088003.0,No return,Not Returned,Delivered,3780
2018-10-12,727676001,2,UPI,727676001.0,No return,Not Returned,Delivered,2199
2018-09-30,507910001,2,UPI,507910001.0,7 days return,Returned,Delivered,965
2018-11-01,633133001,1,UPI,633133001.0,No return,Not Returned,Delivered,3674
2018-10-24,693299002,2,UPI,693299002.0,15 days return,Not Returned,Delivered,3743
2018-10-25,545429005,2,UPI,545429005.0,15 days return,Not Returned,Delivered,921
2018-10-16,651724003,1,Card,651724003.0,7 days return,Returned,Delivered,3874
2018-09-29,568047002,1,UPI,568047002.0,No return,Not Returned,Delivered,4802
2018-09-29,710390001,1,Cash,710390001.0,15 days return,Not Returned,Delivered,3215
2018-09-24,633136009,1,UPI,633136009.0,7 days return,Not Returned,Delivered,4714
2018-09-23,662842002,2,UPI,662842002.0,No return,Not Returned,Delivered,335
2018-09-27,567993040,1,UPI,567993040.0,15 days return,Not Returned,Delivered,2589
2018-10-23,566592024,1,UPI,566592024.0,No return,Not Returned,Delivered,916
2018-10-24,609598006,1,UPI,609598006.0,7 days return,Not Returned,Delivered,662
2018-10-31,634426008,2,Cash,634426008.0,7 days return,Returned,Delivered,2025
2018-09-24,516903005,2,UPI,516903005.0,15 days return,Not Returned,Delivered,1873
2018-09-26,666382001,1,Card,666382001.0,7 days return,Not Returned,Delivered,3111
2018-10-16,667499004,2,UPI,667499004.0,15 days return,Returned,Delivered,747
2018-10-01,684588007,2,UPI,684588007.0,No return,Not Returned,Delivered,4345
2018-10-13,663755001,1,UPI,663755001.0,7 days return,Not Returned,Delivered,744
2018-09-22,687424002,2,UPI,687424002.0,7 days return,,Not Delivered (Wrong Item),2317
2018-10-04,683024003,2,UPI,683024003.0,15 days return,Returned,Delivered,3266
2018-10-27,625034002,1,UPI,625034002.0,15 days return,Not Returned,Delivered,1422
2018-10-19,608458001,1,UPI,608458001.0,15 days return,Returned,Delivered,3830
2018-10-11,574109012,2,UPI,574109012.0,15 days return,Not Returned,Delivered,3626
2018-10-08,658525001,2,UPI,658525001.0,15 days return,Returned,Delivered,2161
2018-09-29,573085004,1,UPI,573085004.0,15 days return,Returned,Delivered,3024
2018-10-01,568601006,2,UPI,568601006.0,7 days return,Not Returned,Delivered,4183
2018-10-23,620369001,2,Card,620369001.0,15 days return,Not Returned,Delivered,143
2018-10-13,719467001,1,UPI,719467001.0,15 days return,,Not Delivered (Others),1439
2018-09-26,666448006,2,Card,666448006.0,7 days return,Not Returned,Delivered,3062
2018-10-11,662980002,2,Cash,662980002.0,No return,,Not Delivered (Others),2963
2018-10-22,611221003,2,UPI,611221003.0,15 days return,Not Returned,Delivered,4472
2018-10-28,697980002,2,UPI,697980002.0,7 days return,Returned,Delivered,4949
2018-10-29,547871003,2,UPI,547871003.0,15 days return,Not Returned,Delivered,2233
2018-09-28,637549002,1,UPI,637549002.0,15 days return,Returned,Delivered,2673
2018-10-24,664133001,2,UPI,664133001.0,15 days return,Not Returned,Delivered,4100
2018-10-19,399136011,2,Card,399136011.0,15 days return,Not Returned,Delivered,2496
2018-10-10,680374002,2,Cash,680374002.0,7 days return,Returned,Delivered,2329
2018-10-10,692454002,2,Cash,692454002.0,No return,Not Returned,Delivered,2158
2018-10-14,725676001,2,UPI,725676001.0,No return,Not Returned,Delivered,3249
2018-10-10,116379047,1,UPI,116379047.0,15 days return,,Not Delivered (Wrong Item),4301
2018-10-14,657395007,2,UPI,657395007.0,15 days return,Not Returned,Delivered,2248
2018-10-31,646429003,1,Card,646429003.0,15 days return,Returned,Delivered,2597
2018-10-10,562252028,2,UPI,562252028.0,15 days return,Not Returned,Delivered,1934
2018-10-25,612182014,2,Card,612182014.0,15 days return,Not Returned,Delivered,3187
2018-09-23,399201005,2,Card,399201005.0,7 days return,Not Returned,Delivered,2407
2018-10-04,522398056,1,UPI,522398056.0,7 days return,Not Returned,Delivered,2747
2018-10-02,569516006,2,Card,569516006.0,15 days return,Returned,Delivered,3825
2018-09-25,524825013,2,UPI,524825013.0,15 days return,Returned,Delivered,480
2018-10-04,625917001,2,UPI,625917001.0,15 days return,Returned,Delivered,3915
2018-10-07,399256001,1,UPI,399256001.0,No return,Not Returned,Delivered,1951
2018-10-24,626442004,2,Cash,626442004.0,7 days return,Not Returned,Delivered,2250
2018-10-15,443696001,2,UPI,443696001.0,15 days return,Not Returned,Delivered,2126
2018-09-28,692216003,2,Card,692216003.0,No return,Not Returned,Delivered,4695
2018-10-11,648719001,2,UPI,648719001.0,15 days return,Returned,Delivered,279
2018-10-01,648491002,2,UPI,648491002.0,15 days return,Not Returned,Delivered,1919
2018-10-23,397068014,1,UPI,397068014.0,No return,Not Returned,Delivered,300
2018-10-31,554450011,2,UPI,554450011.0,7 days return,Returned,Delivered,2395
2018-09-27,623277001,1,UPI,623277001.0,No return,Not Returned,Delivered,3826
2018-10-22,564491003,1,Cash,564491003.0,15 days return,Not Returned,Delivered,2474
2018-10-02,506166032,2,UPI,506166032.0,15 days return,Not Returned,Delivered,4869
2018-10-28,539296001,2,UPI,539296001.0,15 days return,Returned,Delivered,1671
2018-10-15,485546013,2,UPI,485546013.0,7 days return,Not Returned,Delivered,3554
2018-10-03,586011008,2,UPI,586011008.0,15 days return,,Not Delivered (Others),3835
2018-10-22,504410006,2,UPI,504410006.0,15 days return,Not Returned,Delivered,1891
2018-10-11,658030006,2,Card,658030006.0,15 days return,Not Returned,Delivered,4427
2018-09-27,685174001,2,UPI,685174001.0,7 days return,Not Returned,Delivered,1954
2018-11-01,688873001,2,UPI,688873001.0,No return,Not Returned,Delivered,4084
2018-10-16,678983008,2,UPI,678983008.0,No return,Not Returned,Delivered,2764
2018-09-27,612182001,2,UPI,612182001.0,15 days return,Not Returned,Delivered,1229
2018-10-18,305931001,2,UPI,305931001.0,15 days return,Not Returned,Delivered,2371
2018-10-15,687061002,2,Card,687061002.0,15 days return,Not Returned,Delivered,467
2018-10-07,699209001,2,UPI,699209001.0,No return,Not Returned,Delivered,1788
2018-10-10,625961001,2,UPI,625961001.0,No return,Not Returned,Delivered,3614
2018-10-03,680374004,1,UPI,680374004.0,No return,Not Returned,Delivered,1048
2018-10-19,719002001,2,UPI,719002001.0,No return,Not Returned,Delivered,4756
2018-10-27,673363004,2,UPI,673363004.0,No return,Not Returned,Delivered,4311
2018-10-22,621019002,1,Card,621019002.0,No return,Not Returned,Delivered,338
2018-10-16,568597008,2,UPI,568597008.0,No return,Not Returned,Delivered,1433
2018-10-22,665212002,1,Card,665212002.0,7 days return,Not Returned,Delivered,1788
2018-10-20,613147003,2,UPI,613147003.0,No return,,Not Delivered (Wrong Item),4555
2018-10-24,572128003,2,UPI,572128003.0,No return,Not Returned,Delivered,3421
2018-10-22,545921002,2,UPI,545921002.0,No return,Not Returned,Delivered,3662
2018-10-02,625117003,1,Card,625117003.0,15 days return,Not Returned,Delivered,3640
2018-10-03,637673005,2,UPI,637673005.0,15 days return,Returned,Delivered,1112
2018-09-27,672598001,2,Card,672598001.0,15 days return,Not Returned,Delivered,1506
2018-09-23,640317002,2,Card,640317002.0,No return,Not Returned,Delivered,3066
2018-10-01,591334003,2,UPI,591334003.0,15 days return,Not Returned,Delivered,1014
2018-09-26,628978002,2,Cash,628978002.0,No return,Not Returned,Delivered,1835
2018-10-13,661306005,1,UPI,661306005.0,No return,,Not Delivered (Wrong Item),4073
2018-09-29,399201020,1,UPI,399201020.0,15 days return,Not Returned,Delivered,2878
2018-09-29,553875002,2,UPI,553875002.0,No return,Not Returned,Delivered,2223
2018-10-29,695601002,2,UPI,695601002.0,No return,,Not Delivered (Others),4856
2018-10-25,570474010,2,UPI,570474010.0,15 days return,Not Returned,Delivered,4821
2018-10-03,607834004,1,Card,607834004.0,7 days return,Not Returned,Delivered,1048
2018-09-28,674448001,2,UPI,674448001.0,7 days return,Not Returned,Delivered,4492
2018-10-28,108775015,2,UPI,108775015.0,15 days return,Not Returned,Delivered,998
2018-10-13,671515003,2,UPI,671515003.0,15 days return,Returned,Delivered,4735
2018-09-29,695270002,1,UPI,695270002.0,No return,Not Returned,Delivered,3724
2018-10-06,662868001,1,UPI,662868001.0,7 days return,Returned,Delivered,3136
2018-10-22,613544001,2,UPI,613544001.0,15 days return,Not Returned,Delivered,3685
2018-10-18,662593004,2,UPI,662593004.0,15 days return,Returned,Delivered,1621
2018-10-29,615042005,2,UPI,615042005.0,15 days return,Returned,Delivered,3631
2018-10-30,684210001,2,UPI,684210001.0,15 days return,Returned,Delivered,253
2018-10-09,655784003,2,UPI,655784003.0,No return,Not Returned,Delivered,1091
2018-10-28,636455003,1,UPI,636455003.0,No return,Not Returned,Delivered,2291
2018-10-18,572400001,2,UPI,572400001.0,15 days return,Not Returned,Delivered,429
2018-10-05,710899002,2,UPI,710899002.0,15 days return,Not Returned,Delivered,1323
2018-10-04,621381001,2,Card,621381001.0,No return,,Not Delivered (Wrong Item),3969
2018-09-29,578476001,1,UPI,578476001.0,No return,Not Returned,Delivered,4556
2018-09-26,678065001,2,UPI,678065001.0,15 days return,Not Returned,Delivered,2897
2018-10-11,617534006,2,UPI,617534006.0,7 days return,Not Returned,Delivered,1934
2018-10-18,615141002,2,UPI,615141002.0,7 days return,Not Returned,Delivered,393
2018-10-12,395127012,1,Card,395127012.0,7 days return,Not Returned,Delivered,685
2018-10-31,674649001,2,UPI,674649001.0,7 days return,Not Returned,Delivered,406
2018-10-25,643985003,2,UPI,643985003.0,15 days return,Not Returned,Delivered,3314
2018-10-21,605970005,2,UPI,605970005.0,15 days return,Not Returned,Delivered,2178
2018-10-30,552370002,2,Card,552370002.0,No return,Not Returned,Delivered,4842
2018-09-21,660367001,1,UPI,660367001.0,15 days return,Returned,Delivered,212
2018-10-24,691872004,2,UPI,691872004.0,No return,Not Returned,Delivered,2453
2018-10-31,189616009,1,Cash,189616009.0,15 days return,Not Returned,Delivered,4382
2018-10-16,683880002,2,UPI,683880002.0,No return,Not Returned,Delivered,2935
2018-10-02,565036001,2,Card,565036001.0,No return,Not Returned,Delivered,3088
2018-09-21,676698001,2,Card,676698001.0,15 days return,Returned,Delivered,3019
2018-09-20,637515002,1,UPI,637515002.0,15 days return,Not Returned,Delivered,3789
2018-10-19,594569001,2,UPI,594569001.0,15 days return,Returned,Delivered,3844
2018-10-25,621525002,2,UPI,621525002.0,No return,Not Returned,Delivered,3611
2018-10-03,501820003,2,UPI,501820003.0,No return,Not Returned,Delivered,1066
2018-09-20,685687004,2,UPI,685687004.0,7 days return,Not Returned,Delivered,1704
2018-10-25,534181002,2,UPI,534181002.0,15 days return,Not Returned,Delivered,2789
2018-09-30,448509015,2,UPI,448509015.0,7 days return,Not Returned,Delivered,4986
2018-10-10,543054013,1,UPI,543054013.0,7 days return,Not Returned,Delivered,1088
2018-10-10,306307002,2,UPI,306307002.0,7 days return,Not Returned,Delivered,2623
2018-10-29,537395004,1,UPI,537395004.0,No return,Not Returned,Delivered,3211
2018-10-29,615054002,2,UPI,615054002.0,7 days return,Returned,Delivered,4280
2018-10-01,651687001,2,Cash,651687001.0,No return,Not Returned,Delivered,3672
2018-10-19,633130001,1,UPI,633130001.0,7 days return,Not Returned,Delivered,3385
2018-10-27,675952009,1,UPI,675952009.0,No return,Not Returned,Delivered,2147
2018-10-27,562245034,2,UPI,562245034.0,7 days return,Not Returned,Delivered,3221
2018-10-03,548388012,1,UPI,548388012.0,15 days return,Returned,Delivered,3293
2018-09-29,661435002,2,Card,661435002.0,No return,Not Returned,Delivered,532
2018-09-29,637549012,1,UPI,637549012.0,No return,Not Returned,Delivered,1014
2018-09-27,641008013,1,UPI,641008013.0,No return,Not Returned,Delivered,473
2018-10-09,707069001,2,UPI,707069001.0,No return,Not Returned,Delivered,3182
2018-10-13,557248001,2,UPI,557248001.0,No return,Not Returned,Delivered,4973
2018-10-08,663581001,2,Cash,663581001.0,No return,Not Returned,Delivered,741
2018-09-28,562245018,1,UPI,562245018.0,No return,Not Returned,Delivered,2585
2018-10-28,507978001,2,UPI,507978001.0,No return,Not Returned,Delivered,1725
2018-10-03,663233002,2,UPI,663233002.0,No return,,Not Delivered (Others),1918
2018-10-26,551336003,1,Card,551336003.0,7 days return,Not Returned,Delivered,4121
2018-09-25,636926001,2,UPI,636926001.0,15 days return,Not Returned,Delivered,4104
2018-09-29,552471019,1,UPI,552471019.0,No return,Not Returned,Delivered,1328
2018-10-06,659460003,2,UPI,659460003.0,15 days return,,Not Delivered (Wrong Item),4526
2018-10-20,647770002,2,Cash,647770002.0,15 days return,Not Returned,Delivered,4963
2018-09-21,562245005,1,UPI,562245005.0,15 days return,Not Returned,Delivered,671
2018-09-28,688341001,2,UPI,688341001.0,No return,Not Returned,Delivered,4684
2018-10-17,626168001,2,UPI,626168001.0,15 days return,Not Returned,Delivered,2161
2018-09-26,478549001,2,Card,478549001.0,No return,Not Returned,Delivered,2832
2018-10-12,690912001,2,Cash,690912001.0,No return,Not Returned,Delivered,2738
2018-09-21,527687006,1,UPI,527687006.0,7 days return,Not Returned,Delivered,2826
2018-09-23,672590001,1,Cash,672590001.0,7 days return,Not Returned,Delivered,2932
2018-10-13,636455003,1,UPI,636455003.0,No return,Not Returned,Delivered,2208
2018-10-17,569986017,2,UPI,569986017.0,7 days return,Not Returned,Delivered,2943
2018-09-21,651517002,2,Cash,651517002.0,7 days return,Returned,Delivered,2229
2018-09-29,637673005,2,UPI,637673005.0,15 days return,Not Returned,Delivered,4235
2018-09-25,637549005,2,UPI,637549005.0,7 days return,Not Returned,Delivered,1458
2018-10-27,534181003,2,UPI,534181003.0,7 days return,Not Returned,Delivered,1082
2018-10-26,672597002,2,Card,672597002.0,No return,,Not Delivered (Wrong Item),3269
2018-10-26,666006004,2,UPI,666006004.0,7 days return,Not Returned,Delivered,3501
2018-10-29,607534010,2,Card,607534010.0,15 days return,Not Returned,Delivered,4927
2018-09-27,591334019,1,UPI,591334019.0,15 days return,Returned,Delivered,4071
2018-10-06,594541002,2,UPI,594541002.0,No return,,Not Delivered (Wrong Item),4609
2018-09-29,355569002,1,UPI,355569002.0,No return,Not Returned,Delivered,3558
2018-10-04,532578019,1,Cash,532578019.0,7 days return,Returned,Delivered,2661
2018-10-12,663945002,2,UPI,663945002.0,No return,Not Returned,Delivered,352
2018-10-25,557248005,1,UPI,557248005.0,7 days return,Not Returned,Delivered,3181
2018-10-16,655784003,2,UPI,655784003.0,No return,,Not Delivered (Wrong Item),1118
2018-10-21,612033001,2,Cash,612033001.0,15 days return,Returned,Delivered,2825
2018-09-23,644342001,2,UPI,644342001.0,15 days return,Not Returned,Delivered,3507
2018-10-06,557247001,2,Cash,557247001.0,No return,Not Returned,Delivered,175
2018-09-29,636938005,1,UPI,636938005.0,No return,Not Returned,Delivered,35
2018-10-08,529953006,2,UPI,529953006.0,15 days return,,Not Delivered (Wrong Item),1792
2018-10-12,672890002,1,UPI,672890002.0,15 days return,Not Returned,Delivered,3300
2018-10-03,666382003,1,UPI,666382003.0,7 days return,Not Returned,Delivered,1310
2018-10-27,634015009,2,UPI,634015009.0,15 days return,Not Returned,Delivered,883
2018-09-29,710390001,1,UPI,710390001.0,15 days return,Not Returned,Delivered,214
2018-10-30,678073001,2,UPI,678073001.0,No return,Not Returned,Delivered,2544
2018-10-02,558981018,2,UPI,558981018.0,No return,Not Returned,Delivered,2715
2018-10-21,664485004,1,Card,664485004.0,7 days return,Not Returned,Delivered,3038
2018-10-16,677930015,1,Card,677930015.0,No return,Not Returned,Delivered,409
2018-10-03,596517002,2,Card,596517002.0,No return,Not Returned,Delivered,4573
2018-10-26,399201022,1,UPI,399201022.0,15 days return,Returned,Delivered,21
2018-10-28,539723001,2,UPI,539723001.0,15 days return,Returned,Delivered,3578
2018-10-28,706925001,2,UPI,706925001.0,No return,Not Returned,Delivered,4445
2018-10-16,647389001,2,UPI,647389001.0,7 days return,Returned,Delivered,2938
2018-10-03,501820045,2,Card,501820045.0,No return,,Not Delivered (Wrong Item),1066
2018-09-28,655826005,2,UPI,655826005.0,15 days return,Returned,Delivered,140
2018-10-12,595696018,2,Card,595696018.0,15 days return,Returned,Delivered,1725
2018-10-20,156289011,1,Card,156289011.0,15 days return,Not Returned,Delivered,1094
2018-10-01,640174001,2,Card,640174001.0,7 days return,Not Returned,Delivered,3682
2018-10-22,658030005,2,UPI,658030005.0,No return,,Not Delivered (Others),325
2018-10-18,539723001,2,UPI,539723001.0,15 days return,Not Returned,Delivered,3444
2018-10-06,651490004,2,UPI,651490004.0,15 days return,Not Returned,Delivered,3807
2018-09-25,662888001,2,Card,662888001.0,15 days return,Returned,Delivered,2966
2018-11-01,697980001,2,UPI,697980001.0,15 days return,Returned,Delivered,546
2018-09-24,505429003,2,UPI,505429003.0,7 days return,Returned,Delivered,4444
2018-10-27,552473032,1,UPI,552473032.0,15 days return,Returned,Delivered,4264
2018-09-21,665095003,1,Cash,665095003.0,No return,Not Returned,Delivered,4138
2018-09-25,673630001,1,Card,673630001.0,No return,Not Returned,Delivered,3272
2018-10-11,678063001,2,Cash,678063001.0,15 days return,Not Returned,Delivered,2649
2018-10-16,539723004,1,UPI,539723004.0,No return,Not Returned,Delivered,1166
2018-10-18,584298009,1,UPI,584298009.0,No return,Not Returned,Delivered,1418
2018-10-03,695601001,2,Card,695601001.0,No return,,Not Delivered (Wrong Item),4665
2018-09-20,608458001,2,UPI,608458001.0,15 days return,Not Returned,Delivered,1182
2018-10-23,514817007,2,UPI,514817007.0,No return,Not Returned,Delivered,2290
2018-10-18,637549004,1,UPI,637549004.0,No return,Not Returned,Delivered,1907
2018-10-04,594834010,2,Card,594834010.0,15 days return,Not Returned,Delivered,1987
2018-10-10,478818003,2,UPI,478818003.0,15 days return,Not Returned,Delivered,3220
2018-09-24,636587008,1,UPI,636587008.0,7 days return,Not Returned,Delivered,4037
2018-09-23,560436008,2,UPI,560436008.0,No return,Not Returned,Delivered,3166
2018-09-22,657415002,1,UPI,657415002.0,15 days return,Not Returned,Delivered,2312
2018-10-10,673901003,2,UPI,673901003.0,7 days return,Not Returned,Delivered,663
2018-09-27,651687001,2,UPI,651687001.0,No return,Not Returned,Delivered,218
2018-10-13,616126001,1,Cash,616126001.0,7 days return,Not Returned,Delivered,2559
2018-10-25,666448007,1,Cash,666448007.0,7 days return,Not Returned,Delivered,4207
2018-09-23,685687001,2,UPI,685687001.0,No return,Not Returned,Delivered,3896
2018-09-30,539723007,2,UPI,539723007.0,15 days return,Returned,Delivered,3620
2018-10-22,643985001,2,UPI,643985001.0,15 days return,Not Returned,Delivered,854
2018-10-26,598232001,2,UPI,598232001.0,7 days return,Returned,Delivered,832
2018-10-26,268450035,2,UPI,268450035.0,15 days return,Returned,Delivered,3134
2018-10-11,537895005,1,UPI,537895005.0,15 days return,Not Returned,Delivered,532
2018-10-11,597918002,2,UPI,597918002.0,No return,Not Returned,Delivered,2133
2018-10-23,565379001,1,UPI,565379001.0,7 days return,Not Returned,Delivered,3147
2018-10-23,624486010,2,UPI,624486010.0,15 days return,Returned,Delivered,3939
2018-10-10,573716002,2,UPI,573716002.0,15 days return,Not Returned,Delivered,3452
2018-10-04,687061002,2,UPI,687061002.0,15 days return,Not Returned,Delivered,4925
2018-10-13,697980002,1,UPI,697980002.0,7 days return,Not Returned,Delivered,3497
2018-09-21,648627007,2,UPI,648627007.0,No return,Not Returned,Delivered,1288
2018-10-06,633133007,1,UPI,633133007.0,15 days return,Not Returned,Delivered,222
2018-10-06,676387001,2,UPI,676387001.0,No return,Not Returned,Delivered,2518
2018-10-01,670022001,2,Cash,670022001.0,15 days return,Not Returned,Delivered,2758
2018-09-26,590007003,2,UPI,590007003.0,15 days return,Not Returned,Delivered,3420
2018-09-29,662935001,2,UPI,662935001.0,No return,Not Returned,Delivered,2989
2018-09-29,501323012,2,UPI,501323012.0,15 days return,Returned,Delivered,2764
2018-09-28,384851013,2,UPI,384851013.0,7 days return,Not Returned,Delivered,2290
2018-10-17,677347007,2,UPI,677347007.0,No return,,Not Delivered (Wrong Item),4069
2018-10-03,534357002,2,UPI,534357002.0,15 days return,Returned,Delivered,270
2018-10-10,589222003,2,Cash,589222003.0,15 days return,Not Returned,Delivered,2931
2018-10-02,539723003,1,Card,539723003.0,No return,Not Returned,Delivered,2087
2018-10-21,577253002,2,UPI,577253002.0,15 days return,Returned,Delivered,3578
2018-10-23,537116001,2,Card,537116001.0,7 days return,Not Returned,Delivered,4921
2018-10-20,683147001,2,UPI,683147001.0,No return,Not Returned,Delivered,1791
2018-10-29,717518003,2,Card,717518003.0,7 days return,Returned,Delivered,2423
2018-10-28,648738021,2,UPI,648738021.0,No return,Not Returned,Delivered,394
2018-10-29,525360002,2,UPI,525360002.0,7 days return,Not Returned,Delivered,4280
2018-10-17,703843003,1,Card,703843003.0,No return,Not Returned,Delivered,1976
2018-09-21,629061001,2,UPI,629061001.0,No return,Not Returned,Delivered,1835
2018-10-26,638657005,1,UPI,638657005.0,7 days return,Returned,Delivered,1402
2018-10-18,638189001,1,UPI,638189001.0,No return,Not Returned,Delivered,1608
2018-10-09,501820003,2,UPI,501820003.0,No return,Not Returned,Delivered,2784
2018-10-11,501820042,2,Card,501820042.0,7 days return,Not Returned,Delivered,2133
2018-09-30,548388012,2,UPI,548388012.0,15 days return,Not Returned,Delivered,2999
2018-10-13,572124003,2,Cash,572124003.0,7 days return,Not Returned,Delivered,3512
2018-10-11,538598001,2,UPI,538598001.0,7 days return,Not Returned,Delivered,619
2018-10-24,663016002,2,UPI,663016002.0,15 days return,Not Returned,Delivered,810
2018-10-06,189616008,1,UPI,189616008.0,7 days return,Not Returned,Delivered,916
2018-10-11,399201002,2,UPI,399201002.0,15 days return,,Not Delivered (Others),4520
2018-09-25,649057002,2,UPI,649057002.0,15 days return,Returned,Delivered,62
2018-10-24,577648001,2,Cash,577648001.0,7 days return,,Not Delivered (Others),843
2018-09-28,647190003,2,UPI,647190003.0,15 days return,Not Returned,Delivered,1893
2018-10-13,687753001,2,Cash,687753001.0,No return,Not Returned,Delivered,299
2018-09-23,676198001,2,UPI,676198001.0,No return,Not Returned,Delivered,4131
2018-10-09,653633001,2,UPI,653633001.0,7 days return,,Not Delivered (Wrong Item),3518
2018-10-20,656719008,1,Card,656719008.0,15 days return,Not Returned,Delivered,1142
2018-10-16,626587004,2,UPI,626587004.0,15 days return,Not Returned,Delivered,1442
2018-10-18,576653005,2,Card,576653005.0,No return,Not Returned,Delivered,2625
2018-10-18,510398013,2,UPI,510398013.0,15 days return,,Not Delivered (Wrong Item),2196
2018-09-26,516000024,2,UPI,516000024.0,7 days return,Returned,Delivered,1995
2018-09-23,618899001,2,Card,618899001.0,No return,Not Returned,Delivered,1827
2018-10-30,108775015,1,UPI,108775015.0,15 days return,Returned,Delivered,899
2018-10-06,548111002,1,UPI,548111002.0,15 days return,Not Returned,Delivered,2810
2018-10-18,505230006,2,UPI,505230006.0,7 days return,Not Returned,Delivered,561
2018-10-18,625939035,2,UPI,625939035.0,7 days return,Not Returned,Delivered,4203
2018-10-09,514577012,1,UPI,514577012.0,15 days return,Not Returned,Delivered,2817
2018-10-16,678086002,1,UPI,678086002.0,15 days return,Not Returned,Delivered,2311
2018-10-03,519583008,2,UPI,519583008.0,No return,Not Returned,Delivered,4617
2018-09-24,482207016,2,UPI,482207016.0,15 days return,Not Returned,Delivered,2527
2018-09-25,677062001,2,UPI,677062001.0,15 days return,Not Returned,Delivered,3591
2018-09-28,629023009,1,UPI,629023009.0,No return,Not Returned,Delivered,4633
2018-10-20,501820001,1,UPI,501820001.0,15 days return,Returned,Delivered,2773
2018-09-24,693956003,2,Card,693956003.0,No return,Not Returned,Delivered,418
2018-10-19,649671002,2,UPI,649671002.0,7 days return,Not Returned,Delivered,3517
2018-10-04,655225001,2,UPI,655225001.0,7 days return,Not Returned,Delivered,4592
2018-10-09,595558004,2,UPI,595558004.0,7 days return,Not Returned,Delivered,2019
2018-10-21,691382001,2,Cash,691382001.0,15 days return,Not Returned,Delivered,1912
2018-10-15,610730016,1,UPI,610730016.0,15 days return,Not Returned,Delivered,4843
2018-09-20,660497003,2,Cash,660497003.0,15 days return,Not Returned,Delivered,2529
2018-10-10,536139006,2,UPI,536139006.0,7 days return,Not Returned,Delivered,3942
2018-10-07,622238017,2,Cash,622238017.0,15 days return,Returned,Delivered,1558
2018-09-20,516712001,2,Card,516712001.0,7 days return,Not Returned,Delivered,4150
2018-10-28,350135018,2,UPI,350135018.0,15 days return,Not Returned,Delivered,3816
2018-10-17,651082010,2,Card,651082010.0,15 days return,Not Returned,Delivered,2096
2018-10-12,678553004,2,Cash,678553004.0,15 days return,Not Returned,Delivered,1679
2018-10-25,630696002,2,Cash,630696002.0,15 days return,Not Returned,Delivered,4131
2018-09-26,697914001,2,Cash,697914001.0,15 days return,Returned,Delivered,1866
2018-09-27,661435001,2,UPI,661435001.0,15 days return,Not Returned,Delivered,4232
2018-09-25,658298001,2,UPI,658298001.0,7 days return,Returned,Delivered,128
2018-10-30,355072001,1,UPI,355072001.0,15 days return,Returned,Delivered,3169
2018-09-27,662260002,2,Card,662260002.0,15 days return,Not Returned,Delivered,4261
2018-10-31,662917001,1,Card,662917001.0,15 days return,,Not Delivered (Wrong Item),700
2018-10-30,685687003,1,UPI,685687003.0,No return,Not Returned,Delivered,4854
2018-09-27,708021001,2,Cash,708021001.0,15 days return,Returned,Delivered,4932
2018-09-28,573716002,2,Cash,573716002.0,15 days return,Not Returned,Delivered,3393
2018-10-12,458924006,2,Cash,458924006.0,15 days return,Returned,Delivered,4191
2018-10-26,179123001,1,UPI,179123001.0,15 days return,,Not Delivered (Wrong Item),4046
2018-09-25,108775044,2,Card,108775044.0,No return,Not Returned,Delivered,2687
2018-10-14,482207007,2,UPI,482207007.0,7 days return,,Not Delivered (Wrong Item),3719
2018-10-17,611144026,1,UPI,611144026.0,No return,Not Returned,Delivered,623
2018-10-28,677037005,2,Cash,677037005.0,15 days return,Not Returned,Delivered,132
2018-10-16,607427005,2,UPI,607427005.0,7 days return,,Not Delivered (Wrong Item),2935
2018-09-27,617459001,2,Card,617459001.0,7 days return,Not Returned,Delivered,4148
2018-10-20,663944004,1,Cash,663944004.0,15 days return,Not Returned,Delivered,2330
2018-09-30,591334003,1,UPI,591334003.0,15 days return,Not Returned,Delivered,2539
2018-09-26,650722001,2,UPI,650722001.0,15 days return,Returned,Delivered,354
2018-10-27,688873008,1,UPI,688873008.0,15 days return,Not Returned,Delivered,98
2018-09-29,539723003,1,Cash,539723003.0,No return,Not Returned,Delivered,1677
2018-09-26,662728004,2,UPI,662728004.0,No return,Not Returned,Delivered,2256
2018-10-28,618352001,2,UPI,618352001.0,7 days return,Not Returned,Delivered,741
2018-10-13,627769007,1,UPI,627769007.0,No return,Not Returned,Delivered,3252
2018-09-20,678086003,2,UPI,678086003.0,15 days return,Not Returned,Delivered,1208
2018-10-24,609166001,2,Cash,609166001.0,7 days return,Not Returned,Delivered,371
2018-09-26,646823008,2,Cash,646823008.0,7 days return,Not Returned,Delivered,2503
2018-10-04,381038018,2,Card,381038018.0,No return,Not Returned,Delivered,2066
2018-09-24,693951004,1,UPI,693951004.0,15 days return,Not Returned,Delivered,926
2018-09-29,639576001,1,UPI,639576001.0,7 days return,Not Returned,Delivered,1731
2018-09-30,467302079,2,UPI,467302079.0,15 days return,Not Returned,Delivered,3296
2018-10-14,482207007,2,Cash,482207007.0,7 days return,Not Returned,Delivered,3719
2018-09-28,677493002,2,UPI,677493002.0,No return,Not Returned,Delivered,1760
2018-10-24,567816001,2,UPI,567816001.0,15 days return,Returned,Delivered,2200
2018-10-17,453765004,2,UPI,453765004.0,15 days return,Not Returned,Delivered,4492
2018-10-26,189691063,2,UPI,189691063.0,No return,Not Returned,Delivered,522
2018-10-07,523924004,2,UPI,523924004.0,15 days return,Returned,Delivered,1466
2018-10-17,691839001,2,UPI,691839001.0,No return,Not Returned,Delivered,4069
2018-09-28,690112002,2,UPI,690112002.0,No return,Not Returned,Delivered,2956
2018-10-09,380609010,2,Card,380609010.0,No return,Not Returned,Delivered,274
2018-10-12,646960001,2,Card,646960001.0,15 days return,Not Returned,Delivered,3266
2018-10-31,401044004,2,UPI,401044004.0,7 days return,Returned,Delivered,4701
2018-09-29,655691001,1,Card,655691001.0,15 days return,,Not Delivered (Wrong Item),3511
2018-09-29,696435001,1,UPI,696435001.0,7 days return,,Not Delivered (Wrong Item),2570
2018-10-22,677760003,2,UPI,677760003.0,7 days return,Not Returned,Delivered,178
2018-10-04,620625001,2,UPI,620625001.0,15 days return,Returned,Delivered,3608
2018-10-27,579541011,2,UPI,579541011.0,No return,Not Returned,Delivered,1083
2018-10-14,624723001,2,UPI,624723001.0,7 days return,Not Returned,Delivered,4069
2018-09-27,672890002,2,Cash,672890002.0,15 days return,Not Returned,Delivered,113
2018-09-29,594879002,1,UPI,594879002.0,No return,Not Returned,Delivered,3892
2018-10-02,627408003,2,UPI,627408003.0,7 days return,Not Returned,Delivered,728
2018-09-23,687424003,2,UPI,687424003.0,No return,,Not Delivered (Others),4088
2018-09-26,522346004,2,Card,522346004.0,15 days return,Returned,Delivered,908
2018-10-26,667499009,1,UPI,667499009.0,15 days return,Not Returned,Delivered,267
2018-09-26,496762020,2,UPI,496762020.0,No return,Not Returned,Delivered,354
2018-10-31,717593001,2,Cash,717593001.0,7 days return,Not Returned,Delivered,3583
2018-10-03,651273001,2,Card,651273001.0,15 days return,Returned,Delivered,4258
2018-10-13,649057002,1,UPI,649057002.0,15 days return,Not Returned,Delivered,3751
2018-09-23,677208001,2,Card,677208001.0,15 days return,Returned,Delivered,3276
2018-10-24,579990002,2,UPI,579990002.0,7 days return,Returned,Delivered,902
2018-10-28,665636001,2,UPI,665636001.0,No return,Not Returned,Delivered,1992
2018-10-22,714426001,1,UPI,714426001.0,15 days return,Returned,Delivered,1372
2018-09-23,189634001,2,Card,189634001.0,No return,Not Returned,Delivered,4922
2018-10-03,575542004,2,Card,575542004.0,No return,Not Returned,Delivered,1725
2018-10-18,707203004,1,UPI,707203004.0,7 days return,Not Returned,Delivered,1061
2018-10-07,705094002,1,UPI,705094002.0,No return,Not Returned,Delivered,370
2018-09-28,468480002,2,UPI,468480002.0,15 days return,Not Returned,Delivered,1815
2018-10-30,630067001,2,UPI,630067001.0,7 days return,Returned,Delivered,2328
2018-10-06,620081007,2,Cash,620081007.0,7 days return,,Not Delivered (Wrong Item),2227
2018-10-24,543689001,2,Cash,543689001.0,7 days return,Not Returned,Delivered,4277
2018-10-20,614607001,2,UPI,614607001.0,15 days return,Not Returned,Delivered,2135
2018-10-29,586307004,2,UPI,586307004.0,No return,Not Returned,Delivered,4248
2018-10-18,680220001,2,UPI,680220001.0,No return,Not Returned,Delivered,2532
2018-10-04,399087014,2,Card,399087014.0,No return,Not Returned,Delivered,303
2018-09-26,519929006,2,UPI,519929006.0,No return,Not Returned,Delivered,2165
2018-10-27,490794014,2,Card,490794014.0,7 days return,Not Returned,Delivered,2121
2018-10-20,476315040,2,Cash,476315040.0,15 days return,Not Returned,Delivered,1106
2018-10-11,566534018,2,UPI,566534018.0,15 days return,Returned,Delivered,987
2018-10-13,639297001,2,UPI,639297001.0,No return,Not Returned,Delivered,2265
2018-09-21,573085014,2,UPI,573085014.0,15 days return,Returned,Delivered,699
2018-09-29,501406005,1,Card,501406005.0,15 days return,Returned,Delivered,3236
2018-10-28,621523003,2,Cash,621523003.0,7 days return,Not Returned,Delivered,458
2018-09-30,539723006,1,UPI,539723006.0,No return,Not Returned,Delivered,833
2018-10-10,556560005,2,Card,556560005.0,15 days return,,Not Delivered (Wrong Item),3614
2018-09-25,535488014,2,UPI,535488014.0,No return,,Not Delivered (Others),2427
2018-10-11,667127001,2,UPI,667127001.0,No return,Not Returned,Delivered,2419
2018-10-18,675319004,1,UPI,675319004.0,7 days return,Not Returned,Delivered,4818
2018-10-11,501820002,2,UPI,501820002.0,15 days return,Not Returned,Delivered,2752
2018-10-24,573085005,2,UPI,573085005.0,7 days return,Returned,Delivered,2180
2018-09-27,688873012,1,UPI,688873012.0,15 days return,,Not Delivered (Others),4812
2018-10-31,509135003,2,Cash,509135003.0,No return,Not Returned,Delivered,2090
2018-10-11,621913003,2,UPI,621913003.0,No return,Not Returned,Delivered,2650
2018-10-04,399087010,2,Card,399087010.0,7 days return,Not Returned,Delivered,303
2018-11-01,257430035,2,Card,257430035.0,15 days return,Not Returned,Delivered,3595
2018-09-29,665389001,2,UPI,665389001.0,No return,Not Returned,Delivered,2623
2018-09-27,604049007,1,UPI,604049007.0,7 days return,Returned,Delivered,2913
2018-10-12,632737001,2,UPI,632737001.0,No return,Not Returned,Delivered,1725
2018-10-02,556560005,1,UPI,556560005.0,15 days return,Returned,Delivered,2087
2018-09-23,685687004,2,UPI,685687004.0,7 days return,Not Returned,Delivered,1707
2018-09-20,638553001,2,Card,638553001.0,15 days return,Not Returned,Delivered,3841
2018-10-18,609650008,2,Card,609650008.0,7 days return,Not Returned,Delivered,3628
2018-09-28,636935009,2,Card,636935009.0,7 days return,Not Returned,Delivered,3604
2018-09-29,625043004,2,UPI,625043004.0,No return,Not Returned,Delivered,216
2018-10-02,507909017,1,UPI,507909017.0,7 days return,Not Returned,Delivered,442
2018-10-13,688873005,1,UPI,688873005.0,7 days return,Returned,Delivered,1482
2018-09-26,225784001,1,UPI,225784001.0,15 days return,Not Returned,Delivered,4208
2018-10-29,670286003,1,Card,670286003.0,No return,Not Returned,Delivered,4279
2018-09-24,537688010,1,UPI,537688010.0,15 days return,Not Returned,Delivered,1969
2018-10-02,620377001,2,Card,620377001.0,7 days return,Not Returned,Delivered,1359
2018-10-27,657168003,1,UPI,657168003.0,7 days return,Returned,Delivered,3185
2018-10-24,699358003,2,Card,699358003.0,7 days return,Returned,Delivered,3743
2018-10-25,637515002,1,UPI,637515002.0,15 days return,,Not Delivered (Others),2444
2018-10-02,565200032,1,Card,565200032.0,No return,Not Returned,Delivered,3640
2018-11-01,672598001,2,UPI,672598001.0,15 days return,Returned,Delivered,4543
2018-10-16,663679002,2,UPI,663679002.0,7 days return,Not Returned,Delivered,2938
2018-09-25,567411010,1,UPI,567411010.0,15 days return,Not Returned,Delivered,2905
2018-09-30,645065015,1,UPI,645065015.0,15 days return,,Not Delivered (Wrong Item),3960
2018-10-15,656719005,2,UPI,656719005.0,15 days return,Not Returned,Delivered,762
2018-09-29,572998001,2,UPI,572998001.0,15 days return,Not Returned,Delivered,1401
2018-10-05,633131002,1,UPI,633131002.0,7 days return,Not Returned,Delivered,3485
2018-10-13,448262044,2,UPI,448262044.0,7 days return,Not Returned,Delivered,3996
2018-10-27,656491001,1,UPI,656491001.0,7 days return,Not Returned,Delivered,1155
2018-10-04,636935009,1,UPI,636935009.0,7 days return,Not Returned,Delivered,4778
2018-10-14,617919021,2,UPI,617919021.0,15 days return,Not Returned,Delivered,889
2018-10-24,668537001,2,Card,668537001.0,No return,Not Returned,Delivered,3646
2018-10-16,543689001,2,UPI,543689001.0,7 days return,,Not Delivered (Others),3107
2018-09-27,570002038,2,UPI,570002038.0,7 days return,Returned,Delivered,2480
2018-10-22,670950002,2,UPI,670950002.0,No return,Not Returned,Delivered,2326
2018-09-30,512237002,2,Card,512237002.0,No return,Not Returned,Delivered,3771
2018-10-11,524825011,2,UPI,524825011.0,15 days return,Not Returned,Delivered,2682
2018-09-27,640124001,1,Cash,640124001.0,7 days return,,Not Delivered (Others),4136
2018-09-29,411413002,1,Card,411413002.0,No return,Not Returned,Delivered,2599
2018-10-02,683147001,2,UPI,683147001.0,No return,,Not Delivered (Others),2372
2018-10-03,490794024,2,UPI,490794024.0,7 days return,,Not Delivered (Wrong Item),1725
2018-10-20,496762004,2,UPI,496762004.0,15 days return,Not Returned,Delivered,2920
2018-09-21,692401001,2,UPI,692401001.0,7 days return,Not Returned,Delivered,4875
2018-09-30,539723005,2,Card,539723005.0,7 days return,,Not Delivered (Others),2166
2018-10-16,617835006,2,Cash,617835006.0,15 days return,Not Returned,Delivered,406
2018-09-25,637661003,1,UPI,637661003.0,No return,Not Returned,Delivered,1699
2018-09-29,563519001,1,UPI,563519001.0,No return,Not Returned,Delivered,1985
2018-09-29,618398003,1,Card,618398003.0,No return,Not Returned,Delivered,2441
2018-09-23,627009006,2,UPI,627009006.0,No return,Not Returned,Delivered,3281
2018-10-29,635957004,2,UPI,635957004.0,No return,,Not Delivered (Others),3128
2018-09-26,591334003,2,UPI,591334003.0,15 days return,Returned,Delivered,3371
2018-09-25,558513001,2,UPI,558513001.0,15 days return,Not Returned,Delivered,388
2018-09-29,446224016,1,UPI,446224016.0,15 days return,Not Returned,Delivered,1661
2018-10-19,639836002,2,UPI,639836002.0,15 days return,Returned,Delivered,1689
2018-10-10,368979001,2,UPI,368979001.0,No return,,Not Delivered (Wrong Item),3916
2018-10-19,649437001,2,UPI,649437001.0,7 days return,Not Returned,Delivered,1550
2018-09-21,557248023,2,UPI,557248023.0,15 days return,Returned,Delivered,1719
2018-10-01,686587004,2,UPI,686587004.0,No return,Not Returned,Delivered,1843
2018-10-22,687524001,2,Cash,687524001.0,15 days return,Returned,Delivered,4438
2018-09-24,638948002,2,UPI,638948002.0,15 days return,Not Returned,Delivered,3152
2018-09-28,683662002,1,UPI,683662002.0,7 days return,Returned,Delivered,215
2018-09-20,680374001,2,UPI,680374001.0,7 days return,Not Returned,Delivered,2285
2018-10-10,666448007,1,UPI,666448007.0,7 days return,Not Returned,Delivered,1539
2018-10-01,478549001,2,Card,478549001.0,No return,Not Returned,Delivered,4527
2018-10-30,641666001,2,UPI,641666001.0,7 days return,Not Returned,Delivered,3838
2018-10-01,621381001,2,Card,621381001.0,No return,Not Returned,Delivered,2364
2018-09-21,399201020,2,Card,399201020.0,15 days return,Not Returned,Delivered,1241
2018-10-18,537895001,2,Cash,537895001.0,7 days return,,Not Delivered (Others),1457
2018-10-20,448509013,2,UPI,448509013.0,7 days return,Not Returned,Delivered,4555
2018-10-01,355072001,2,Cash,355072001.0,15 days return,Not Returned,Delivered,4501
2018-11-01,502186013,2,UPI,502186013.0,15 days return,Returned,Delivered,546
2018-10-11,598859001,2,UPI,598859001.0,No return,Not Returned,Delivered,3333
2018-10-27,568808001,1,UPI,568808001.0,7 days return,Returned,Delivered,296
2018-09-29,636323002,2,UPI,636323002.0,15 days return,Not Returned,Delivered,2214
2018-09-29,686631003,1,Card,686631003.0,15 days return,Not Returned,Delivered,2227
2018-10-19,524061003,2,UPI,524061003.0,7 days return,Not Returned,Delivered,2079
2018-10-03,524825011,2,UPI,524825011.0,15 days return,Not Returned,Delivered,1196
2018-09-29,688558002,1,UPI,688558002.0,No return,Not Returned,Delivered,4097
2018-09-30,714367001,2,Card,714367001.0,15 days return,Not Returned,Delivered,2007
2018-09-22,445865001,2,Card,445865001.0,15 days return,Not Returned,Delivered,3485
2018-09-30,539723005,2,UPI,539723005.0,7 days return,Not Returned,Delivered,2842
2018-09-27,640677004,2,UPI,640677004.0,15 days return,Not Returned,Delivered,4824
2018-09-29,573716040,1,Cash,573716040.0,No return,Not Returned,Delivered,2221
2018-09-25,413911012,2,UPI,413911012.0,No return,Not Returned,Delivered,754
2018-10-12,558986001,2,UPI,558986001.0,15 days return,,Not Delivered (Wrong Item),3009
2018-11-01,667499001,2,UPI,667499001.0,7 days return,Not Returned,Delivered,2163
2018-10-10,694986001,2,UPI,694986001.0,No return,Not Returned,Delivered,2158
2018-10-16,633808001,2,Card,633808001.0,No return,,Not Delivered (Others),4535
2018-09-28,532578017,2,UPI,532578017.0,7 days return,Not Returned,Delivered,3202
2018-10-11,561570001,1,UPI,561570001.0,7 days return,Not Returned,Delivered,4705
2018-10-24,625939012,2,UPI,625939012.0,15 days return,Not Returned,Delivered,576
2018-09-21,282832001,2,Card,282832001.0,7 days return,Not Returned,Delivered,2197
2018-09-24,592975012,1,UPI,592975012.0,15 days return,Not Returned,Delivered,3259
2018-10-11,567993017,1,UPI,567993017.0,No return,Not Returned,Delivered,4705
2018-09-20,637515001,1,Card,637515001.0,7 days return,Returned,Delivered,2800
2018-10-26,615042001,2,Cash,615042001.0,7 days return,Not Returned,Delivered,2328
2018-10-25,680374002,2,Card,680374002.0,7 days return,Not Returned,Delivered,3800
2018-11-01,507910001,2,UPI,507910001.0,7 days return,Returned,Delivered,4098
2018-10-18,505230006,2,UPI,505230006.0,7 days return,Not Returned,Delivered,3768
2018-10-19,635789005,2,UPI,635789005.0,No return,Not Returned,Delivered,494
2018-10-17,625480003,2,Card,625480003.0,No return,Not Returned,Delivered,1056
2018-10-11,687524001,2,UPI,687524001.0,15 days return,Not Returned,Delivered,2130
2018-09-29,446224002,2,UPI,446224002.0,7 days return,Not Returned,Delivered,3670
2018-10-05,536139006,2,UPI,536139006.0,7 days return,Not Returned,Delivered,3157
2018-10-17,399136061,2,Card,399136061.0,No return,Not Returned,Delivered,1938
2018-10-04,692586001,2,UPI,692586001.0,No return,,Not Delivered (Wrong Item),1775
2018-10-31,711547001,2,Cash,711547001.0,15 days return,Returned,Delivered,1488
2018-10-19,399087019,2,UPI,399087019.0,15 days return,Not Returned,Delivered,3158
2018-09-22,613246004,2,UPI,613246004.0,7 days return,Returned,Delivered,1456
2018-10-25,572400022,2,UPI,572400022.0,15 days return,Not Returned,Delivered,3187
2018-09-29,610776002,2,Card,610776002.0,15 days return,Not Returned,Delivered,1195
2018-10-06,399256001,1,Cash,399256001.0,No return,Not Returned,Delivered,2368
2018-10-30,617279002,2,UPI,617279002.0,No return,Not Returned,Delivered,814
2018-10-19,554598009,1,Cash,554598009.0,7 days return,Not Returned,Delivered,3688
2018-09-30,623284009,1,UPI,623284009.0,No return,Not Returned,Delivered,406
2018-10-26,630313001,2,UPI,630313001.0,No return,Not Returned,Delivered,832
2018-09-28,594697001,2,Card,594697001.0,7 days return,Not Returned,Delivered,977
2018-11-01,630316009,2,UPI,630316009.0,7 days return,Not Returned,Delivered,4095
2018-10-12,637641011,1,UPI,637641011.0,7 days return,,Not Delivered (Wrong Item),769
2018-10-15,693208004,2,Card,693208004.0,15 days return,Returned,Delivered,3554
2018-10-12,666585003,2,Card,666585003.0,15 days return,Not Returned,Delivered,4589
2018-10-19,594541002,1,UPI,594541002.0,No return,Not Returned,Delivered,203
2018-10-17,657858001,2,Card,657858001.0,No return,Not Returned,Delivered,3271
2018-10-23,705187001,2,UPI,705187001.0,15 days return,Not Returned,Delivered,4050
2018-09-28,678342001,2,Card,678342001.0,7 days return,,Not Delivered (Others),3959
2018-09-23,656686001,2,Cash,656686001.0,No return,Not Returned,Delivered,123
2018-09-29,618840003,1,Card,618840003.0,No return,Not Returned,Delivered,1788
2018-10-12,666638003,2,Cash,666638003.0,No return,Not Returned,Delivered,673
2018-10-24,615021015,2,UPI,615021015.0,No return,Not Returned,Delivered,2082
2018-10-03,630200002,1,UPI,630200002.0,7 days return,Returned,Delivered,1720
2018-10-09,656059002,1,Cash,656059002.0,7 days return,Not Returned,Delivered,183
2018-10-14,116379047,2,UPI,116379047.0,15 days return,Returned,Delivered,3098
2018-10-23,539723043,1,UPI,539723043.0,7 days return,Returned,Delivered,1708
2018-10-23,677711003,1,UPI,677711003.0,15 days return,Not Returned,Delivered,65
2018-10-23,641237001,2,UPI,641237001.0,15 days return,Not Returned,Delivered,1306
2018-10-07,661067001,2,UPI,661067001.0,7 days return,Returned,Delivered,987
2018-10-01,606670001,2,UPI,606670001.0,No return,Not Returned,Delivered,4151
2018-10-11,651456004,1,UPI,651456004.0,No return,Not Returned,Delivered,4705
2018-10-09,552743012,2,Card,552743012.0,7 days return,Returned,Delivered,4645
2018-09-28,453239043,1,UPI,453239043.0,7 days return,Returned,Delivered,1231
2018-10-31,677930005,2,UPI,677930005.0,7 days return,,Not Delivered (Others),2455
2018-10-22,608458001,2,UPI,608458001.0,15 days return,Not Returned,Delivered,4376
2018-10-28,673144002,2,UPI,673144002.0,7 days return,Returned,Delivered,905
2018-10-18,681657003,2,UPI,681657003.0,15 days return,Not Returned,Delivered,1288
2018-10-29,633589001,2,UPI,633589001.0,No return,,Not Delivered (Wrong Item),1305
2018-10-18,265071013,2,UPI,265071013.0,15 days return,Returned,Delivered,2244
2018-09-29,355072001,1,Card,355072001.0,15 days return,Not Returned,Delivered,578
2018-10-21,675943001,2,UPI,675943001.0,15 days return,,Not Delivered (Others),909
2018-10-18,501286001,2,Card,501286001.0,15 days return,Not Returned,Delivered,4557
2018-10-02,672590002,2,Cash,672590002.0,15 days return,Not Returned,Delivered,2173
2018-10-11,532578019,1,UPI,532578019.0,7 days return,Returned,Delivered,2591
2018-10-22,673637001,2,UPI,673637001.0,No return,Not Returned,Delivered,2290
2018-10-12,673930002,1,UPI,673930002.0,No return,Not Returned,Delivered,645
2018-10-17,717593001,2,UPI,717593001.0,7 days return,Not Returned,Delivered,1416
2018-10-22,589222005,1,UPI,589222005.0,7 days return,Not Returned,Delivered,2763
2018-10-30,456163026,2,UPI,456163026.0,7 days return,Not Returned,Delivered,970
2018-10-24,667499010,1,UPI,667499010.0,15 days return,Returned,Delivered,2793
2018-10-01,673186001,2,Card,673186001.0,7 days return,Not Returned,Delivered,4527
2018-10-31,661794002,2,Card,661794002.0,15 days return,Not Returned,Delivered,919
2018-10-08,507909022,2,Card,507909022.0,7 days return,,Not Delivered (Others),511
2018-10-02,622295005,2,UPI,622295005.0,7 days return,Not Returned,Delivered,49
2018-10-31,611024001,2,UPI,611024001.0,15 days return,Not Returned,Delivered,4239
2018-09-24,671022001,2,UPI,671022001.0,15 days return,Not Returned,Delivered,4508
2018-10-22,562245059,2,Card,562245059.0,15 days return,Returned,Delivered,325
2018-09-21,211143022,2,Card,211143022.0,7 days return,Not Returned,Delivered,792
2018-10-29,666585003,2,UPI,666585003.0,15 days return,Not Returned,Delivered,903
2018-09-29,616733003,1,UPI,616733003.0,No return,Not Returned,Delivered,1180
2018-10-11,605970005,2,Card,605970005.0,15 days return,Not Returned,Delivered,2130
2018-09-29,667491005,1,UPI,667491005.0,No return,Not Returned,Delivered,1207
2018-10-30,662980003,2,Card,662980003.0,15 days return,Returned,Delivered,52
2018-10-20,733753001,1,UPI,733753001.0,No return,Not Returned,Delivered,2432
2018-09-23,660599002,2,UPI,660599002.0,No return,Not Returned,Delivered,532
2018-10-30,469137001,2,Cash,469137001.0,No return,Not Returned,Delivered,2037
2018-10-23,719002001,2,UPI,719002001.0,No return,,Not Delivered (Wrong Item),3025
2018-09-29,504155012,2,UPI,504155012.0,No return,Not Returned,Delivered,2862
2018-10-22,688558004,1,UPI,688558004.0,7 days return,Not Returned,Delivered,748
2018-09-20,667697002,2,Card,667697002.0,No return,Not Returned,Delivered,2808
2018-10-10,657755003,2,Cash,657755003.0,No return,Not Returned,Delivered,3220
2018-09-25,641525001,1,UPI,641525001.0,No return,Not Returned,Delivered,1691
2018-09-26,399223001,1,Card,399223001.0,15 days return,,Not Delivered (Others),3905
2018-10-31,679630001,2,UPI,679630001.0,No return,Not Returned,Delivered,406
2018-10-03,668273001,2,Cash,668273001.0,15 days return,Returned,Delivered,2912
2018-09-23,554477005,2,Cash,554477005.0,15 days return,Not Returned,Delivered,2157
2018-10-10,548613005,1,Card,548613005.0,No return,Not Returned,Delivered,576
2018-09-29,671505001,1,Card,671505001.0,No return,Not Returned,Delivered,4882
2018-10-05,693951007,1,UPI,693951007.0,No return,,Not Delivered (Others),2227
2018-09-28,501616009,1,UPI,501616009.0,7 days return,Not Returned,Delivered,2645
2018-10-03,678983007,1,UPI,678983007.0,7 days return,Returned,Delivered,1048
2018-10-05,634019001,1,UPI,634019001.0,No return,Not Returned,Delivered,3796
2018-10-26,624123004,1,UPI,624123004.0,No return,,Not Delivered (Others),1040
2018-10-29,691504002,2,UPI,691504002.0,No return,Not Returned,Delivered,3969
2018-10-30,704611002,1,Card,704611002.0,No return,Not Returned,Delivered,4570
2018-10-20,662189001,1,UPI,662189001.0,7 days return,Not Returned,Delivered,2073
2018-10-18,583533002,2,UPI,583533002.0,No return,Not Returned,Delivered,2412
2018-09-20,589924005,2,UPI,589924005.0,7 days return,Returned,Delivered,3841
2018-09-30,630116004,1,Cash,630116004.0,15 days return,Not Returned,Delivered,4326
2018-10-27,605939005,2,Cash,605939005.0,7 days return,Not Returned,Delivered,2243
2018-10-11,524825010,2,UPI,524825010.0,7 days return,Not Returned,Delivered,4146
2018-10-30,540269002,2,Card,540269002.0,7 days return,Not Returned,Delivered,4148
2018-10-06,618398001,1,UPI,618398001.0,15 days return,Not Returned,Delivered,1060
2018-10-13,676954001,2,UPI,676954001.0,15 days return,Not Returned,Delivered,4735
2018-10-25,634332004,2,UPI,634332004.0,No return,Not Returned,Delivered,1104
2018-09-28,657165001,2,UPI,657165001.0,7 days return,Not Returned,Delivered,1626
2018-10-17,557247005,1,UPI,557247005.0,No return,Not Returned,Delivered,3883
2018-10-07,491912025,1,UPI,491912025.0,15 days return,Not Returned,Delivered,230
2018-10-28,695972001,2,UPI,695972001.0,15 days return,Not Returned,Delivered,998
2018-09-29,651724002,1,UPI,651724002.0,No return,,Not Delivered (Others),2013
2018-10-26,651882002,2,UPI,651882002.0,No return,Not Returned,Delivered,4327
2018-09-23,656099001,2,Cash,656099001.0,15 days return,Not Returned,Delivered,681
2018-09-29,552370007,1,UPI,552370007.0,15 days return,Not Returned,Delivered,111
2018-10-01,677829001,1,UPI,677829001.0,15 days return,Not Returned,Delivered,760
2018-10-11,634321001,1,UPI,634321001.0,No return,Not Returned,Delivered,4705
2018-10-26,633136004,1,Cash,633136004.0,15 days return,Not Returned,Delivered,141
2018-10-31,636140003,2,UPI,636140003.0,No return,Not Returned,Delivered,2395
2018-10-13,585398006,1,UPI,585398006.0,7 days return,Not Returned,Delivered,3144
2018-09-25,672890001,2,UPI,672890001.0,No return,Not Returned,Delivered,3843
2018-10-01,630116014,2,UPI,630116014.0,7 days return,Not Returned,Delivered,3048
2018-10-12,633781009,2,Card,633781009.0,15 days return,Not Returned,Delivered,4858
2018-10-17,446224010,1,UPI,446224010.0,No return,Not Returned,Delivered,3617
2018-10-20,501286001,2,UPI,501286001.0,15 days return,Not Returned,Delivered,2133
2018-10-15,622678003,2,UPI,622678003.0,No return,Not Returned,Delivered,4598
2018-09-20,608483002,2,Cash,608483002.0,7 days return,,Not Delivered (Others),1527
2018-10-17,657057002,2,Card,657057002.0,No return,Not Returned,Delivered,1306
2018-10-13,664074008,1,UPI,664074008.0,No return,Not Returned,Delivered,2365
2018-09-20,561445026,2,UPI,561445026.0,No return,Not Returned,Delivered,4335
2018-10-28,620238006,2,UPI,620238006.0,15 days return,Returned,Delivered,1409
2018-10-20,669216002,1,Cash,669216002.0,No return,Not Returned,Delivered,4493
2018-10-28,552370002,2,UPI,552370002.0,No return,Not Returned,Delivered,3289
2018-09-25,729931001,2,Card,729931001.0,15 days return,,Not Delivered (Wrong Item),1539
2018-09-30,454128029,2,UPI,454128029.0,No return,Not Returned,Delivered,1580
2018-09-29,577948001,2,UPI,577948001.0,No return,Not Returned,Delivered,1228
2018-10-10,647434001,2,UPI,647434001.0,7 days return,Not Returned,Delivered,1481
2018-10-20,505230006,2,UPI,505230006.0,7 days return,Returned,Delivered,2920
2018-10-10,630542001,2,Cash,630542001.0,No return,Not Returned,Delivered,4879
2018-10-02,570781003,2,UPI,570781003.0,7 days return,Returned,Delivered,4045
2018-09-20,660712012,1,UPI,660712012.0,15 days return,Returned,Delivered,1625
2018-10-15,685150002,2,UPI,685150002.0,15 days return,Not Returned,Delivered,1493
2018-09-24,633855002,2,UPI,633855002.0,7 days return,Returned,Delivered,3189
2018-10-16,557246017,2,UPI,557246017.0,No return,Not Returned,Delivered,3298
2018-09-24,524825012,2,UPI,524825012.0,No return,Not Returned,Delivered,2171
2018-10-01,632143001,2,UPI,632143001.0,7 days return,Not Returned,Delivered,4049
2018-09-21,662888004,1,UPI,662888004.0,15 days return,Not Returned,Delivered,4679
2018-10-27,608210001,2,UPI,608210001.0,No return,Not Returned,Delivered,530
2018-09-26,660574003,1,UPI,660574003.0,15 days return,Not Returned,Delivered,1710
2018-09-26,668767002,2,UPI,668767002.0,15 days return,Not Returned,Delivered,3593
2018-09-21,673901004,2,UPI,673901004.0,7 days return,Not Returned,Delivered,657
2018-10-01,378447002,2,UPI,378447002.0,No return,Not Returned,Delivered,1876
2018-10-14,554007001,2,UPI,554007001.0,No return,Not Returned,Delivered,627
2018-09-26,695601001,2,Card,695601001.0,No return,Not Returned,Delivered,789
2018-09-29,607834002,1,Card,607834002.0,7 days return,Returned,Delivered,4694
2018-09-20,679494004,2,Cash,679494004.0,15 days return,Not Returned,Delivered,1704
2018-10-27,341242001,1,UPI,341242001.0,15 days return,Not Returned,Delivered,2921
2018-09-27,574109014,1,UPI,574109014.0,15 days return,Not Returned,Delivered,4924
2018-10-31,666448006,2,UPI,666448006.0,7 days return,Not Returned,Delivered,2117
2018-09-22,568858001,2,Card,568858001.0,15 days return,Not Returned,Delivered,1111
2018-10-11,532578019,1,Card,532578019.0,7 days return,Not Returned,Delivered,80
2018-10-28,637673005,2,UPI,637673005.0,15 days return,Not Returned,Delivered,1261
2018-10-13,637515006,1,Cash,637515006.0,15 days return,Returned,Delivered,3748
2018-10-12,650974003,2,UPI,650974003.0,No return,Not Returned,Delivered,3242
2018-10-27,399136011,2,UPI,399136011.0,15 days return,Not Returned,Delivered,2330
2018-10-21,611181001,2,UPI,611181001.0,15 days return,,Not Delivered (Others),866
2018-10-02,687921001,2,Cash,687921001.0,No return,Not Returned,Delivered,486
2018-10-14,633109002,2,UPI,633109002.0,7 days return,Not Returned,Delivered,4817
2018-09-25,539723005,1,UPI,539723005.0,7 days return,Not Returned,Delivered,684
2018-09-21,659320001,2,UPI,659320001.0,15 days return,Returned,Delivered,117
2018-10-25,260736030,2,UPI,260736030.0,No return,Not Returned,Delivered,4488
2018-09-29,667491006,2,Cash,667491006.0,No return,Not Returned,Delivered,3436
2018-10-26,547780001,1,UPI,547780001.0,No return,Not Returned,Delivered,1869
2018-10-12,640021005,2,UPI,640021005.0,7 days return,Not Returned,Delivered,673
2018-10-22,398074001,2,Card,398074001.0,7 days return,Returned,Delivered,2936
2018-10-27,557247005,2,Card,557247005.0,No return,Not Returned,Delivered,1091
2018-10-25,656491001,1,UPI,656491001.0,7 days return,Not Returned,Delivered,3023
2018-10-30,637515010,1,UPI,637515010.0,15 days return,Not Returned,Delivered,2239
2018-10-10,654612002,2,Cash,654612002.0,No return,Not Returned,Delivered,1601
2018-10-09,675827001,2,Card,675827001.0,7 days return,Not Returned,Delivered,349
2018-11-01,666448006,2,UPI,666448006.0,7 days return,Not Returned,Delivered,1839
2018-10-18,539723001,2,UPI,539723001.0,15 days return,Returned,Delivered,4159
2018-10-10,592975020,1,UPI,592975020.0,No return,Not Returned,Delivered,1921
2018-10-20,665477001,2,UPI,665477001.0,7 days return,,Not Delivered (Others),1338
2018-10-17,613246004,2,UPI,613246004.0,7 days return,Not Returned,Delivered,4277
2018-10-04,672096003,1,Cash,672096003.0,7 days return,Not Returned,Delivered,1586
2018-10-12,568601006,1,UPI,568601006.0,7 days return,Not Returned,Delivered,1519
2018-10-06,111586001,1,UPI,111586001.0,7 days return,Not Returned,Delivered,3853
2018-10-20,484108008,2,Card,484108008.0,15 days return,Not Returned,Delivered,3755
2018-09-26,671949001,2,UPI,671949001.0,7 days return,Returned,Delivered,3260
2018-10-19,656719005,2,UPI,656719005.0,15 days return,,Not Delivered (Others),1791
2018-09-29,446224002,1,Card,446224002.0,7 days return,Not Returned,Delivered,992
2018-10-13,624120001,1,UPI,624120001.0,No return,Not Returned,Delivered,2559
2018-09-27,498740019,2,UPI,498740019.0,7 days return,Returned,Delivered,295
2018-09-29,646429001,2,UPI,646429001.0,15 days return,Returned,Delivered,460
2018-10-01,524529001,2,Cash,524529001.0,No return,Not Returned,Delivered,2241
2018-09-29,692947002,1,UPI,692947002.0,No return,Not Returned,Delivered,1740
2018-10-11,589448001,2,UPI,589448001.0,15 days return,Not Returned,Delivered,1396
2018-10-26,665095002,1,UPI,665095002.0,7 days return,Returned,Delivered,4577
2018-10-06,574112001,1,UPI,574112001.0,7 days return,Not Returned,Delivered,164
2018-10-27,526260004,2,UPI,526260004.0,15 days return,Returned,Delivered,663
2018-09-23,651244001,2,UPI,651244001.0,15 days return,Returned,Delivered,210
2018-10-12,667379003,2,UPI,667379003.0,15 days return,Not Returned,Delivered,2592
2018-10-14,661166005,2,UPI,661166005.0,No return,Not Returned,Delivered,4069
2018-10-07,672054002,2,Card,672054002.0,15 days return,Not Returned,Delivered,3430
2018-09-23,334077001,2,UPI,334077001.0,15 days return,Returned,Delivered,4156
2018-09-26,688873002,1,Cash,688873002.0,15 days return,Not Returned,Delivered,92
2018-10-25,586796003,2,UPI,586796003.0,No return,Not Returned,Delivered,921
2018-10-10,553203001,2,UPI,553203001.0,15 days return,,Not Delivered (Others),4156
2018-09-26,636323003,2,UPI,636323003.0,7 days return,Not Returned,Delivered,1474
2018-10-25,622560001,2,UPI,622560001.0,No return,,Not Delivered (Wrong Item),2161
2018-09-28,532578020,2,UPI,532578020.0,15 days return,Not Returned,Delivered,3202
2018-09-27,579541026,1,UPI,579541026.0,No return,,Not Delivered (Others),4275
2018-09-23,633377003,2,Cash,633377003.0,No return,Not Returned,Delivered,1558
2018-10-14,554598027,1,Card,554598027.0,15 days return,Not Returned,Delivered,1046
2018-09-21,456163022,2,UPI,456163022.0,7 days return,Not Returned,Delivered,3377
2018-09-22,691208001,2,UPI,691208001.0,15 days return,Not Returned,Delivered,4704
2018-09-21,508543031,2,UPI,508543031.0,7 days return,Not Returned,Delivered,3832
2018-10-31,529841001,2,UPI,529841001.0,7 days return,Returned,Delivered,504
2018-11-01,663937002,2,Cash,663937002.0,15 days return,,Not Delivered (Wrong Item),1687
2018-09-21,675856003,2,UPI,675856003.0,No return,Not Returned,Delivered,2197
2018-09-29,625321005,1,UPI,625321005.0,15 days return,Not Returned,Delivered,874
2018-10-01,464454004,2,Card,464454004.0,7 days return,Returned,Delivered,2309
2018-09-24,647268003,2,UPI,647268003.0,No return,Not Returned,Delivered,1843
2018-09-20,665481004,1,Card,665481004.0,7 days return,Not Returned,Delivered,321
2018-09-21,626263008,1,UPI,626263008.0,7 days return,Not Returned,Delivered,212
2018-10-10,665089002,2,UPI,665089002.0,15 days return,Not Returned,Delivered,316
2018-10-06,312878005,2,UPI,312878005.0,15 days return,Not Returned,Delivered,4360
2018-09-29,519583028,2,UPI,519583028.0,No return,Not Returned,Delivered,1177
2018-09-27,652075002,2,UPI,652075002.0,7 days return,Returned,Delivered,2383
2018-09-27,535614001,2,Cash,535614001.0,15 days return,Not Returned,Delivered,1709
2018-10-01,537346013,2,Card,537346013.0,7 days return,Returned,Delivered,2790
2018-10-14,639260002,1,UPI,639260002.0,7 days return,Not Returned,Delivered,1211
2018-10-24,536139042,1,UPI,536139042.0,No return,Not Returned,Delivered,3008
2018-09-29,507910020,1,Card,507910020.0,No return,Not Returned,Delivered,3481
2018-10-22,638849001,2,UPI,638849001.0,15 days return,Not Returned,Delivered,1435
2018-10-18,613456007,2,UPI,613456007.0,No return,Not Returned,Delivered,817
2018-10-17,640164001,2,Cash,640164001.0,7 days return,Not Returned,Delivered,613
2018-09-20,427114015,2,UPI,427114015.0,No return,Not Returned,Delivered,319
2018-10-04,663679001,2,UPI,663679001.0,15 days return,Not Returned,Delivered,4598
2018-09-21,642699001,2,UPI,642699001.0,No return,Not Returned,Delivered,328
2018-09-30,501820003,2,UPI,501820003.0,No return,Not Returned,Delivered,4986
2018-10-02,633135004,2,UPI,633135004.0,No return,Not Returned,Delivered,4713
2018-09-27,597918002,2,UPI,597918002.0,No return,Not Returned,Delivered,1407
2018-09-29,670655002,2,Card,670655002.0,No return,Not Returned,Delivered,4103
2018-10-17,520508002,2,UPI,520508002.0,7 days return,Not Returned,Delivered,2883
2018-10-31,637549005,2,UPI,637549005.0,7 days return,Not Returned,Delivered,711
2018-10-23,552475017,2,UPI,552475017.0,15 days return,,Not Delivered (Wrong Item),1252
2018-09-27,560030018,1,Card,560030018.0,No return,Not Returned,Delivered,753
2018-09-23,520567001,2,UPI,520567001.0,No return,Not Returned,Delivered,210
2018-09-29,657925001,2,UPI,657925001.0,No return,Not Returned,Delivered,2534
2018-10-18,607284003,2,UPI,607284003.0,7 days return,Not Returned,Delivered,1837
2018-10-07,670655002,2,UPI,670655002.0,No return,Not Returned,Delivered,1558
2018-09-28,662842002,2,Card,662842002.0,No return,Not Returned,Delivered,2015
2018-10-11,436261001,1,UPI,436261001.0,7 days return,Returned,Delivered,3767
2018-10-07,158340001,1,UPI,158340001.0,15 days return,Returned,Delivered,1686
2018-10-25,740235001,2,Cash,740235001.0,No return,Not Returned,Delivered,1472
2018-09-29,610776010,2,UPI,610776010.0,No return,Not Returned,Delivered,3670
2018-10-17,573716023,1,UPI,573716023.0,15 days return,Not Returned,Delivered,3834
2018-10-06,616225015,1,UPI,616225015.0,15 days return,Not Returned,Delivered,721
2018-10-11,551044013,2,UPI,551044013.0,15 days return,,Not Delivered (Wrong Item),1988
2018-10-23,628921003,2,UPI,628921003.0,7 days return,Returned,Delivered,2507
2018-10-31,594542015,2,Card,594542015.0,7 days return,Not Returned,Delivered,4862
2018-10-02,673638005,1,UPI,673638005.0,7 days return,Not Returned,Delivered,2344
2018-10-09,516000070,1,UPI,516000070.0,7 days return,Returned,Delivered,314
2018-10-22,701385001,2,UPI,701385001.0,15 days return,Not Returned,Delivered,2326
2018-10-27,575316007,2,UPI,575316007.0,15 days return,Not Returned,Delivered,394
2018-10-17,524825019,2,UPI,524825019.0,7 days return,,Not Delivered (Others),1784
2018-10-04,683024004,2,UPI,683024004.0,No return,Not Returned,Delivered,3266
2018-10-15,586307005,2,UPI,586307005.0,15 days return,Returned,Delivered,4598
2018-09-28,660599003,2,UPI,660599003.0,15 days return,Not Returned,Delivered,879
2018-10-02,637549002,2,UPI,637549002.0,15 days return,Not Returned,Delivered,4713
2018-09-28,630416001,1,UPI,630416001.0,No return,Not Returned,Delivered,3057
2018-10-13,626263008,1,Card,626263008.0,7 days return,Not Returned,Delivered,428
2018-10-29,504960001,2,Cash,504960001.0,7 days return,Not Returned,Delivered,3359
2018-10-04,542533001,2,Card,542533001.0,7 days return,Not Returned,Delivered,184
2018-09-24,639297001,2,UPI,639297001.0,No return,,Not Delivered (Wrong Item),3453
2018-10-30,610671003,2,UPI,610671003.0,15 days return,Not Returned,Delivered,2233
2018-10-14,662888003,2,UPI,662888003.0,No return,Not Returned,Delivered,4069
2018-10-24,487827014,2,Cash,487827014.0,No return,Not Returned,Delivered,2372
2018-09-20,634037002,2,Cash,634037002.0,7 days return,,Not Delivered (Wrong Item),3717
2018-10-30,630696002,2,UPI,630696002.0,15 days return,Not Returned,Delivered,291
2018-09-25,578846001,2,UPI,578846001.0,No return,Not Returned,Delivered,4570
2018-10-24,677707001,2,UPI,677707001.0,15 days return,Not Returned,Delivered,3165
2018-10-06,683662002,1,UPI,683662002.0,7 days return,Returned,Delivered,3210
2018-09-30,596643001,2,Cash,596643001.0,15 days return,Not Returned,Delivered,2890
2018-09-29,625939013,1,UPI,625939013.0,No return,Not Returned,Delivered,3756
2018-10-31,674830005,2,UPI,674830005.0,15 days return,Not Returned,Delivered,2204
2018-10-25,648738021,2,UPI,648738021.0,No return,Not Returned,Delivered,4158
2018-10-05,651222001,1,UPI,651222001.0,15 days return,,Not Delivered (Others),4101
2018-10-25,688873001,2,UPI,688873001.0,No return,Not Returned,Delivered,4130
2018-10-06,502186011,2,UPI,502186011.0,7 days return,Not Returned,Delivered,2462
2018-09-24,663774002,2,UPI,663774002.0,15 days return,Not Returned,Delivered,4087
2018-10-29,573856023,2,Cash,573856023.0,7 days return,Not Returned,Delivered,3911
2018-09-28,657415005,2,Card,657415005.0,7 days return,Not Returned,Delivered,2635
2018-10-28,244267032,2,Card,244267032.0,15 days return,Not Returned,Delivered,905
2018-10-18,678064001,1,UPI,678064001.0,15 days return,Returned,Delivered,2371
2018-10-10,640124002,2,UPI,640124002.0,15 days return,,Not Delivered (Wrong Item),2112
2018-10-21,626815002,2,UPI,626815002.0,7 days return,Not Returned,Delivered,219
2018-10-09,399223001,2,UPI,399223001.0,15 days return,Not Returned,Delivered,3422
2018-10-06,399087014,1,UPI,399087014.0,No return,Not Returned,Delivered,3919
2018-09-25,619175003,2,UPI,619175003.0,15 days return,Not Returned,Delivered,1089
2018-10-12,625939003,1,Card,625939003.0,No return,Not Returned,Delivered,645
2018-10-03,640716001,1,UPI,640716001.0,15 days return,Not Returned,Delivered,2482
2018-10-20,640613002,2,UPI,640613002.0,7 days return,Not Returned,Delivered,2920
2018-10-29,507676006,1,UPI,507676006.0,15 days return,Not Returned,Delivered,3211
2018-10-26,591333003,2,Cash,591333003.0,15 days return,Not Returned,Delivered,4954
2018-10-13,677930006,2,UPI,677930006.0,15 days return,Not Returned,Delivered,2265
2018-10-30,637667001,1,UPI,637667001.0,7 days return,Not Returned,Delivered,2546
2018-10-16,688873009,2,UPI,688873009.0,7 days return,Not Returned,Delivered,600
2018-09-29,683662009,2,UPI,683662009.0,No return,Not Returned,Delivered,2623
2018-10-20,672018001,1,UPI,672018001.0,15 days return,Returned,Delivered,2773
2018-10-10,631770002,2,Card,631770002.0,No return,Not Returned,Delivered,2772
2018-09-28,562252035,1,UPI,562252035.0,7 days return,Not Returned,Delivered,1564
2018-10-23,662857002,1,UPI,662857002.0,No return,Not Returned,Delivered,3935
2018-09-24,675095002,2,UPI,675095002.0,15 days return,Not Returned,Delivered,4508
2018-10-23,576156001,2,UPI,576156001.0,No return,Not Returned,Delivered,1252
2018-10-24,594561001,2,Cash,594561001.0,No return,Not Returned,Delivered,81
2018-09-24,504742003,2,UPI,504742003.0,7 days return,Not Returned,Delivered,4508
2018-10-23,636140003,2,Card,636140003.0,No return,Not Returned,Delivered,2470
2018-09-30,399087001,2,Cash,399087001.0,7 days return,Not Returned,Delivered,3010
2018-09-21,564418001,1,UPI,564418001.0,No return,Not Returned,Delivered,212
2018-09-29,633825003,1,UPI,633825003.0,7 days return,Not Returned,Delivered,2665
2018-09-29,674482001,2,UPI,674482001.0,No return,Not Returned,Delivered,3823
2018-10-05,628327008,1,Cash,628327008.0,15 days return,Not Returned,Delivered,3796
2018-09-25,687424002,2,UPI,687424002.0,7 days return,Not Returned,Delivered,2870
2018-10-02,507910001,2,UPI,507910001.0,7 days return,Returned,Delivered,1269
2018-10-31,399136004,2,UPI,399136004.0,No return,Not Returned,Delivered,3914
2018-09-27,694153001,1,Card,694153001.0,15 days return,Not Returned,Delivered,4622
2018-10-26,710899002,1,UPI,710899002.0,15 days return,Not Returned,Delivered,4168
2018-10-08,685170001,2,Cash,685170001.0,7 days return,Not Returned,Delivered,2326
2018-10-10,659562001,2,UPI,659562001.0,15 days return,Returned,Delivered,706
2018-11-01,675408001,1,UPI,675408001.0,7 days return,Not Returned,Delivered,3632
2018-10-27,532578010,2,UPI,532578010.0,7 days return,Not Returned,Delivered,2208
2018-10-13,316441025,1,UPI,316441025.0,15 days return,Not Returned,Delivered,53
2018-10-11,537895001,2,Card,537895001.0,7 days return,Not Returned,Delivered,4256
2018-09-23,557247001,2,UPI,557247001.0,No return,Not Returned,Delivered,855
2018-09-24,562252001,2,Card,562252001.0,7 days return,Not Returned,Delivered,3548
2018-10-12,626463002,2,UPI,626463002.0,No return,Not Returned,Delivered,536
2018-09-22,583534002,2,Cash,583534002.0,No return,Not Returned,Delivered,4756
2018-09-20,544360001,2,UPI,544360001.0,15 days return,Not Returned,Delivered,907
2018-10-28,644630002,2,Card,644630002.0,15 days return,Not Returned,Delivered,873
2018-10-07,685170001,2,UPI,685170001.0,7 days return,Returned,Delivered,3901
2018-09-26,448509009,2,UPI,448509009.0,15 days return,Not Returned,Delivered,977
2018-10-17,572400001,2,UPI,572400001.0,15 days return,Returned,Delivered,613
2018-09-24,658339003,2,Card,658339003.0,No return,Not Returned,Delivered,3843
2018-10-21,569984015,1,Card,569984015.0,15 days return,Returned,Delivered,3207
2018-10-28,617281001,2,UPI,617281001.0,No return,Not Returned,Delivered,2686
2018-09-21,652742004,2,Cash,652742004.0,7 days return,Not Returned,Delivered,3187
2018-10-22,600274005,2,Cash,600274005.0,No return,Not Returned,Delivered,3662
2018-10-10,607427003,2,UPI,607427003.0,7 days return,Returned,Delivered,1082
2018-09-28,657497007,2,UPI,657497007.0,No return,Not Returned,Delivered,4492
2018-10-18,608022001,2,UPI,608022001.0,7 days return,Returned,Delivered,2434
2018-10-24,613279003,2,UPI,613279003.0,15 days return,Not Returned,Delivered,2180
2018-10-20,667916001,2,Card,667916001.0,15 days return,Returned,Delivered,1106
2018-09-27,678086001,2,UPI,678086001.0,15 days return,Not Returned,Delivered,4324
2018-10-06,693474001,1,Cash,693474001.0,7 days return,,Not Delivered (Wrong Item),1367
2018-10-03,642105003,2,UPI,642105003.0,7 days return,Returned,Delivered,4250
2018-09-30,615054003,1,Card,615054003.0,7 days return,Not Returned,Delivered,2744
2018-10-17,677930015,2,Cash,677930015.0,No return,Not Returned,Delivered,155
2018-10-06,596517002,2,UPI,596517002.0,No return,Not Returned,Delivered,3499
2018-10-25,539387001,2,Cash,539387001.0,15 days return,Not Returned,Delivered,3454
2018-10-09,637940003,2,Card,637940003.0,15 days return,Not Returned,Delivered,3260
2018-10-03,626816001,2,UPI,626816001.0,7 days return,Returned,Delivered,4665
2018-10-25,534181002,2,UPI,534181002.0,15 days return,Not Returned,Delivered,2789
2018-10-28,623632002,2,UPI,623632002.0,7 days return,Not Returned,Delivered,3841
2018-09-23,620951001,2,Cash,620951001.0,7 days return,Returned,Delivered,4954
2018-10-03,662728004,2,UPI,662728004.0,No return,Not Returned,Delivered,2046
2018-10-08,680374002,2,UPI,680374002.0,7 days return,Not Returned,Delivered,1193
2018-09-29,642938001,1,UPI,642938001.0,No return,Not Returned,Delivered,4062
2018-10-24,584298017,2,Card,584298017.0,7 days return,,Not Delivered (Wrong Item),2488
2018-10-14,507706003,1,UPI,507706003.0,7 days return,Not Returned,Delivered,1046
2018-10-30,617279002,2,UPI,617279002.0,No return,Not Returned,Delivered,3059
2018-10-28,651306001,2,Card,651306001.0,15 days return,Returned,Delivered,3635
2018-10-28,673901007,2,UPI,673901007.0,15 days return,Not Returned,Delivered,1643
2018-10-27,680542002,2,Cash,680542002.0,No return,Not Returned,Delivered,1037
2018-10-07,688873002,1,UPI,688873002.0,15 days return,Not Returned,Delivered,1730
2018-09-27,491912008,1,Cash,491912008.0,15 days return,Not Returned,Delivered,2302
2018-09-28,632938001,2,Card,632938001.0,15 days return,Returned,Delivered,3996
2018-09-30,671515003,2,Cash,671515003.0,15 days return,Returned,Delivered,2999
2018-10-13,572124003,2,Card,572124003.0,7 days return,Not Returned,Delivered,3512
2018-10-19,399087019,2,Card,399087019.0,15 days return,Not Returned,Delivered,3083
2018-10-03,687524002,2,UPI,687524002.0,No return,,Not Delivered (Wrong Item),3096
2018-09-28,570004009,1,UPI,570004009.0,7 days return,Returned,Delivered,2645
2018-10-09,687524002,2,UPI,687524002.0,No return,,Not Delivered (Wrong Item),1339
2018-10-21,653145002,2,UPI,653145002.0,15 days return,Not Returned,Delivered,1225
2018-10-16,623522001,2,UPI,623522001.0,15 days return,,Not Delivered (Others),2241
2018-10-17,252298002,2,Cash,252298002.0,No return,Not Returned,Delivered,1754
2018-10-18,671505001,2,UPI,671505001.0,No return,Not Returned,Delivered,1374
2018-10-10,644379003,2,UPI,644379003.0,7 days return,Not Returned,Delivered,931
2018-09-21,637352001,2,Card,637352001.0,15 days return,Not Returned,Delivered,117
2018-09-27,619807002,2,UPI,619807002.0,15 days return,Not Returned,Delivered,2383
2018-10-24,503703008,2,UPI,503703008.0,7 days return,Not Returned,Delivered,3421
2018-09-25,355072001,2,UPI,355072001.0,15 days return,Not Returned,Delivered,2798
2018-09-21,695929001,2,UPI,695929001.0,7 days return,,Not Delivered (Wrong Item),3646
2018-10-27,684325001,2,Card,684325001.0,7 days return,Returned,Delivered,4311
2018-10-06,667985001,2,UPI,667985001.0,15 days return,Not Returned,Delivered,1201
2018-10-11,572998002,2,Card,572998002.0,15 days return,Returned,Delivered,1910
2018-09-26,693956003,2,Card,693956003.0,No return,,Not Delivered (Wrong Item),3565
2018-10-10,675508001,1,UPI,675508001.0,7 days return,Not Returned,Delivered,4336
2018-10-26,677077001,1,UPI,677077001.0,No return,Not Returned,Delivered,3549
2018-09-23,591702003,2,UPI,591702003.0,15 days return,Not Returned,Delivered,4808
2018-10-24,669682002,1,UPI,669682002.0,No return,Not Returned,Delivered,260
2018-10-17,688873005,2,UPI,688873005.0,7 days return,Not Returned,Delivered,56
2018-09-29,717092001,1,Card,717092001.0,No return,Not Returned,Delivered,3068
2018-10-01,312878001,2,UPI,312878001.0,15 days return,,Not Delivered (Wrong Item),293
2018-09-21,671037002,2,Cash,671037002.0,15 days return,Not Returned,Delivered,3801
2018-10-17,709516006,2,Card,709516006.0,No return,Not Returned,Delivered,547
2018-10-17,677930015,2,UPI,677930015.0,No return,Not Returned,Delivered,4602
2018-10-04,637515002,2,UPI,637515002.0,15 days return,Not Returned,Delivered,4762
2018-10-26,592286005,2,UPI,592286005.0,No return,Not Returned,Delivered,2703
2018-10-07,655784003,2,UPI,655784003.0,No return,Not Returned,Delivered,4563
2018-09-27,685687004,2,Cash,685687004.0,7 days return,Not Returned,Delivered,2151
2018-09-23,312543001,2,UPI,312543001.0,No return,Not Returned,Delivered,85
2018-09-25,694589005,2,UPI,694589005.0,No return,Not Returned,Delivered,381
2018-10-23,615021021,2,UPI,615021021.0,No return,Not Returned,Delivered,3765
2018-10-27,586796003,2,UPI,586796003.0,No return,Not Returned,Delivered,921
2018-10-07,640154001,2,Cash,640154001.0,7 days return,Not Returned,Delivered,2875
2018-10-05,622877005,2,UPI,622877005.0,15 days return,Not Returned,Delivered,3157
2018-10-23,563519003,1,Card,563519003.0,15 days return,Not Returned,Delivered,3239
2018-10-17,666070001,2,UPI,666070001.0,7 days return,Not Returned,Delivered,2326
2018-10-30,526708018,2,UPI,526708018.0,7 days return,Not Returned,Delivered,3844
2018-10-17,631848001,2,Cash,631848001.0,15 days return,Returned,Delivered,3798
2018-10-25,679514001,2,UPI,679514001.0,15 days return,Not Returned,Delivered,3793
2018-09-29,633130015,1,Cash,633130015.0,No return,Not Returned,Delivered,4889
2018-10-13,709516006,2,UPI,709516006.0,No return,Not Returned,Delivered,2761
2018-09-30,665660001,2,UPI,665660001.0,15 days return,Not Returned,Delivered,4579
2018-10-18,641627001,1,UPI,641627001.0,15 days return,Returned,Delivered,1121
2018-10-21,657395001,2,Cash,657395001.0,No return,Not Returned,Delivered,2543
2018-10-05,598806001,2,Card,598806001.0,7 days return,Not Returned,Delivered,3150
2018-10-18,526250005,2,Card,526250005.0,No return,Not Returned,Delivered,3076
2018-10-23,682456001,2,UPI,682456001.0,No return,Not Returned,Delivered,1459
2018-10-01,562245018,2,UPI,562245018.0,No return,Not Returned,Delivered,330
2018-10-28,581178001,2,Card,581178001.0,7 days return,Returned,Delivered,4361
2018-09-29,616733001,2,UPI,616733001.0,No return,Not Returned,Delivered,4704
2018-10-27,543689001,2,Cash,543689001.0,7 days return,Not Returned,Delivered,1462
2018-10-12,695748002,2,UPI,695748002.0,15 days return,,Not Delivered (Wrong Item),4176
2018-10-28,624148003,2,UPI,624148003.0,7 days return,Not Returned,Delivered,3841
2018-10-06,694689002,1,Card,694689002.0,No return,Not Returned,Delivered,1258
2018-09-29,675827001,1,Card,675827001.0,7 days return,Returned,Delivered,3493
2018-10-16,399087014,2,Cash,399087014.0,No return,,Not Delivered (Wrong Item),621
2018-10-10,680374003,2,UPI,680374003.0,No return,Not Returned,Delivered,1934
2018-10-09,568597019,1,UPI,568597019.0,No return,Not Returned,Delivered,3123
2018-10-31,664209002,1,UPI,664209002.0,No return,Not Returned,Delivered,1208
2018-09-29,623632002,2,UPI,623632002.0,7 days return,Not Returned,Delivered,4340
2018-09-27,637661002,2,UPI,637661002.0,No return,Not Returned,Delivered,1159
2018-09-29,506110001,2,UPI,506110001.0,No return,Not Returned,Delivered,1195
2018-09-25,578589001,2,Cash,578589001.0,No return,Not Returned,Delivered,388
2018-10-26,640293001,1,UPI,640293001.0,15 days return,Returned,Delivered,4194
2018-10-24,624063002,1,UPI,624063002.0,7 days return,Not Returned,Delivered,2081
2018-10-07,640174001,1,UPI,640174001.0,7 days return,Not Returned,Delivered,1952
2018-10-28,665875003,2,UPI,665875003.0,No return,,Not Delivered (Wrong Item),4719
2018-10-27,681934002,2,UPI,681934002.0,7 days return,Returned,Delivered,2924
2018-11-01,348870009,2,UPI,348870009.0,15 days return,Not Returned,Delivered,354
2018-09-23,589924009,2,UPI,589924009.0,No return,Not Returned,Delivered,4988
2018-09-23,588689013,1,UPI,588689013.0,No return,Not Returned,Delivered,302
2018-09-25,683662008,2,Card,683662008.0,No return,Not Returned,Delivered,2870
2018-10-09,657510001,2,UPI,657510001.0,15 days return,Not Returned,Delivered,3266
2018-11-01,676990002,1,Card,676990002.0,7 days return,,Not Delivered (Wrong Item),3671
2018-09-29,615047004,1,Cash,615047004.0,15 days return,Returned,Delivered,3928
2018-10-14,501820002,2,UPI,501820002.0,15 days return,Returned,Delivered,860
2018-09-30,543054010,2,Cash,543054010.0,7 days return,Not Returned,Delivered,2154
2018-10-01,663016003,2,Card,663016003.0,No return,Not Returned,Delivered,12
2018-10-17,537085009,2,UPI,537085009.0,15 days return,Not Returned,Delivered,2634
2018-10-14,572472008,2,UPI,572472008.0,15 days return,Not Returned,Delivered,3102
2018-10-13,675952009,1,UPI,675952009.0,No return,Not Returned,Delivered,3823
2018-10-28,672598001,2,UPI,672598001.0,15 days return,,Not Delivered (Others),1035
2018-09-24,685687003,2,Card,685687003.0,No return,Not Returned,Delivered,2210
2018-10-19,678983007,2,UPI,678983007.0,7 days return,Not Returned,Delivered,789
2018-10-17,656686001,2,Card,656686001.0,No return,,Not Delivered (Others),4069
2018-10-18,265071013,2,Card,265071013.0,15 days return,Not Returned,Delivered,2244
2018-10-28,399061011,2,UPI,399061011.0,No return,Not Returned,Delivered,132
2018-09-24,607834005,2,UPI,607834005.0,No return,Not Returned,Delivered,711
2018-09-27,581777008,1,Cash,581777008.0,7 days return,Not Returned,Delivered,3923
2018-10-16,662980003,2,Cash,662980003.0,15 days return,Returned,Delivered,2112
2018-10-19,446224036,2,Card,446224036.0,7 days return,Returned,Delivered,2895
2018-10-01,588689010,2,UPI,588689010.0,7 days return,Not Returned,Delivered,4527
2018-10-03,623434012,1,Cash,623434012.0,7 days return,Not Returned,Delivered,1048
2018-09-21,683147001,2,UPI,683147001.0,No return,Not Returned,Delivered,2678
2018-10-05,705094002,1,UPI,705094002.0,No return,Not Returned,Delivered,1970
2018-10-24,519583008,2,Cash,519583008.0,No return,Not Returned,Delivered,2030
2018-10-05,495884009,1,UPI,495884009.0,15 days return,Not Returned,Delivered,3379
2018-09-23,687365001,1,UPI,687365001.0,15 days return,Not Returned,Delivered,4863
2018-10-26,696435002,1,UPI,696435002.0,7 days return,Returned,Delivered,4473
2018-10-27,610730016,1,UPI,610730016.0,15 days return,Not Returned,Delivered,4536
2018-10-27,557247017,1,UPI,557247017.0,7 days return,Not Returned,Delivered,1444
2018-10-29,536139012,2,Card,536139012.0,7 days return,Not Returned,Delivered,4804
2018-10-24,611400001,2,UPI,611400001.0,No return,Not Returned,Delivered,683
2018-09-30,639258001,1,UPI,639258001.0,15 days return,Returned,Delivered,2770
2018-09-25,658030005,2,UPI,658030005.0,No return,Not Returned,Delivered,663
2018-10-31,666448005,2,UPI,666448005.0,7 days return,Not Returned,Delivered,2117
2018-10-19,493810023,2,UPI,493810023.0,15 days return,Not Returned,Delivered,3328
2018-10-21,625316004,2,UPI,625316004.0,15 days return,Not Returned,Delivered,773
2018-11-01,659920002,2,UPI,659920002.0,No return,Not Returned,Delivered,1772
2018-10-17,661306005,1,UPI,661306005.0,No return,Not Returned,Delivered,2515
2018-10-01,648491002,2,Cash,648491002.0,15 days return,Not Returned,Delivered,1919
2018-10-28,675657001,2,UPI,675657001.0,15 days return,Not Returned,Delivered,2039
2018-10-09,469137013,2,UPI,469137013.0,No return,Not Returned,Delivered,1993
2018-10-04,677930005,2,UPI,677930005.0,7 days return,Not Returned,Delivered,556
2018-10-14,580482004,2,Cash,580482004.0,No return,Not Returned,Delivered,4249
2018-10-18,570002002,2,UPI,570002002.0,7 days return,Not Returned,Delivered,3415
2018-10-22,504667001,1,UPI,504667001.0,7 days return,Not Returned,Delivered,1170
2018-09-28,633136010,2,Card,633136010.0,15 days return,Not Returned,Delivered,4492
2018-10-12,595080001,2,UPI,595080001.0,7 days return,Not Returned,Delivered,1725
2018-10-30,667378002,2,Card,667378002.0,15 days return,Not Returned,Delivered,2070
2018-09-21,681620002,2,UPI,681620002.0,15 days return,Not Returned,Delivered,2462
2018-10-12,621387001,2,Card,621387001.0,7 days return,Returned,Delivered,1725
2018-10-07,607534011,2,Card,607534011.0,15 days return,Not Returned,Delivered,2816
2018-09-29,540277004,2,UPI,540277004.0,No return,,Not Delivered (Wrong Item),3377
2018-10-02,495884006,1,Card,495884006.0,No return,Not Returned,Delivered,2034
2018-10-10,400246011,2,UPI,400246011.0,No return,,Not Delivered (Others),1601
2018-09-29,578433003,2,UPI,578433003.0,7 days return,Not Returned,Delivered,1977
2018-10-11,501820003,2,UPI,501820003.0,No return,Not Returned,Delivered,2133
2018-10-16,549263006,2,UPI,549263006.0,15 days return,Returned,Delivered,231
2018-09-27,657925004,2,Card,657925004.0,No return,Not Returned,Delivered,944
2018-10-19,577648001,2,Card,577648001.0,7 days return,Not Returned,Delivered,3098
2018-10-28,701261002,1,UPI,701261002.0,7 days return,Not Returned,Delivered,1141
2018-10-26,610671001,2,UPI,610671001.0,No return,Not Returned,Delivered,4327
2018-10-03,637976002,1,UPI,637976002.0,No return,Not Returned,Delivered,3333
2018-09-26,616221003,2,Cash,616221003.0,15 days return,Returned,Delivered,1890
2018-09-24,575156006,2,UPI,575156006.0,7 days return,Not Returned,Delivered,2358
2018-09-29,663016002,2,UPI,663016002.0,15 days return,Returned,Delivered,3743
2018-10-20,708908001,1,UPI,708908001.0,15 days return,,Not Delivered (Others),4457
2018-10-28,666382001,2,UPI,666382001.0,7 days return,Not Returned,Delivered,712
2018-10-15,548613038,1,UPI,548613038.0,15 days return,Not Returned,Delivered,3630
2018-09-29,625819001,1,UPI,625819001.0,No return,,Not Delivered (Others),4307
2018-10-15,691764005,2,Card,691764005.0,7 days return,,Not Delivered (Others),1016
2018-11-01,633870001,2,Cash,633870001.0,7 days return,Returned,Delivered,4149
2018-09-28,557247007,1,Card,557247007.0,15 days return,Not Returned,Delivered,1734
2018-09-21,677341001,2,Card,677341001.0,7 days return,Not Returned,Delivered,4004
2018-10-05,651724003,2,UPI,651724003.0,7 days return,Returned,Delivered,3539
2018-10-07,639685003,2,Card,639685003.0,7 days return,Not Returned,Delivered,524
2018-11-01,537688013,1,UPI,537688013.0,7 days return,Not Returned,Delivered,1397
2018-11-01,656719004,2,UPI,656719004.0,No return,Not Returned,Delivered,4084
2018-10-06,541308003,2,Cash,541308003.0,15 days return,Returned,Delivered,3807
2018-10-16,402065039,1,UPI,402065039.0,15 days return,Returned,Delivered,2491
2018-10-23,580301002,2,UPI,580301002.0,7 days return,Not Returned,Delivered,1456
2018-10-19,626816004,1,UPI,626816004.0,No return,Not Returned,Delivered,217
2018-10-23,577648001,2,Cash,577648001.0,7 days return,Returned,Delivered,1565
2018-10-15,485537027,2,UPI,485537027.0,No return,Not Returned,Delivered,3554
2018-09-26,569978003,2,UPI,569978003.0,No return,Not Returned,Delivered,3411
2018-10-07,672016003,2,UPI,672016003.0,No return,Not Returned,Delivered,3010
2018-10-11,652924001,2,Card,652924001.0,7 days return,Not Returned,Delivered,253
2018-09-21,591334004,2,Card,591334004.0,15 days return,Not Returned,Delivered,48
2018-10-06,620081001,1,Card,620081001.0,No return,Not Returned,Delivered,1653
2018-10-10,635050002,2,UPI,635050002.0,No return,Not Returned,Delivered,242
2018-10-01,664122003,2,UPI,664122003.0,7 days return,Not Returned,Delivered,355
2018-09-29,542982010,1,Card,542982010.0,15 days return,Not Returned,Delivered,305
2018-10-17,661162001,1,UPI,661162001.0,7 days return,Not Returned,Delivered,4784
2018-10-13,653032007,2,Card,653032007.0,15 days return,Returned,Delivered,1315
2018-09-20,477163001,1,Cash,477163001.0,15 days return,Not Returned,Delivered,3132
2018-10-12,485546014,2,UPI,485546014.0,15 days return,Not Returned,Delivered,4284
2018-09-23,591334019,2,UPI,591334019.0,15 days return,Not Returned,Delivered,494
2018-10-18,642105002,2,Cash,642105002.0,15 days return,Returned,Delivered,1160
2018-09-24,657497006,2,Cash,657497006.0,7 days return,Not Returned,Delivered,4077
2018-09-24,637515011,1,Cash,637515011.0,7 days return,Returned,Delivered,2002
2018-10-14,688873005,2,UPI,688873005.0,7 days return,Not Returned,Delivered,4785
2018-10-02,622879005,2,UPI,622879005.0,7 days return,Not Returned,Delivered,3088
2018-10-30,622238004,2,UPI,622238004.0,7 days return,Not Returned,Delivered,3150
2018-09-25,610776002,2,UPI,610776002.0,15 days return,Returned,Delivered,2687
2018-10-31,611024001,2,UPI,611024001.0,15 days return,Not Returned,Delivered,4239
2018-10-10,618899006,2,UPI,618899006.0,7 days return,Returned,Delivered,3596
2018-09-26,505094008,2,Card,505094008.0,No return,,Not Delivered (Wrong Item),1131
2018-10-27,622745003,1,UPI,622745003.0,15 days return,,Not Delivered (Others),3222
2018-10-12,714424001,1,UPI,714424001.0,7 days return,Returned,Delivered,1026
2018-09-29,660599001,1,UPI,660599001.0,No return,Not Returned,Delivered,3928
2018-09-25,687364001,1,UPI,687364001.0,No return,Not Returned,Delivered,1868
2018-10-27,237347028,2,Cash,237347028.0,No return,Not Returned,Delivered,1363
2018-10-29,663133001,2,UPI,663133001.0,No return,Not Returned,Delivered,202
2018-09-26,625909001,2,Cash,625909001.0,7 days return,Not Returned,Delivered,3635
2018-09-21,688873014,2,UPI,688873014.0,7 days return,Not Returned,Delivered,4048
2018-09-28,691546002,2,UPI,691546002.0,7 days return,Not Returned,Delivered,977
2018-10-18,658030002,2,Cash,658030002.0,No return,Not Returned,Delivered,2412
2018-10-28,591088001,2,Card,591088001.0,No return,,Not Delivered (Others),394
2018-10-27,670430001,2,UPI,670430001.0,No return,Not Returned,Delivered,2924
2018-10-11,551566001,1,UPI,551566001.0,7 days return,Returned,Delivered,3714
2018-09-26,565379021,2,UPI,565379021.0,15 days return,Not Returned,Delivered,2290
2018-10-26,537065001,2,UPI,537065001.0,7 days return,Not Returned,Delivered,2703
2018-10-24,607367011,2,Cash,607367011.0,15 days return,Returned,Delivered,3917
2018-10-18,559018008,1,UPI,559018008.0,15 days return,,Not Delivered (Others),4171
2018-10-16,402065038,1,UPI,402065038.0,15 days return,Not Returned,Delivered,2491
2018-10-09,662075004,2,Card,662075004.0,15 days return,,Not Delivered (Wrong Item),4127
2018-10-14,539723001,2,Card,539723001.0,15 days return,Returned,Delivered,1122
2018-09-21,572942001,2,UPI,572942001.0,7 days return,Not Returned,Delivered,373
2018-10-25,662344004,1,UPI,662344004.0,No return,Not Returned,Delivered,3138
2018-09-29,662721001,1,UPI,662721001.0,7 days return,Not Returned,Delivered,4043
2018-10-09,655580006,2,UPI,655580006.0,7 days return,Returned,Delivered,2019
2018-10-11,669682002,1,Cash,669682002.0,No return,Not Returned,Delivered,1804
2018-10-07,668767004,1,UPI,668767004.0,7 days return,Not Returned,Delivered,321
2018-10-26,666006004,2,Card,666006004.0,7 days return,Not Returned,Delivered,3501
2018-10-04,578487002,1,Card,578487002.0,7 days return,Returned,Delivered,847
2018-10-22,676827002,2,UPI,676827002.0,15 days return,Not Returned,Delivered,4060
2018-10-04,637667001,2,Card,637667001.0,7 days return,,Not Delivered (Wrong Item),3266
2018-10-04,562245058,1,UPI,562245058.0,15 days return,Returned,Delivered,4778
2018-10-19,657476001,1,UPI,657476001.0,7 days return,,Not Delivered (Others),1561
2018-10-01,675281001,1,Card,675281001.0,7 days return,Not Returned,Delivered,170
2018-09-21,675827003,1,UPI,675827003.0,15 days return,,Not Delivered (Wrong Item),586
2018-09-22,668311003,2,UPI,668311003.0,7 days return,,Not Delivered (Wrong Item),3746
2018-10-24,661610001,2,UPI,661610001.0,7 days return,Not Returned,Delivered,902
2018-09-25,598665008,1,Card,598665008.0,No return,Not Returned,Delivered,1194
2018-10-01,552370007,2,UPI,552370007.0,15 days return,Not Returned,Delivered,258
2018-10-07,554598027,1,UPI,554598027.0,15 days return,,Not Delivered (Others),1951
2018-09-21,676772003,1,UPI,676772003.0,15 days return,Not Returned,Delivered,2085
2018-09-23,693281001,2,UPI,693281001.0,7 days return,Not Returned,Delivered,3304
2018-10-15,504155001,2,Cash,504155001.0,7 days return,Returned,Delivered,1789
2018-10-13,377277018,2,UPI,377277018.0,7 days return,Not Returned,Delivered,2430
2018-09-27,557247014,1,UPI,557247014.0,No return,Not Returned,Delivered,1031
2018-10-09,671553001,2,UPI,671553001.0,7 days return,Returned,Delivered,2863
2018-09-21,679986001,2,Cash,679986001.0,No return,Not Returned,Delivered,532
2018-10-20,495685001,1,Card,495685001.0,15 days return,Returned,Delivered,3520
2018-09-28,573284054,2,UPI,573284054.0,15 days return,Not Returned,Delivered,4684
2018-10-30,639677008,1,Cash,639677008.0,7 days return,Not Returned,Delivered,2239
2018-10-13,607834002,2,UPI,607834002.0,7 days return,Not Returned,Delivered,3545
2018-10-30,662948005,2,UPI,662948005.0,15 days return,Not Returned,Delivered,4740
2018-09-23,568601006,1,Card,568601006.0,7 days return,Not Returned,Delivered,4691
2018-10-29,706897005,2,UPI,706897005.0,7 days return,Returned,Delivered,4417
2018-09-23,613246004,2,UPI,613246004.0,7 days return,Not Returned,Delivered,1827
2018-10-26,615092002,1,UPI,615092002.0,7 days return,Not Returned,Delivered,21
2018-10-16,678646004,2,UPI,678646004.0,No return,Not Returned,Delivered,3099
2018-10-26,436261001,1,Card,436261001.0,7 days return,Not Returned,Delivered,4009
2018-09-28,692454002,2,UPI,692454002.0,No return,Not Returned,Delivered,1815
2018-10-17,667499013,1,Card,667499013.0,7 days return,Returned,Delivered,182
2018-10-31,634775004,2,Card,634775004.0,15 days return,Not Returned,Delivered,1657
2018-09-29,678073001,2,UPI,678073001.0,No return,Not Returned,Delivered,2935
2018-10-15,617534007,2,UPI,617534007.0,15 days return,Not Returned,Delivered,993
2018-10-12,637515006,1,Cash,637515006.0,15 days return,Not Returned,Delivered,4687
2018-09-20,662888002,2,UPI,662888002.0,No return,Not Returned,Delivered,854
2018-10-10,634727003,2,Card,634727003.0,7 days return,Not Returned,Delivered,4969
2018-10-17,657858001,2,UPI,657858001.0,No return,,Not Delivered (Others),3271
2018-09-28,645980001,1,UPI,645980001.0,15 days return,Returned,Delivered,2575
2018-10-05,574874004,1,UPI,574874004.0,7 days return,Not Returned,Delivered,3019
2018-10-12,616849012,2,UPI,616849012.0,No return,Not Returned,Delivered,650
2018-09-24,633343002,1,UPI,633343002.0,7 days return,Not Returned,Delivered,1584
2018-09-29,657497007,2,UPI,657497007.0,No return,Not Returned,Delivered,2246
2018-10-09,571436011,1,UPI,571436011.0,15 days return,Not Returned,Delivered,3228
2018-10-22,621523007,2,UPI,621523007.0,No return,Not Returned,Delivered,4472
2018-10-14,630326002,2,UPI,630326002.0,15 days return,Returned,Delivered,1373
2018-10-12,403844004,2,UPI,403844004.0,No return,Not Returned,Delivered,2846
2018-10-28,484398001,2,Cash,484398001.0,No return,Not Returned,Delivered,2092
2018-10-18,265071013,2,Card,265071013.0,15 days return,Returned,Delivered,2244
2018-10-29,650861001,2,UPI,650861001.0,7 days return,Not Returned,Delivered,202
2018-09-21,685687004,2,UPI,685687004.0,7 days return,Not Returned,Delivered,4756
2018-10-20,429322004,1,UPI,429322004.0,7 days return,Not Returned,Delivered,2186
2018-10-16,351332007,2,UPI,351332007.0,No return,,Not Delivered (Wrong Item),842
2018-09-26,680499002,1,UPI,680499002.0,7 days return,Returned,Delivered,595
2018-09-21,565194005,2,UPI,565194005.0,7 days return,Returned,Delivered,328
2018-10-16,548467001,1,UPI,548467001.0,15 days return,Not Returned,Delivered,1592
2018-10-18,678230005,2,UPI,678230005.0,15 days return,Returned,Delivered,1843
2018-10-11,617279003,1,UPI,617279003.0,15 days return,Not Returned,Delivered,1804
2018-10-03,661306008,2,UPI,661306008.0,7 days return,Not Returned,Delivered,1208
2018-09-20,692454002,2,Cash,692454002.0,No return,Not Returned,Delivered,2361
2018-10-17,634426008,2,UPI,634426008.0,7 days return,Returned,Delivered,1406
2018-09-22,554450027,2,UPI,554450027.0,No return,Not Returned,Delivered,311
2018-10-01,555364003,2,Card,555364003.0,15 days return,Not Returned,Delivered,3048
2018-09-29,683493001,1,UPI,683493001.0,No return,,Not Delivered (Others),1695
2018-10-04,647463001,2,UPI,647463001.0,15 days return,Returned,Delivered,1692
2018-10-27,565379001,1,UPI,565379001.0,7 days return,Returned,Delivered,2920
2018-10-30,680912005,2,UPI,680912005.0,7 days return,Returned,Delivered,2037
2018-09-26,252298014,2,Cash,252298014.0,15 days return,Not Returned,Delivered,2618
2018-10-13,485052002,2,UPI,485052002.0,7 days return,Not Returned,Delivered,3996
2018-10-23,615047001,2,UPI,615047001.0,15 days return,Returned,Delivered,530
2018-09-29,594581034,2,Cash,594581034.0,No return,Not Returned,Delivered,2223
2018-10-07,108775051,2,Card,108775051.0,15 days return,Not Returned,Delivered,1981
2018-10-23,573716012,2,UPI,573716012.0,7 days return,Returned,Delivered,539
2018-10-20,660795002,2,Cash,660795002.0,7 days return,Returned,Delivered,1144
2018-10-23,636586004,1,UPI,636586004.0,7 days return,Not Returned,Delivered,1119
2018-09-21,565379002,1,Card,565379002.0,15 days return,,Not Delivered (Others),212
2018-09-23,584084001,2,UPI,584084001.0,7 days return,Not Returned,Delivered,893
2018-10-27,519847012,1,Cash,519847012.0,7 days return,Not Returned,Delivered,2493
2018-09-29,456163002,2,UPI,456163002.0,No return,Not Returned,Delivered,613
2018-10-13,514182003,2,UPI,514182003.0,15 days return,,Not Delivered (Wrong Item),3996
2018-10-11,355072002,1,Cash,355072002.0,No return,Not Returned,Delivered,1933
2018-10-16,728112001,2,Card,728112001.0,7 days return,Returned,Delivered,1651
2018-09-27,660320001,1,UPI,660320001.0,No return,Not Returned,Delivered,4595
2018-10-18,610730016,1,UPI,610730016.0,15 days return,Not Returned,Delivered,2550
2018-10-19,539723010,2,UPI,539723010.0,No return,,Not Delivered (Wrong Item),1739
2018-09-20,660497003,2,Card,660497003.0,15 days return,Not Returned,Delivered,2529
2018-10-07,665725003,2,UPI,665725003.0,15 days return,Not Returned,Delivered,1558
2018-10-30,539878003,2,UPI,539878003.0,7 days return,Not Returned,Delivered,858
2018-10-10,539723006,2,UPI,539723006.0,No return,Not Returned,Delivered,1697
2018-09-29,470636062,2,UPI,470636062.0,No return,Not Returned,Delivered,2223
2018-10-11,574109014,2,UPI,574109014.0,15 days return,Not Returned,Delivered,770
2018-10-24,634248001,1,Card,634248001.0,No return,,Not Delivered (Wrong Item),2929
2018-10-10,665355003,1,UPI,665355003.0,7 days return,Returned,Delivered,2945
2018-09-22,607249001,2,Card,607249001.0,15 days return,,Not Delivered (Wrong Item),110
2018-10-04,524825011,2,UPI,524825011.0,15 days return,Returned,Delivered,4917
2018-10-22,392938001,1,UPI,392938001.0,7 days return,Returned,Delivered,4028
2018-10-05,594264001,2,Card,594264001.0,15 days return,Not Returned,Delivered,2307
2018-10-06,501820006,1,UPI,501820006.0,15 days return,Not Returned,Delivered,3828
2018-09-27,639677002,2,Cash,639677002.0,7 days return,Not Returned,Delivered,2905
2018-10-24,625229001,2,UPI,625229001.0,No return,Not Returned,Delivered,1566
2018-09-20,625034001,1,Card,625034001.0,7 days return,Not Returned,Delivered,2970
2018-10-21,690276003,2,UPI,690276003.0,No return,Not Returned,Delivered,1912
2018-09-20,666382003,1,UPI,666382003.0,7 days return,Returned,Delivered,4772
2018-09-26,605939005,2,UPI,605939005.0,7 days return,Not Returned,Delivered,819
2018-09-29,189616008,2,UPI,189616008.0,7 days return,Not Returned,Delivered,1971
2018-10-28,667491005,2,UPI,667491005.0,No return,Not Returned,Delivered,712
2018-09-29,539723005,1,UPI,539723005.0,7 days return,Not Returned,Delivered,2624
2018-10-03,625939014,1,Card,625939014.0,15 days return,Not Returned,Delivered,4845
2018-10-06,637515006,1,UPI,637515006.0,15 days return,Not Returned,Delivered,4044
2018-09-27,568863002,2,UPI,568863002.0,15 days return,,Not Delivered (Wrong Item),4147
2018-10-01,563519001,2,UPI,563519001.0,No return,,Not Delivered (Wrong Item),1875
2018-10-26,629420001,1,UPI,629420001.0,15 days return,,Not Delivered (Others),2683
2018-11-01,667491002,2,UPI,667491002.0,No return,Not Returned,Delivered,2945
2018-09-26,660712003,2,UPI,660712003.0,7 days return,Not Returned,Delivered,1866
2018-10-06,524825016,2,UPI,524825016.0,15 days return,Not Returned,Delivered,1759
2018-09-24,539723003,2,UPI,539723003.0,No return,Not Returned,Delivered,2176
2018-09-29,676352001,2,UPI,676352001.0,15 days return,Not Returned,Delivered,40
2018-10-12,637912002,1,Cash,637912002.0,7 days return,Returned,Delivered,350
2018-09-25,647190003,2,Card,647190003.0,15 days return,Returned,Delivered,2560
2018-10-21,613497003,1,UPI,613497003.0,7 days return,Not Returned,Delivered,688
2018-10-13,670752002,2,Card,670752002.0,15 days return,,Not Delivered (Wrong Item),283
2018-10-16,557248003,1,UPI,557248003.0,7 days return,Not Returned,Delivered,3868
2018-10-23,679977003,2,UPI,679977003.0,15 days return,Returned,Delivered,2372
2018-10-24,549251004,2,UPI,549251004.0,No return,Not Returned,Delivered,640
2018-09-20,633130007,2,Card,633130007.0,7 days return,Returned,Delivered,3717
2018-10-02,623434023,2,Cash,623434023.0,7 days return,Returned,Delivered,4663
2018-09-20,631848002,2,Card,631848002.0,15 days return,Not Returned,Delivered,66
2018-09-23,644073001,2,UPI,644073001.0,7 days return,Not Returned,Delivered,596
2018-10-13,557247001,1,UPI,557247001.0,No return,Not Returned,Delivered,1695
2018-09-20,562245034,2,UPI,562245034.0,7 days return,Not Returned,Delivered,4037
2018-10-24,237347037,2,Cash,237347037.0,15 days return,Returned,Delivered,3421
2018-10-04,490176004,1,Cash,490176004.0,7 days return,Returned,Delivered,3450
2018-09-25,678861001,1,UPI,678861001.0,7 days return,Returned,Delivered,346
2018-10-17,613826002,2,UPI,613826002.0,7 days return,Not Returned,Delivered,4293
2018-09-29,708021001,2,UPI,708021001.0,15 days return,,Not Delivered (Wrong Item),1029
2018-10-10,617465001,2,Card,617465001.0,7 days return,Not Returned,Delivered,4879
2018-09-26,501820003,2,Cash,501820003.0,No return,Not Returned,Delivered,1725
2018-10-09,641627005,2,UPI,641627005.0,No return,Not Returned,Delivered,3668
2018-09-28,262277026,2,UPI,262277026.0,No return,Not Returned,Delivered,204
2018-10-13,521269001,2,UPI,521269001.0,7 days return,Not Returned,Delivered,1469
2018-09-22,576775006,2,UPI,576775006.0,No return,Not Returned,Delivered,1456
2018-10-28,685170001,2,UPI,685170001.0,7 days return,Not Returned,Delivered,3108
2018-10-06,717205001,1,UPI,717205001.0,7 days return,Not Returned,Delivered,268
2018-10-06,692454002,2,UPI,692454002.0,No return,Not Returned,Delivered,2848
2018-09-26,549257001,2,Card,549257001.0,15 days return,Returned,Delivered,1866
2018-09-30,573652001,2,UPI,573652001.0,7 days return,,Not Delivered (Others),2686
2018-10-31,537346013,2,UPI,537346013.0,7 days return,Not Returned,Delivered,1304
2018-10-11,537895001,2,Cash,537895001.0,7 days return,Returned,Delivered,2196
2018-10-27,670430001,2,UPI,670430001.0,No return,Not Returned,Delivered,2924
2018-10-10,568568001,2,UPI,568568001.0,No return,Not Returned,Delivered,3389
2018-09-30,399256001,1,Card,399256001.0,No return,Not Returned,Delivered,4112
2018-10-11,548659003,2,Card,548659003.0,15 days return,Returned,Delivered,2562
2018-09-24,535726007,2,UPI,535726007.0,15 days return,Returned,Delivered,2358
2018-09-29,507909021,1,UPI,507909021.0,No return,Not Returned,Delivered,1665
2018-10-19,529953007,2,UPI,529953007.0,No return,Not Returned,Delivered,598
2018-09-29,622878017,1,UPI,622878017.0,15 days return,Returned,Delivered,126
2018-10-26,573085028,1,Card,573085028.0,No return,Not Returned,Delivered,3357
2018-09-27,666448001,2,Card,666448001.0,7 days return,,Not Delivered (Wrong Item),1311
2018-10-06,717205001,1,UPI,717205001.0,7 days return,Not Returned,Delivered,4117
2018-10-25,694966003,1,Cash,694966003.0,15 days return,Not Returned,Delivered,1925
2018-10-06,633136007,1,Card,633136007.0,No return,,Not Delivered (Others),1845
2018-10-11,589924003,2,UPI,589924003.0,15 days return,Returned,Delivered,4256
2018-10-24,635420001,2,Card,635420001.0,No return,Not Returned,Delivered,2777
2018-10-22,733753001,1,Card,733753001.0,No return,Not Returned,Delivered,3789
2018-10-31,663988001,2,UPI,663988001.0,7 days return,Returned,Delivered,4355
2018-10-30,639835003,2,UPI,639835003.0,No return,Not Returned,Delivered,773
2018-09-27,675281002,2,UPI,675281002.0,7 days return,Returned,Delivered,4392
2018-10-12,645065014,1,UPI,645065014.0,15 days return,,Not Delivered (Others),220
2018-10-19,416157034,2,UPI,416157034.0,15 days return,Not Returned,Delivered,2523
2018-10-11,700876002,2,UPI,700876002.0,No return,Not Returned,Delivered,3333
2018-09-24,211143037,2,UPI,211143037.0,7 days return,Not Returned,Delivered,2341
2018-10-17,663564001,2,UPI,663564001.0,No return,Not Returned,Delivered,4383
2018-10-07,565379001,1,Card,565379001.0,7 days return,Not Returned,Delivered,4670
2018-10-20,661820001,2,UPI,661820001.0,No return,Not Returned,Delivered,1467
2018-11-01,673922001,2,UPI,673922001.0,7 days return,,Not Delivered (Others),354
2018-10-09,568931008,2,Cash,568931008.0,No return,Not Returned,Delivered,2361
2018-10-22,399136011,2,Cash,399136011.0,15 days return,Returned,Delivered,3222
2018-10-23,671186002,1,UPI,671186002.0,15 days return,Returned,Delivered,4023
2018-10-13,541917001,2,Card,541917001.0,15 days return,Returned,Delivered,2843
2018-09-26,711521001,2,Card,711521001.0,No return,Not Returned,Delivered,4551
2018-10-22,537688014,2,UPI,537688014.0,7 days return,Returned,Delivered,4021
2018-10-23,539290003,2,Cash,539290003.0,7 days return,Returned,Delivered,3792
2018-09-27,694153001,1,UPI,694153001.0,15 days return,Returned,Delivered,4622
2018-10-28,469682004,2,Card,469682004.0,No return,Not Returned,Delivered,3818
2018-10-21,697980001,2,Card,697980001.0,15 days return,Returned,Delivered,4327
2018-10-12,636452003,2,UPI,636452003.0,15 days return,Returned,Delivered,1725
2018-10-08,399136009,1,Card,399136009.0,No return,Not Returned,Delivered,1525
2018-10-10,687270002,2,UPI,687270002.0,7 days return,Not Returned,Delivered,3307
2018-10-18,657925001,2,UPI,657925001.0,No return,Not Returned,Delivered,3295
2018-10-16,647770001,2,UPI,647770001.0,7 days return,Returned,Delivered,2428
2018-10-28,565379004,1,UPI,565379004.0,No return,Not Returned,Delivered,4347
2018-10-30,685150002,2,UPI,685150002.0,15 days return,Not Returned,Delivered,3059
2018-10-18,592975011,2,Card,592975011.0,No return,Not Returned,Delivered,1945
2018-09-29,539723007,2,Card,539723007.0,15 days return,Not Returned,Delivered,4351
2018-09-30,683662008,2,Cash,683662008.0,No return,Not Returned,Delivered,2912
2018-10-11,445419010,2,Cash,445419010.0,7 days return,Not Returned,Delivered,4612
2018-10-15,519583015,2,UPI,519583015.0,7 days return,Returned,Delivered,4763
2018-10-14,645065012,1,UPI,645065012.0,15 days return,,Not Delivered (Others),4736
2018-10-21,586898001,2,UPI,586898001.0,No return,Not Returned,Delivered,1243
2018-09-30,617386003,1,UPI,617386003.0,15 days return,Returned,Delivered,1214
2018-10-25,665477001,2,UPI,665477001.0,7 days return,Not Returned,Delivered,280
2018-10-18,469137013,2,UPI,469137013.0,No return,Not Returned,Delivered,1343
2018-10-21,678715002,2,UPI,678715002.0,15 days return,Not Returned,Delivered,773
2018-10-28,554450027,2,UPI,554450027.0,No return,Not Returned,Delivered,4389
2018-10-05,536139011,2,Cash,536139011.0,15 days return,Not Returned,Delivered,3157
2018-10-21,613246001,2,UPI,613246001.0,No return,,Not Delivered (Others),768
2018-10-09,399201020,2,UPI,399201020.0,15 days return,Not Returned,Delivered,3855
2018-09-21,355072001,2,UPI,355072001.0,15 days return,Not Returned,Delivered,3341
2018-10-25,662067001,1,UPI,662067001.0,15 days return,Returned,Delivered,4677
2018-09-23,581558002,2,UPI,581558002.0,No return,Not Returned,Delivered,2573
2018-09-27,501820007,2,UPI,501820007.0,7 days return,,Not Delivered (Wrong Item),1159
2018-09-20,685687003,2,UPI,685687003.0,No return,Not Returned,Delivered,4316
2018-09-26,662857005,2,UPI,662857005.0,7 days return,Not Returned,Delivered,977
2018-09-24,671238001,1,UPI,671238001.0,15 days return,Not Returned,Delivered,4355
2018-10-17,522398049,1,UPI,522398049.0,7 days return,Returned,Delivered,3817
2018-10-18,547752004,2,Card,547752004.0,7 days return,Returned,Delivered,3784
2018-10-22,662593001,1,UPI,662593001.0,7 days return,Returned,Delivered,2449
2018-10-31,504154019,2,UPI,504154019.0,No return,Not Returned,Delivered,2660
2018-10-23,557247001,1,UPI,557247001.0,No return,Not Returned,Delivered,300
2018-09-27,567993042,1,UPI,567993042.0,No return,Not Returned,Delivered,1007
2018-09-25,580746002,2,UPI,580746002.0,7 days return,Not Returned,Delivered,2321
2018-10-11,692454002,2,Card,692454002.0,No return,Not Returned,Delivered,768
2018-10-10,615141002,2,Cash,615141002.0,7 days return,Not Returned,Delivered,1209
2018-10-20,667499013,1,Card,667499013.0,7 days return,,Not Delivered (Wrong Item),4791
2018-09-21,642910002,1,UPI,642910002.0,15 days return,Not Returned,Delivered,2829
2018-10-17,567993015,2,UPI,567993015.0,No return,,Not Delivered (Wrong Item),4121
2018-10-28,651952002,2,Card,651952002.0,15 days return,Not Returned,Delivered,4299
2018-09-27,651456001,2,UPI,651456001.0,No return,Not Returned,Delivered,1506
2018-10-18,640613002,2,UPI,640613002.0,7 days return,Not Returned,Delivered,3628
2018-10-12,689123001,2,Card,689123001.0,15 days return,Not Returned,Delivered,4865
2018-10-30,670535001,2,UPI,670535001.0,15 days return,Returned,Delivered,4594
2018-10-02,640124001,2,UPI,640124001.0,7 days return,Returned,Delivered,2131
2018-09-28,728162002,1,UPI,728162002.0,7 days return,Not Returned,Delivered,4181
2018-09-27,637255001,2,Cash,637255001.0,No return,Not Returned,Delivered,4437
2018-11-01,399223028,1,UPI,399223028.0,15 days return,Returned,Delivered,334
2018-09-29,552346001,1,Cash,552346001.0,7 days return,Returned,Delivered,1867
2018-09-29,524825013,1,Cash,524825013.0,15 days return,Returned,Delivered,4844
2018-10-24,719002001,2,Card,719002001.0,No return,Not Returned,Delivered,740
2018-10-26,708907002,1,Cash,708907002.0,No return,Not Returned,Delivered,342
2018-10-11,687427001,2,UPI,687427001.0,7 days return,Not Returned,Delivered,1754
2018-10-14,678983008,2,UPI,678983008.0,No return,Not Returned,Delivered,3935
2018-10-28,623347003,2,UPI,623347003.0,15 days return,,Not Delivered (Others),1217
2018-10-01,322017003,1,Cash,322017003.0,7 days return,Not Returned,Delivered,468
2018-10-26,562245005,2,UPI,562245005.0,15 days return,Not Returned,Delivered,211
2018-10-15,578113001,2,Card,578113001.0,7 days return,Not Returned,Delivered,4535
2018-09-27,694153001,1,UPI,694153001.0,15 days return,Returned,Delivered,4622
2018-10-24,638899001,2,UPI,638899001.0,No return,Not Returned,Delivered,371
2018-10-17,682028002,2,Cash,682028002.0,15 days return,Not Returned,Delivered,4730
2018-11-01,555102002,2,Cash,555102002.0,15 days return,Not Returned,Delivered,3993
2018-10-28,611929006,2,UPI,611929006.0,15 days return,Not Returned,Delivered,1725
2018-10-30,662980003,2,UPI,662980003.0,15 days return,Returned,Delivered,118
2018-10-17,572400001,2,UPI,572400001.0,15 days return,Not Returned,Delivered,4125
2018-10-13,581127008,2,Cash,581127008.0,15 days return,Not Returned,Delivered,630
2018-10-16,562245055,1,UPI,562245055.0,No return,Not Returned,Delivered,1773
2018-09-28,680846004,2,UPI,680846004.0,7 days return,Not Returned,Delivered,977
2018-10-07,466595024,1,Cash,466595024.0,No return,Not Returned,Delivered,1424
2018-10-17,594264003,2,UPI,594264003.0,15 days return,Not Returned,Delivered,1306
2018-10-11,630037021,2,Card,630037021.0,15 days return,Not Returned,Delivered,4018
2018-10-26,179123001,1,Card,179123001.0,15 days return,,Not Delivered (Others),3927
2018-10-10,577027001,2,UPI,577027001.0,15 days return,Not Returned,Delivered,3220
2018-10-06,661481002,2,Cash,661481002.0,15 days return,Returned,Delivered,4115
2018-10-30,547780003,1,UPI,547780003.0,15 days return,Not Returned,Delivered,1087
2018-10-02,575141002,2,UPI,575141002.0,No return,Not Returned,Delivered,4268
2018-10-12,688873020,1,UPI,688873020.0,7 days return,Not Returned,Delivered,3555
2018-10-30,557248001,2,UPI,557248001.0,No return,Not Returned,Delivered,1572
2018-09-23,458393001,2,UPI,458393001.0,No return,Not Returned,Delivered,3002
2018-10-31,637255001,2,UPI,637255001.0,No return,Not Returned,Delivered,1022
2018-09-21,685687004,2,UPI,685687004.0,7 days return,Not Returned,Delivered,4362
2018-10-08,448509017,2,Card,448509017.0,7 days return,Not Returned,Delivered,2403
2018-10-14,652000003,2,UPI,652000003.0,No return,Not Returned,Delivered,1032
2018-10-02,554704006,2,UPI,554704006.0,7 days return,Returned,Delivered,2499
2018-10-26,469562021,2,Cash,469562021.0,No return,Not Returned,Delivered,1483
2018-09-26,633377003,2,UPI,633377003.0,No return,Not Returned,Delivered,511
2018-09-29,672590001,2,UPI,672590001.0,7 days return,Not Returned,Delivered,4909
2018-10-22,674913001,1,UPI,674913001.0,No return,Not Returned,Delivered,698
2018-09-24,648738013,2,UPI,648738013.0,No return,Not Returned,Delivered,1161
2018-10-03,637661003,2,UPI,637661003.0,No return,Not Returned,Delivered,4573
2018-09-29,662917002,1,UPI,662917002.0,No return,Not Returned,Delivered,4635
2018-10-16,604049001,1,UPI,604049001.0,7 days return,Returned,Delivered,3874
2018-09-23,685687003,2,UPI,685687003.0,No return,Not Returned,Delivered,1707
2018-10-23,728185003,2,Card,728185003.0,15 days return,Returned,Delivered,274
2018-10-10,662868004,1,Cash,662868004.0,15 days return,Not Returned,Delivered,4188
2018-09-29,662866001,1,UPI,662866001.0,15 days return,Returned,Delivered,948
2018-10-03,625480003,1,UPI,625480003.0,No return,Not Returned,Delivered,2821
2018-09-23,662868002,2,UPI,662868002.0,No return,,Not Delivered (Wrong Item),4014
2018-09-20,681247001,1,Card,681247001.0,7 days return,Not Returned,Delivered,1082
2018-10-17,703558001,2,UPI,703558001.0,7 days return,Not Returned,Delivered,4492
2018-09-27,567884001,2,UPI,567884001.0,No return,Not Returned,Delivered,4932
2018-09-24,663003004,2,Card,663003004.0,No return,Not Returned,Delivered,4508
2018-10-21,502186013,2,Card,502186013.0,15 days return,,Not Delivered (Others),1392
2018-10-29,677347003,2,UPI,677347003.0,No return,Not Returned,Delivered,784
2018-10-09,622238007,2,UPI,622238007.0,7 days return,Returned,Delivered,964
2018-10-16,513325017,1,UPI,513325017.0,15 days return,,Not Delivered (Wrong Item),3661
2018-10-01,658907007,2,UPI,658907007.0,15 days return,Returned,Delivered,3525
2018-10-30,625343001,1,Card,625343001.0,15 days return,Not Returned,Delivered,3250
2018-10-27,579541035,1,Card,579541035.0,No return,Not Returned,Delivered,4644
2018-09-21,405636014,2,UPI,405636014.0,No return,,Not Delivered (Wrong Item),4875
2018-10-02,687535001,2,UPI,687535001.0,No return,Not Returned,Delivered,2209
2018-09-26,582077002,2,Cash,582077002.0,7 days return,Not Returned,Delivered,3647
2018-10-12,650122012,1,UPI,650122012.0,15 days return,Not Returned,Delivered,1974
2018-09-25,652361004,2,UPI,652361004.0,No return,Not Returned,Delivered,323
2018-10-26,631418005,2,Cash,631418005.0,No return,Not Returned,Delivered,2328
2018-10-06,664122003,2,UPI,664122003.0,7 days return,Returned,Delivered,1201
2018-09-23,685687004,2,UPI,685687004.0,7 days return,Not Returned,Delivered,3160
2018-09-28,631741001,1,Card,631741001.0,No return,Not Returned,Delivered,1846
2018-10-12,595696021,2,Cash,595696021.0,7 days return,Not Returned,Delivered,1725
2018-10-01,579541036,1,Card,579541036.0,7 days return,Not Returned,Delivered,3587
2018-10-14,524825011,2,Card,524825011.0,15 days return,Not Returned,Delivered,4917
2018-10-22,621381001,2,UPI,621381001.0,No return,Not Returned,Delivered,4387
2018-10-10,683662006,2,Card,683662006.0,7 days return,Not Returned,Delivered,1701
2018-10-27,657512001,2,Card,657512001.0,7 days return,Returned,Delivered,4449
2018-10-02,626052008,1,UPI,626052008.0,7 days return,Not Returned,Delivered,2202
2018-10-22,244267021,2,UPI,244267021.0,No return,Not Returned,Delivered,1361
2018-09-29,478751007,2,UPI,478751007.0,7 days return,Returned,Delivered,2988
2018-10-31,108775015,2,UPI,108775015.0,15 days return,Not Returned,Delivered,2971
2018-09-21,621381008,2,UPI,621381008.0,15 days return,Returned,Delivered,699
2018-10-31,254940026,2,UPI,254940026.0,No return,Not Returned,Delivered,4355
2018-09-25,537346004,2,UPI,537346004.0,7 days return,Not Returned,Delivered,1458
2018-10-31,671022001,2,UPI,671022001.0,15 days return,Not Returned,Delivered,3139
2018-10-13,562252028,1,UPI,562252028.0,15 days return,Returned,Delivered,53
2018-10-22,696390001,1,UPI,696390001.0,No return,Not Returned,Delivered,1859
2018-10-25,111586001,1,UPI,111586001.0,7 days return,Not Returned,Delivered,1300
2018-10-17,634015012,2,Card,634015012.0,7 days return,Not Returned,Delivered,4739
2018-11-01,619464003,1,Card,619464003.0,No return,Not Returned,Delivered,1541
2018-10-01,662935001,2,UPI,662935001.0,No return,Not Returned,Delivered,351
2018-10-13,586661003,1,Cash,586661003.0,7 days return,Returned,Delivered,4071
2018-10-14,672590002,1,UPI,672590002.0,15 days return,Returned,Delivered,3948
2018-10-22,416511001,2,UPI,416511001.0,7 days return,,Not Delivered (Wrong Item),2940
2018-10-24,662230010,2,Card,662230010.0,15 days return,Returned,Delivered,2734
2018-09-20,501820043,2,UPI,501820043.0,7 days return,Not Returned,Delivered,66
2018-10-10,603584008,2,Cash,603584008.0,7 days return,Not Returned,Delivered,287
2018-09-24,675952003,2,UPI,675952003.0,7 days return,Not Returned,Delivered,3853
2018-09-21,626052009,1,UPI,626052009.0,No return,Not Returned,Delivered,212
2018-10-22,666448007,2,Cash,666448007.0,7 days return,Returned,Delivered,1905
2018-10-30,652367001,2,UPI,652367001.0,No return,Not Returned,Delivered,4594
2018-09-27,573716033,1,Card,573716033.0,7 days return,Not Returned,Delivered,4710
2018-10-07,718501001,2,Card,718501001.0,7 days return,Not Returned,Delivered,4639
2018-09-25,661435002,2,UPI,661435002.0,No return,Not Returned,Delivered,1458
2018-10-09,637673006,2,Card,637673006.0,15 days return,,Not Delivered (Wrong Item),2478
2018-10-17,581781010,2,Card,581781010.0,No return,Not Returned,Delivered,673
2018-09-28,662257001,1,UPI,662257001.0,7 days return,Not Returned,Delivered,1855
2018-09-29,700862001,2,UPI,700862001.0,7 days return,Not Returned,Delivered,3251
2018-09-26,637661004,2,UPI,637661004.0,15 days return,Not Returned,Delivered,941
2018-10-24,638842003,2,UPI,638842003.0,No return,Not Returned,Delivered,3054
2018-10-01,448515018,2,Cash,448515018.0,15 days return,Not Returned,Delivered,1858
2018-10-22,633130005,1,UPI,633130005.0,15 days return,Not Returned,Delivered,4428
2018-10-08,667499004,1,UPI,667499004.0,15 days return,Returned,Delivered,2596
2018-09-21,573716039,2,UPI,573716039.0,15 days return,Returned,Delivered,2456
2018-10-12,683171001,2,Cash,683171001.0,15 days return,,Not Delivered (Wrong Item),1580
2018-10-23,636455009,1,Card,636455009.0,No return,Not Returned,Delivered,4806
2018-10-21,562245042,1,Cash,562245042.0,15 days return,Not Returned,Delivered,2783
2018-10-27,592975013,1,Card,592975013.0,7 days return,Not Returned,Delivered,3490
2018-10-11,667916002,2,Card,667916002.0,No return,,Not Delivered (Wrong Item),4637
2018-10-08,554598001,1,UPI,554598001.0,15 days return,Not Returned,Delivered,736
2018-10-23,611522006,2,Card,611522006.0,7 days return,,Not Delivered (Wrong Item),2616
2018-10-01,611364001,2,UPI,611364001.0,No return,Not Returned,Delivered,337
2018-10-30,516712006,2,UPI,516712006.0,No return,Not Returned,Delivered,3669
2018-10-17,123173001,1,Cash,123173001.0,7 days return,Not Returned,Delivered,1399
2018-09-29,628979001,2,UPI,628979001.0,15 days return,Not Returned,Delivered,579
2018-10-17,583976001,2,UPI,583976001.0,7 days return,,Not Delivered (Wrong Item),2940
2018-10-11,522018001,2,UPI,522018001.0,No return,Not Returned,Delivered,253
2018-10-11,570892001,2,Card,570892001.0,7 days return,Not Returned,Delivered,2615
2018-10-29,658923001,2,UPI,658923001.0,7 days return,Returned,Delivered,917
2018-09-25,638554001,2,UPI,638554001.0,15 days return,Not Returned,Delivered,3843
2018-09-29,179123001,1,UPI,179123001.0,15 days return,Not Returned,Delivered,1282
2018-10-09,692158001,2,UPI,692158001.0,No return,Not Returned,Delivered,3266
2018-10-22,557908006,2,Card,557908006.0,No return,Not Returned,Delivered,3377
2018-10-03,639469003,1,UPI,639469003.0,7 days return,Not Returned,Delivered,2712
2018-10-13,630141001,1,UPI,630141001.0,7 days return,Returned,Delivered,2306
2018-09-21,572400001,1,Cash,572400001.0,15 days return,Not Returned,Delivered,4369
2018-10-25,633377008,1,Cash,633377008.0,7 days return,Returned,Delivered,4938
2018-10-08,650696002,1,Cash,650696002.0,No return,Not Returned,Delivered,1527
2018-10-17,653145002,2,UPI,653145002.0,15 days return,Not Returned,Delivered,2943
2018-10-23,557248001,2,UPI,557248001.0,No return,Not Returned,Delivered,264
2018-10-01,399087001,2,UPI,399087001.0,7 days return,Not Returned,Delivered,1531
2018-09-28,609185005,1,UPI,609185005.0,No return,Not Returned,Delivered,3827
2018-10-30,543544001,2,UPI,543544001.0,15 days return,Returned,Delivered,3662
2018-10-02,501820003,2,UPI,501820003.0,No return,Not Returned,Delivered,2248
2018-10-31,554598001,2,UPI,554598001.0,15 days return,Not Returned,Delivered,2660
2018-09-29,567815002,2,UPI,567815002.0,No return,Not Returned,Delivered,3775
2018-10-19,538699001,1,UPI,538699001.0,No return,Not Returned,Delivered,3830
2018-10-06,711288001,1,Card,711288001.0,7 days return,Not Returned,Delivered,475
2018-09-29,662868003,1,UPI,662868003.0,7 days return,Not Returned,Delivered,910
2018-10-04,189616008,2,UPI,189616008.0,7 days return,Returned,Delivered,4327
2018-10-14,667378002,2,Card,667378002.0,15 days return,Not Returned,Delivered,2354
2018-09-30,688873020,1,Card,688873020.0,7 days return,Not Returned,Delivered,3892
2018-09-29,538699007,1,UPI,538699007.0,No return,Not Returned,Delivered,35
2018-10-18,570002002,2,Cash,570002002.0,7 days return,Not Returned,Delivered,3415
2018-10-31,577253002,2,Card,577253002.0,15 days return,Returned,Delivered,3914
2018-09-29,507909004,1,UPI,507909004.0,7 days return,Not Returned,Delivered,515
2018-09-29,237347037,1,UPI,237347037.0,15 days return,Not Returned,Delivered,1567
2018-09-25,498044001,2,UPI,498044001.0,7 days return,Not Returned,Delivered,3244
2018-10-28,635957001,2,UPI,635957001.0,15 days return,Not Returned,Delivered,1132
2018-10-04,648891011,2,UPI,648891011.0,15 days return,Not Returned,Delivered,2916
2018-09-24,685687001,2,UPI,685687001.0,No return,Not Returned,Delivered,2210
2018-11-01,675378001,2,UPI,675378001.0,No return,Not Returned,Delivered,2411
2018-10-29,598908003,2,UPI,598908003.0,No return,Not Returned,Delivered,1305
2018-10-03,640124001,1,Card,640124001.0,7 days return,Not Returned,Delivered,3671
2018-10-17,625483002,2,UPI,625483002.0,15 days return,Returned,Delivered,2293
2018-10-20,557247010,2,UPI,557247010.0,15 days return,Returned,Delivered,1106
2018-10-28,496111003,2,UPI,496111003.0,No return,Not Returned,Delivered,1725
2018-10-04,673637001,2,UPI,673637001.0,No return,Not Returned,Delivered,4542
2018-10-04,394522003,1,Card,394522003.0,7 days return,Returned,Delivered,3988
2018-10-23,647977002,2,UPI,647977002.0,7 days return,Not Returned,Delivered,1456
2018-11-01,536139034,1,UPI,536139034.0,No return,Not Returned,Delivered,2239
2018-10-13,711694004,2,UPI,711694004.0,15 days return,Not Returned,Delivered,4735
2018-09-22,573085020,2,Cash,573085020.0,15 days return,Not Returned,Delivered,4756
2018-10-13,651898001,2,Card,651898001.0,15 days return,Not Returned,Delivered,2430
2018-10-24,650696002,1,UPI,650696002.0,No return,Not Returned,Delivered,1978
2018-10-04,639685006,2,UPI,639685006.0,No return,Not Returned,Delivered,3608
2018-10-04,497640008,1,Card,497640008.0,15 days return,Not Returned,Delivered,718
2018-10-28,636096001,2,Card,636096001.0,15 days return,Not Returned,Delivered,2092
2018-10-07,653750002,1,UPI,653750002.0,15 days return,Returned,Delivered,2588
2018-10-17,671852003,2,Cash,671852003.0,7 days return,Returned,Delivered,4069
2018-10-10,607667003,2,Cash,607667003.0,15 days return,Not Returned,Delivered,2112
2018-10-25,640124001,1,Card,640124001.0,7 days return,Returned,Delivered,3533
2018-09-23,355569001,2,UPI,355569001.0,No return,Not Returned,Delivered,206
2018-10-07,561548034,2,UPI,561548034.0,7 days return,Not Returned,Delivered,1466
2018-09-22,671852003,2,UPI,671852003.0,7 days return,Returned,Delivered,594
2018-10-24,598698001,2,UPI,598698001.0,No return,Not Returned,Delivered,2180
2018-10-14,501820025,1,UPI,501820025.0,No return,Not Returned,Delivered,1046
2018-10-01,691872004,1,Card,691872004.0,No return,Not Returned,Delivered,4367
2018-10-20,629679006,2,UPI,629679006.0,7 days return,Not Returned,Delivered,2920
2018-10-31,355569001,1,UPI,355569001.0,No return,Not Returned,Delivered,4382
2018-09-29,662917001,1,UPI,662917001.0,15 days return,Not Returned,Delivered,910
2018-10-24,309864002,1,UPI,309864002.0,15 days return,Returned,Delivered,867
2018-10-16,607310005,2,UPI,607310005.0,No return,,Not Delivered (Others),2990
2018-09-29,568597018,1,UPI,568597018.0,7 days return,Not Returned,Delivered,813
2018-10-16,666448006,2,UPI,666448006.0,7 days return,Not Returned,Delivered,3926
2018-10-20,687331005,2,UPI,687331005.0,7 days return,Not Returned,Delivered,1355
2018-10-22,685683001,1,UPI,685683001.0,No return,Not Returned,Delivered,3090
2018-10-14,638355001,2,UPI,638355001.0,7 days return,Not Returned,Delivered,3249
2018-10-13,108775015,2,UPI,108775015.0,15 days return,Not Returned,Delivered,3495
2018-10-06,616225002,1,UPI,616225002.0,15 days return,Returned,Delivered,721
2018-10-03,609786002,1,UPI,609786002.0,15 days return,Returned,Delivered,3293
2018-10-26,569206001,2,UPI,569206001.0,7 days return,Returned,Delivered,1199
2018-09-20,617036001,2,UPI,617036001.0,No return,Not Returned,Delivered,2338
2018-11-01,297067002,2,UPI,297067002.0,15 days return,Not Returned,Delivered,1915
2018-09-29,542743013,2,Cash,542743013.0,7 days return,Not Returned,Delivered,1977
2018-09-21,521302008,2,UPI,521302008.0,7 days return,Not Returned,Delivered,4543
2018-09-28,677930004,2,UPI,677930004.0,15 days return,,Not Delivered (Others),4981
2018-10-27,688873013,2,UPI,688873013.0,15 days return,Returned,Delivered,2243
2018-10-17,666006004,2,UPI,666006004.0,7 days return,Not Returned,Delivered,3622
2018-10-29,719965002,2,UPI,719965002.0,7 days return,Returned,Delivered,4314
2018-10-16,647221001,2,Card,647221001.0,15 days return,Returned,Delivered,4874
2018-09-29,683493001,1,Card,683493001.0,No return,Not Returned,Delivered,1695
