image,gender,color,material,sleeve,pattern,neckline,style,category,item_ID
<PIL.Image.Image image mode=RGB size=500x500 at 0x79C77F6FAA80>,Female,,Polyester,,Floral,,Bodycon,Jumpsuits Overalls & Rompers,1
<PIL.Image.Image image mode=RGB size=600x600 at 0x79C77DEFFF80>,Female,,Chiffon,,,,Summer,Swimsuit Cover-ups,100
<PIL.Image.Image image mode=RGB size=600x600 at 0x79C77DF46660>,Female,Black,,,Mesh,V-Necks,Spaghetti Straps,Lingerie Sleepwear & Underwear,10000
<PIL.Image.Image image mode=RGB size=399x417 at 0x79C77DF46D20>,Female,,,Long Sleeved,Floral,V-Necks,Printed,Jumpsuits Overalls & Rompers,1000001
<PIL.Image.Image image mode=RGB size=600x600 at 0x79C77DF46A80>,Male,Black,Spandex,,,,,Swim Trunks,1000002
<PIL.Image.Image image mode=RGB size=397x600 at 0x79C77DF47230>,Female,Black White,Polyester Spandex,Long Sleeved,,Shoulder Drapes,Bodycon,Dresses,1000004
<PIL.Image.Image image mode=RGB size=600x600 at 0x79C77DF47620>,Male,,,,,,,Fashion Sets,1000006
<PIL.Image.Image image mode=RGB size=600x600 at 0x79C77DF47C20>,Female,,,Sleeveless,,Sweetheart Neckline,Pleated,Wedding Dresses,1000007
<PIL.Image.Image image mode=RGB size=587x400 at 0x79C77DF46960>,Female,,,Sleeveless,,Sweetheart Neckline,Bodycon,Dresses,1000008
<PIL.Image.Image image mode=RGB size=600x600 at 0x79C77DF943E0>,Female,,,Strapless,Leopard And Cheetah,Sweetheart Neckline,Bodycon,Party Dresses,1000009
<PIL.Image.Image image mode=RGB size=600x600 at 0x79C77DEFCD40>,Male,,Denim,,Ripped,,,Jeans,100001
<PIL.Image.Image image mode=RGB size=500x500 at 0x79C79FFF78C0>,Female,Black White,,,,Collared,Vintage Retro,,1000010
<PIL.Image.Image image mode=RGB size=600x600 at 0x79C77DF95610>,Female,,Chiffon,Sleeveless,Chevron,V-Necks,Summer,Casual Dresses,1000011
<PIL.Image.Image image mode=RGB size=587x400 at 0x79C77DF95A00>,Female,,,Long Sleeved,,Round Neck,Tunic,Hoodies & Sweatshirts,1000012
<PIL.Image.Image image mode=RGB size=600x600 at 0x79C77DF959D0>,Female,White,Chiffon,Strapless,Floral,Off The Shoulder,Pleated,Dresses,1000013
<PIL.Image.Image image mode=RGB size=556x600 at 0x79C77DF95A90>,Female,Blue,Denim,,Ripped,,,Jumpsuits Overalls & Rompers,1000016
<PIL.Image.Image image mode=RGB size=600x600 at 0x79C77DF96060>,Neutral,,Knit,Long Sleeved,,Off The Shoulder,Bodycon,Dresses,1000017
<PIL.Image.Image image mode=RGB size=457x600 at 0x79C77DF96780>,Male,,,Long Sleeved,,,,Athletic Sets,1000018
<PIL.Image.Image image mode=RGB size=600x513 at 0x79C77DF96B10>,Female,Black White,,Short Sleeves,,Off The Shoulder,Summer,Blouses,1000020
<PIL.Image.Image image mode=RGB size=600x600 at 0x79C77DF96F60>,Neutral,Blue White,Polyester,Long Sleeved,,Off The Shoulder,,,1000024
<PIL.Image.Image image mode=RGB size=600x600 at 0x79C77DF95010>,Female,,Denim,,Ripped,,,Jeans,1000025
<PIL.Image.Image image mode=RGB size=600x600 at 0x79C77DF949E0>,Male,Black Gray Green,Polyester Spandex,,Camouflage,,,Athletic Pants,1000026
<PIL.Image.Image image mode=RGB size=600x600 at 0x79C77DF97A40>,Male,Black,Cotton,Long Sleeved,,Round Neck,Printed,T-Shirts,1000027
<PIL.Image.Image image mode=RGB size=600x600 at 0x79C77DF94A40>,Female,Black Pink White,Knit,Long Sleeved,,Off The Shoulder,,,1000029
<PIL.Image.Image image mode=RGB size=600x600 at 0x79C77DFA4440>,Female,Black,Spandex,Sleeveless,,V-Necks,Spaghetti Straps,Underwear,100003
<PIL.Image.Image image mode=RGB size=587x400 at 0x79C77DF944A0>,Female,,,Long Sleeved,,Round Neck,Summer,Uniforms,1000030
<PIL.Image.Image image mode=RGB size=200x251 at 0x79C77DF94C50>,Female,,,Long Sleeved,,Turtlenecks,,,1000031
<PIL.Image.Image image mode=RGB size=600x600 at 0x79C77DF96AB0>,Female,Black Green Red Yellow,,Long Sleeved,,Turtlenecks,,,1000033
<PIL.Image.Image image mode=RGB size=600x600 at 0x79C77DF94C20>,Female,,,Sleeveless,,V-Necks,Vintage Retro,Dresses,1000034
<PIL.Image.Image image mode=RGB size=400x600 at 0x79C77DFA4A10>,Female,,Lace Tulle,Strapless,Floral Sequins,Sweetheart Neckline,Beaded,Wedding Dresses,1000035
<PIL.Image.Image image mode=RGB size=600x600 at 0x79C77DF96F30>,Female,,,Long Sleeved,,Off The Shoulder,Summer,Dresses,1000036
<PIL.Image.Image image mode=RGB size=600x600 at 0x79C77DF97680>,Female,White,Polyester,Sleeveless,,V-Necks,Spaghetti Straps,Jumpsuits Overalls & Rompers,1000037
<PIL.Image.Image image mode=RGB size=600x600 at 0x79C77DFA5580>,Female,Black Blue Red,Satin Silk,,,V-Necks,Summer,Nightgowns,100004
<PIL.Image.Image image mode=RGB size=600x571 at 0x79C77DFA5970>,Female,Black Pink,Spandex,Sleeveless,Mesh,,Spaghetti Straps,Nightgowns,1000040
<PIL.Image.Image image mode=RGB size=600x600 at 0x79C77DFA5250>,Female,Black Blue,,Long Sleeved,,,,Skinny Jeans,1000041
<PIL.Image.Image image mode=RGB size=600x599 at 0x79C77DFA5AC0>,Female,,Lace,Long Sleeved,,Turtlenecks,Peplum,Blouses,1000042
<PIL.Image.Image image mode=RGB size=600x600 at 0x79C77DFA6240>,Male,,,Long Sleeved,,Turtlenecks,,,1000043
<PIL.Image.Image image mode=RGB size=400x600 at 0x79C77DFA65D0>,Male,,,Short Sleeves,,Round Neck,Printed,Dresses,1000044
<PIL.Image.Image image mode=RGB size=600x600 at 0x79C77DFA6930>,Neutral,White,,Sleeveless,,V-Necks,Spaghetti Straps,,1000046
<PIL.Image.Image image mode=RGB size=362x600 at 0x79C77DFA6B10>,Female,,,Long Sleeved,,V-Necks,Tunic,Casual Dresses,1000048
<PIL.Image.Image image mode=RGB size=600x600 at 0x79C77DEFF440>,Female,,Knit,Sleeveless,,Round Neck,Spaghetti Straps,Crop Tops,100005
<PIL.Image.Image image mode=RGB size=600x600 at 0x79C77DF47B30>,Neutral,,,Sleeveless,,,Vintage Retro,Corsets,1000050
<PIL.Image.Image image mode=RGB size=600x600 at 0x79C77DF47C80>,Female,Black Pink Red,,Sleeveless,,Round Neck,Pleated,Dresses,1000051
<PIL.Image.Image image mode=RGB size=600x600 at 0x79C77DFA4DD0>,Female,Blue Gray Pink Purple,Cotton,,,,,Maternity,1000052
<PIL.Image.Image image mode=RGB size=600x600 at 0x79C77DFA7980>,Female,,,Short Sleeves,,Round Neck,,Blouses,1000053
<PIL.Image.Image image mode=RGB size=600x600 at 0x79C77DFA5040>,Female,White,Tulle,Strapless,,Sweetheart Neckline,Summer,Dresses,1000055
<PIL.Image.Image image mode=RGB size=600x600 at 0x79C77DFA7F20>,Female,,Lace,Sleeveless,,Sweetheart Neckline,,Corsets,1000057
<PIL.Image.Image image mode=RGB size=600x600 at 0x79C77DFA7C80>,Female,Clear,Lace Tulle,Sleeveless,Ruched,Sweetheart Neckline,Bodycon,Prom Dresses,1000058
<PIL.Image.Image image mode=RGB size=450x600 at 0x79C77DEFC080>,Male,Gray,,,,,,Harem Pants,100006
<PIL.Image.Image image mode=RGB size=600x600 at 0x79C77DF97830>,Female,,,Long Sleeved,,Off The Shoulder,Summer,Casual Dresses,1000060
<PIL.Image.Image image mode=RGB size=600x599 at 0x79C77DFA75F0>,Female,,Chiffon,Sleeveless,Floral,V-Necks,Spaghetti Straps,Jumpsuits Overalls & Rompers,1000062
<PIL.Image.Image image mode=RGB size=600x600 at 0x79C77DFA7740>,Male,,Nylon,Long Sleeved,,Round Neck,,Athletic Shirts,1000063
<PIL.Image.Image image mode=RGB size=600x525 at 0x79C77D8C49B0>,Female,Gray,,,,,,Leggings,1000064
<PIL.Image.Image image mode=RGB size=600x600 at 0x79C77D8C4DA0>,Female,White,Lace,Long Sleeved,Crochet,Round Neck,Embroidered,Blouses,1000066
<PIL.Image.Image image mode=RGB size=600x600 at 0x79C77D8C4890>,Female,,,,,,,Suits & Blazers,1000067
<PIL.Image.Image image mode=RGB size=600x600 at 0x79C77D8C5250>,Female,Blue Pink Red,,Long Sleeved,Leopard And Cheetah,Round Neck,Furry,Jackets,1000068
<PIL.Image.Image image mode=RGB size=400x600 at 0x79C77D8C5670>,Female,,Chiffon,Strapless,Floral,V-Necks,Wrap,Swimsuit Cover-ups,1000069
<PIL.Image.Image image mode=RGB size=450x600 at 0x79C77D8C5A90>,Female,Pink,,Short Sleeves,,Sweetheart Neckline,Bodycon,Wedding Dresses,1000070
<PIL.Image.Image image mode=RGB size=600x600 at 0x79C77D8C5E80>,Female,,Cotton Spandex,Sleeveless,,Racerback,Spaghetti Straps,Tank Tops,1000071
<PIL.Image.Image image mode=RGB size=600x600 at 0x79C77DF467B0>,Female,,Lace,Long Sleeved,,Round Neck,Bodycon,Dresses,1000072
<PIL.Image.Image image mode=RGB size=447x500 at 0x79C77DF97920>,Female,,Lace Satin,Strapless,Leopard And Cheetah,Sweetheart Neckline,Vintage Retro,Corsets,1000073
<PIL.Image.Image image mode=RGB size=551x576 at 0x79C77D8C40E0>,Male,,,Long Sleeved,,Round Neck,,Dress Shirts,1000074
<PIL.Image.Image image mode=RGB size=600x600 at 0x79C77D8C4680>,Male,,,,,,,Sweatpants,1000075
<PIL.Image.Image image mode=RGB size=479x479 at 0x79C77D8C71A0>,Neutral,Green Orange White,,Short Sleeves,,Round Neck,Printed,T-Shirts,1000076
<PIL.Image.Image image mode=RGB size=600x600 at 0x79C77DF945F0>,Male,Black Blue Green Multi Color White Yellow,,,Camouflage,,,Capri Pants,1000077
<PIL.Image.Image image mode=RGB size=465x600 at 0x79C77D8C4110>,Male,,,Long Sleeved,,Round Neck,,Athletic Shirts,1000078
<PIL.Image.Image image mode=RGB size=369x600 at 0x79C77D8C5430>,Female,,,Short Sleeves,,Round Neck,Peplum,Blouses,100008
<PIL.Image.Image image mode=RGB size=587x400 at 0x79C77D8C7F50>,Female,Black Green Pink White,,Long Sleeved,,Off The Shoulder,Spaghetti Straps,,1000081
<PIL.Image.Image image mode=RGB size=350x350 at 0x79C77D8D4380>,Male,Black,Denim,,,,,,1000084
<PIL.Image.Image image mode=RGB size=522x532 at 0x79C77D8D47A0>,Female,,Chiffon,Short Sleeves,,Round Neck,Beaded,Blouses,1000085
<PIL.Image.Image image mode=RGB size=600x600 at 0x79C77D8C6AE0>,Female,Blue White,Chiffon,Short Sleeves,,Round Neck,,Blouses,1000086
<PIL.Image.Image image mode=RGB size=600x600 at 0x79C77D8D52E0>,Female,Red,Lace,Long Sleeved,,V-Necks,Bodycon,Casual Dresses,1000087
<PIL.Image.Image image mode=RGB size=399x600 at 0x79C77D8D56D0>,Female,,Denim,,Ripped,,,,1000088
<PIL.Image.Image image mode=RGB size=600x600 at 0x79C77D8D51C0>,Female,Pink White,,,,,,Cardigans,1000089
<PIL.Image.Image image mode=RGB size=600x600 at 0x79C77D8D5B80>,Female,Beige Black Green Purple Red Yellow,Polyester,Long Sleeved,,Round Neck,Asymmetric,Capes & Capelets,1000092
<PIL.Image.Image image mode=RGB size=500x500 at 0x79C77D8D5C70>,Female,,,Long Sleeved,,V-Necks,Peplum,Casual Dresses,1000094
<PIL.Image.Image image mode=RGB size=399x600 at 0x79C77D8D6270>,Female,,,Sleeveless,Floral,V-Necks,Summer,Casual Dresses,1000095
<PIL.Image.Image image mode=RGB size=600x600 at 0x79C77D8D6420>,Neutral,,Cotton,Short Sleeves,,Round Neck,Tunic,T-Shirts,1000097
<PIL.Image.Image image mode=RGB size=600x600 at 0x79C77D8D6690>,Female,Black,Lace,Long Sleeved,,Round Neck,Pleated,Dresses,1000098
<PIL.Image.Image image mode=RGB size=600x598 at 0x79C77D8D6F60>,Female,Black White,Polyester,Long Sleeved,,,Bodycon,Casual Dresses,1000099
<PIL.Image.Image image mode=RGB size=600x600 at 0x79C77D8D4F80>,Female,Black Pink,Cotton,Sleeveless,,Round Neck,,Dresses,10001
<PIL.Image.Image image mode=RGB size=592x600 at 0x79C77D8C5C10>,Female,Black,Lace,Sleeveless,Mesh,,Spaghetti Straps,Nightgowns,100010
<PIL.Image.Image image mode=RGB size=600x600 at 0x79C77D8C4B30>,Neutral,,,,,,Tunic,Kimonos,1000100
<PIL.Image.Image image mode=RGB size=600x600 at 0x79C77D8D49B0>,Female,,Cotton Polyester Spandex,,,,Bodycon,Pencil Skirts,1000101
<PIL.Image.Image image mode=RGB size=600x600 at 0x79C77D8C7E00>,Female,Black Blue White,Denim,,,,,Skirts,1000103
<PIL.Image.Image image mode=RGB size=600x600 at 0x79C77D8D5400>,Female,Black Purple White,Lace,Long Sleeved,Floral,Round Neck,Pleated,Dresses,1000104
<PIL.Image.Image image mode=RGB size=600x600 at 0x79C77D8D65A0>,Female,Blue,Denim,,Ripped,,,,1000105
<PIL.Image.Image image mode=RGB size=600x600 at 0x79C77D8E4530>,Female,Black Blue Brown Green Red White,,,,,,Harem Pants,1000106
<PIL.Image.Image image mode=RGB size=600x600 at 0x79C77D8E4920>,Female,Black White,Chiffon,Sleeveless,,Round Neck,Summer,Cocktail Dresses,1000107
<PIL.Image.Image image mode=RGB size=600x600 at 0x79C77D8E4CE0>,Female,Black Red,Lace,Long Sleeved,Floral,Round Neck,Peplum,Blouses,1000109
<PIL.Image.Image image mode=RGB size=600x600 at 0x79C77D8D79B0>,Male,,,Long Sleeved,,,,Jackets,100011
<PIL.Image.Image image mode=RGB size=600x600 at 0x79C77D8D7440>,Neutral,Black Blue Pink Red Yellow,,,,,,Tutus,1000110
<PIL.Image.Image image mode=RGB size=600x600 at 0x79C79D87B5F0>,Female,Black Red,Wool,Long Sleeved,,V-Necks,Furry,Trench Coats,1000112
<PIL.Image.Image image mode=RGB size=348x349 at 0x79C77D8C6870>,Male,,Wool,,,,,Peacoats,1000113
<PIL.Image.Image image mode=RGB size=600x600 at 0x79C77D8C77D0>,Neutral,Black,Nylon,Short Sleeves,,Backless Dresses,Embroidered,,1000114
<PIL.Image.Image image mode=RGB size=600x600 at 0x79C77D8C7CB0>,Male,,Silk,Long Sleeved,,V-Necks,Printed,,1000115
<PIL.Image.Image image mode=RGB size=600x600 at 0x79C77D8E5BE0>,Female,Black Red,,Long Sleeved,,Off The Shoulder,Bodycon,Party Dresses,1000118
<PIL.Image.Image image mode=RGB size=450x600 at 0x79C77D8E5790>,Female,,,Sleeveless,Sequins,Round Neck,Asymmetric,Wedding Dresses,100012
<PIL.Image.Image image mode=RGB size=600x600 at 0x79C77D8E5C40>,Male,,Denim,,Ripped,,,Baggy Jeans,1000120
<PIL.Image.Image image mode=RGB size=600x600 at 0x79C77D8E64B0>,Female,,,Sleeveless,,Backless Dresses,Spaghetti Straps,Vests,1000122
<PIL.Image.Image image mode=RGB size=600x600 at 0x79C77D8E53D0>,Female,Black Blue Gray Red,,Sleeveless,,Backless Dresses,Spaghetti Straps,Lingerie Sleepwear & Underwear,1000123
<PIL.Image.Image image mode=RGB size=600x600 at 0x79C77D8C7AD0>,Male,Black Orange,Cotton,Short Sleeves,,Round Neck,Printed,T-Shirts,1000124
<PIL.Image.Image image mode=RGB size=600x600 at 0x79C77E2C8050>,Female,Black Pink White,Chiffon,Long Sleeved,,Off The Shoulder,,Sheer Tops,1000125
<PIL.Image.Image image mode=RGB size=600x600 at 0x79C77D8D7650>,Female,Black White,Lace,Sleeveless,Floral Mesh,Round Neck,Pleated,Skirts,1000126
<PIL.Image.Image image mode=RGB size=587x400 at 0x79C77D8E5040>,Female,,,Long Sleeved,,V-Necks,,Blouses,1000127
<PIL.Image.Image image mode=RGB size=350x525 at 0x79C77D8E58E0>,Female,Black,Nylon,Sleeveless,,Sweetheart Neckline,Bandage,Dresses,1000129
<PIL.Image.Image image mode=RGB size=600x600 at 0x79C77D8E79E0>,Female,,Cotton Faux Fur,Long Sleeved,Quilted,,Furry,Jackets,100013
<PIL.Image.Image image mode=RGB size=600x600 at 0x79C77D8F4470>,Female,,Cotton,Long Sleeved,,Collared,Furry,Jackets,1000130
<PIL.Image.Image image mode=RGB size=600x600 at 0x79C77D8F4830>,Female,Black White,Lace,Sleeveless,,Backless Dresses,Spaghetti Straps,Tank Tops,1000131
<PIL.Image.Image image mode=RGB size=600x600 at 0x79C77D8F46B0>,Female,Black Blue Pink,,Long Sleeved,,V-Necks,Bodycon,Party Dresses,1000132
<PIL.Image.Image image mode=RGB size=600x600 at 0x79C77D8E6C60>,Female,Blue Green Pink Purple,Cotton,,,,,Underwear,1000134
<PIL.Image.Image image mode=RGB size=497x497 at 0x79C77D8E6810>,Female,,,Short Sleeves,,Off The Shoulder,Asymmetric,,1000135
<PIL.Image.Image image mode=RGB size=600x600 at 0x79C77D8F5610>,Female,Black Blue Green Red Yellow,,Long Sleeved,,Off The Shoulder,Bodycon,,1000136
<PIL.Image.Image image mode=RGB size=600x450 at 0x79C77D8F59D0>,Male,Black Gray Red,,Long Sleeved,,V-Necks,,Suits & Blazers,1000137
<PIL.Image.Image image mode=RGB size=500x500 at 0x79C77D8F5670>,Female,,Denim,Puff Sleeves,,Round Neck,Summer,Casual Dresses,1000138
<PIL.Image.Image image mode=RGB size=600x600 at 0x79C77D8F5880>,Female,Red,Polyester,Sleeveless,Sequins,Round Neck,Pleated,Casual Dresses,1000139
<PIL.Image.Image image mode=RGB size=600x600 at 0x79C77D8F62A0>,Female,,Polyester Spandex,Sleeveless,,Racerback,,Vests,100014
<PIL.Image.Image image mode=RGB size=500x500 at 0x79C77D8F6660>,Female,,,Short Sleeves,,Round Neck,Printed,T-Shirts,1000141
<PIL.Image.Image image mode=RGB size=310x310 at 0x79C77D8E4D70>,Male,Black White,Cotton,Short Sleeves,,V-Necks,,Polos,1000142
<PIL.Image.Image image mode=RGB size=600x600 at 0x79C77D8F6CC0>,Female,,,Sleeveless,,Sweetheart Neckline,Bodycon,Dresses,1000147
<PIL.Image.Image image mode=RGB size=600x600 at 0x79C77DF947A0>,Female,Blue Pink White,Satin,,,,,Robes,1000148
<PIL.Image.Image image mode=RGB size=600x600 at 0x79C77D8C6CC0>,Female,Black Red,,Sleeveless,,,Asymmetric,Cardigans,1000149
<PIL.Image.Image image mode=RGB size=469x600 at 0x79C77D8E7740>,Female,,Lace Tulle,Sleeveless,Ruffles Sequins,Sweetheart Neckline,Bandage,Wedding Dresses,1000150
<PIL.Image.Image image mode=RGB size=600x600 at 0x79C77D8F5160>,Female,,Chiffon,Sleeveless,Floral,V-Necks,Summer,Cocktail Dresses,1000151
<PIL.Image.Image image mode=RGB size=598x600 at 0x79C77D8F79E0>,Male,Pink,,,,,,Three Piece Suits,1000152
<PIL.Image.Image image mode=RGB size=600x600 at 0x79C77D8F7B30>,Female,Green,,Long Sleeved,Floral,V-Necks,Vintage Retro,Kimonos,1000153
<PIL.Image.Image image mode=RGB size=600x600 at 0x79C77D8F7AA0>,Female,Black Silver White,Knit,Sleeveless,,V-Necks,Peplum,,1000156
<PIL.Image.Image image mode=RGB size=498x536 at 0x79C77D9086B0>,Female,,Wool,Long Sleeved,,V-Necks,Furry,Peacoats,1000157
<PIL.Image.Image image mode=RGB size=587x400 at 0x79C77D9084D0>,Female,Black Red,Knit,Long Sleeved,,Turtlenecks,Bodycon,,1000158
<PIL.Image.Image image mode=RGB size=450x600 at 0x79C77D908BC0>,Female,Black Blue White,,,,,,Skinny Jeans,100016
<PIL.Image.Image image mode=RGB size=600x600 at 0x79C77D8F6EA0>,Female,,,Sleeveless,Chevron,V-Necks,Summer,Cocktail Dresses,1000160
<PIL.Image.Image image mode=RGB size=600x600 at 0x79C77D8F5D60>,Male,Black,,,,,,Trousers,1000161
<PIL.Image.Image image mode=RGB size=600x600 at 0x79C77D8F4FE0>,Neutral,Black Gold,Cotton,Long Sleeved,,Collared,,Jackets,1000162
<PIL.Image.Image image mode=RGB size=449x600 at 0x79C77D8F7590>,Female,,,Sleeveless,Tie Dye,Off The Shoulder,Spaghetti Straps,Dresses,1000163
<PIL.Image.Image image mode=RGB size=600x600 at 0x79C77D8E7EC0>,Female,,Lace,Long Sleeved,,Round Neck,Bodycon,Dresses,1000164
<PIL.Image.Image image mode=RGB size=600x600 at 0x79C77D909BB0>,Female,Pink,,Short Sleeves,,Round Neck,Peplum,Crop Tops,1000165
<PIL.Image.Image image mode=RGB size=500x500 at 0x79C77D8E5580>,Female,,,Long Sleeved,,Backless Dresses,,Jumpsuits Overalls & Rompers,1000166
<PIL.Image.Image image mode=RGB size=500x500 at 0x79C77D90A120>,Female,Black Gray Purple,,,,,,Yoga Pants,1000167
<PIL.Image.Image image mode=RGB size=600x600 at 0x79C77D90A540>,Female,,Lace,Sleeveless,Floral,Round Neck,Summer,Casual Dresses,1000169
<PIL.Image.Image image mode=RGB size=600x600 at 0x79C77D90A6C0>,Female,Black,Leather Patent,Long Sleeved,Mesh,Round Neck,,Bodysuits,1000170
<PIL.Image.Image image mode=RGB size=514x533 at 0x79C77D908A70>,Female,Black Blue,Polyester,Sleeveless,,Round Neck,Hollow-Out,,1000171
<PIL.Image.Image image mode=RGB size=600x600 at 0x79C77D909220>,Male,,,,,,,Maternity,1000174
<PIL.Image.Image image mode=RGB size=578x600 at 0x79C77D90A660>,Female,Black Green,,Strapless,Ruched,Shoulder Drapes,Bodycon,Dresses,1000175
<PIL.Image.Image image mode=RGB size=600x600 at 0x79C77D90B8C0>,Female,,,Long Sleeved,,Off The Shoulder,,,1000177
<PIL.Image.Image image mode=RGB size=600x600 at 0x79C77D90BCB0>,Female,Black Blue Green,,Long Sleeved,,Off The Shoulder,,Blouses,100018
<PIL.Image.Image image mode=RGB size=600x600 at 0x79C77D910380>,Female,Black Blue Red,,Long Sleeved,,V-Necks,,Jumpsuits Overalls & Rompers,1000180
<PIL.Image.Image image mode=RGB size=600x600 at 0x79C77D9107A0>,Female,,Cotton,Strapless,Tie Dye,Round Neck,Summer,Casual Dresses,1000181
<PIL.Image.Image image mode=RGB size=600x600 at 0x79C77DF97890>,Male,,Cotton,Long Sleeved,Quilted,Turtlenecks,,Bubble Coats,1000182
<PIL.Image.Image image mode=RGB size=600x600 at 0x79C77D910CB0>,Male,,Denim,,Ripped,,,Trousers,1000183
<PIL.Image.Image image mode=RGB size=600x600 at 0x79C77D910F80>,Female,Black Gray,,Long Sleeved,,Off The Shoulder,Bodycon,Cocktail Dresses,1000184
<PIL.Image.Image image mode=RGB size=600x588 at 0x79C77D90B140>,Female,,Chiffon,Long Sleeved,,Round Neck,,Jumpsuits Overalls & Rompers,1000185
<PIL.Image.Image image mode=RGB size=384x500 at 0x79C77D90B0E0>,Female,,,Sleeveless,,Sweetheart Neckline,Bodycon,Custom Made Clothing,1000186
<PIL.Image.Image image mode=RGB size=600x600 at 0x79C77D911DF0>,Female,Black Pink,,Short Sleeves,,Off The Shoulder,,Blouses,1000187
<PIL.Image.Image image mode=RGB size=600x600 at 0x79C77D9119A0>,Female,Black Gray Green,,Long Sleeved,,Round Neck,,,1000188
<PIL.Image.Image image mode=RGB size=600x600 at 0x79C77D9122A0>,Neutral,Pink White,,,Fringe,,,Robes,1000189
<PIL.Image.Image image mode=RGB size=399x600 at 0x79C77DF47D70>,Female,Black Blue Orange Red White,Cotton,Short Sleeves,,Round Neck,,Casual Shirts,100019
<PIL.Image.Image image mode=RGB size=600x600 at 0x79C77D909A60>,Male,Multi Color,,,,,,Cargo Shorts,1000191
<PIL.Image.Image image mode=RGB size=600x600 at 0x79C77D8C6F30>,Female,,Denim,,Fringe Ripped,,,Jeans,1000192
<PIL.Image.Image image mode=RGB size=600x506 at 0x79C77D9125D0>,Female,,,Long Sleeved,,Turtlenecks,Spaghetti Straps,Casual Dresses,1000194
<PIL.Image.Image image mode=RGB size=600x277 at 0x79C77D912DB0>,Female,Blue Pink Red White,Polyester,Long Sleeved,,V-Necks,Bodycon,Jumpsuits Overalls & Rompers,1000195
<PIL.Image.Image image mode=RGB size=600x600 at 0x79C77D9114C0>,Neutral,,,Long Sleeved,,Racerback,,T-Shirts,1000196
<PIL.Image.Image image mode=RGB size=600x600 at 0x79C77D911190>,Female,Black Blue Green Pink Purple Red White Yellow,Cotton Polyester,,,,,Dance Wear,1000199
<PIL.Image.Image image mode=RGB size=300x300 at 0x79C77D90B470>,Female,Black Green,Fleece,Long Sleeved,,,Furry,Jackets,10002
<PIL.Image.Image image mode=RGB size=600x600 at 0x79C77D909460>,Male,,,,,,,Skinny Jeans,100020
<PIL.Image.Image image mode=RGB size=600x600 at 0x79C77D9097C0>,Female,Black Brown Gray,Plush,Long Sleeved,Quilted,,Furry,Hoodies & Sweatshirts,1000200
<PIL.Image.Image image mode=RGB size=599x600 at 0x79C77D913380>,Male,Black Blue Green Red White,,Long Sleeved,,Collared,,Dress Shirts,1000201
<PIL.Image.Image image mode=RGB size=600x600 at 0x79C77D90A750>,Neutral,White,Lace,Short Sleeves,,Round Neck,Peplum,,1000202
<PIL.Image.Image image mode=RGB size=600x600 at 0x79C77D8C5040>,Female,,,Long Sleeved,,Round Neck,Furry,,1000203
<PIL.Image.Image image mode=RGB size=600x600 at 0x79C77D920560>,Neutral,Black Blue Gray Red White,Cotton,Short Sleeves,,Round Neck,Printed,T-Shirts,1000205
<PIL.Image.Image image mode=RGB size=600x600 at 0x79C77D920920>,Male,Black White,Cotton,Short Sleeves,,Round Neck,,T-Shirts,1000206
<PIL.Image.Image image mode=RGB size=600x600 at 0x79C77D913080>,Female,,Lace,Puff Sleeves,,V-Necks,Summer,Party Dresses,1000208
<PIL.Image.Image image mode=RGB size=600x600 at 0x79C77D912A80>,Female,White,Polyester,Sleeveless,,Round Neck,Pleated,Dresses,1000209
<PIL.Image.Image image mode=RGB size=600x600 at 0x79C77D921610>,Female,,Cotton,Short Sleeves,,Round Neck,,T-Shirts,100021
<PIL.Image.Image image mode=RGB size=600x600 at 0x79C77D9203B0>,Female,,Denim,,Ripped,,,Jeans,1000210
<PIL.Image.Image image mode=RGB size=600x600 at 0x79C77D921B80>,Female,Black White,,Long Sleeved,,,,Suits & Blazers,1000211
<PIL.Image.Image image mode=RGB size=600x600 at 0x79C77D921F10>,Female,,,Sleeveless,,Round Neck,Bodycon,Dresses,1000213
<PIL.Image.Image image mode=RGB size=600x600 at 0x79C77D922300>,Female,Black Blue Pink Red,Lace Satin,,,,Spaghetti Straps,Pajamas,1000214
<PIL.Image.Image image mode=RGB size=600x600 at 0x79C77D909B20>,Male,Multi Color,Cotton,,,,,Cargo Pants,1000215
<PIL.Image.Image image mode=RGB size=400x600 at 0x79C77D922930>,Female,,Chiffon,Strapless,,Shoulder Drapes,Summer,Dresses,1000219
<PIL.Image.Image image mode=RGB size=600x600 at 0x79C77D9227E0>,Female,,Silk,,,,,Nightgowns,100022
<PIL.Image.Image image mode=RGB size=600x600 at 0x79C77D921010>,Female,Blue White,Denim,,Ripped,,,Baggy Jeans,1000220
<PIL.Image.Image image mode=RGB size=600x553 at 0x79C77D920DD0>,Male,Black Blue Green White Yellow,Nylon,,,,,Swim Trunks,1000221
<PIL.Image.Image image mode=RGB size=600x600 at 0x79C77D920D10>,Female,Pink,Spandex,,,,,Bikinis,1000222
<PIL.Image.Image image mode=RGB size=600x598 at 0x79C77D923CE0>,Female,,Polyester,,,,,Yoga Pants,1000223
<PIL.Image.Image image mode=RGB size=600x600 at 0x79C77D8E6A50>,Female,,,Short Sleeves,,Off The Shoulder,,,1000225
<PIL.Image.Image image mode=RGB size=600x600 at 0x79C77D913AD0>,Female,Black White,Lace,Sleeveless,,,,Jumpsuits Overalls & Rompers,1000226
<PIL.Image.Image image mode=RGB size=600x600 at 0x79C77D8C7BF0>,Female,,,,Geometric,Off The Shoulder,Vintage Retro,,1000227
<PIL.Image.Image image mode=RGB size=587x400 at 0x79C77D928560>,Female,Black,Cotton,Sleeveless,,,Spaghetti Straps,Crop Tops,1000228
<PIL.Image.Image image mode=RGB size=375x600 at 0x79C77D928950>,Female,,Silk,Short Sleeves,Floral,Square Necked,Summer,Casual Dresses,1000229
<PIL.Image.Image image mode=RGB size=600x600 at 0x79C77D9287D0>,Female,,,Long Sleeved,,V-Necks,,,100023
<PIL.Image.Image image mode=RGB size=400x400 at 0x79C77D923500>,Female,Blue,Linen,Short Sleeves,Floral,Round Neck,Summer,Casual Dresses,1000230
<PIL.Image.Image image mode=RGB size=600x600 at 0x79C77D923590>,Female,,Chiffon,Puff Sleeves,,Round Neck,Bodycon,Dresses,1000232
<PIL.Image.Image image mode=RGB size=600x493 at 0x79C77D929A30>,Female,Black,,Long Sleeved,,,Vintage Retro,Dresses,1000233
<PIL.Image.Image image mode=RGB size=553x600 at 0x79C77D9234A0>,Female,Pink Purple,Lace,,,,,Underwear,1000235
<PIL.Image.Image image mode=RGB size=373x359 at 0x79C77D922450>,Female,Black Green Pink,Cotton,Long Sleeved,,Turtlenecks,Asymmetric,Blouses,1000236
<PIL.Image.Image image mode=RGB size=587x400 at 0x79C77D9205C0>,Neutral,,Nylon,,Camouflage,,,Raincoats,1000237
<PIL.Image.Image image mode=RGB size=600x600 at 0x79C77D913A10>,Female,,Chiffon,Puff Sleeves,,Off The Shoulder,Peplum,Blouses,1000238
<PIL.Image.Image image mode=RGB size=600x560 at 0x79C77D922BA0>,Female,,,Sleeveless,,Turtlenecks,Bodycon,Costumes & Cosplay,1000239
<PIL.Image.Image image mode=RGB size=600x600 at 0x79C77D8F6D80>,Male,Black White,Cotton,Sleeveless,Camouflage,Racerback,,Vests,100024
<PIL.Image.Image image mode=RGB size=600x600 at 0x79C77DEFFC50>,Female,Black Gray Yellow,Polyester,Long Sleeved,,Collared,Pleated,Casual Dresses,1000240
<PIL.Image.Image image mode=RGB size=600x600 at 0x79C77D928FE0>,Male,Red,Fleece,Long Sleeved,,,,Fashion Sets,1000243
<PIL.Image.Image image mode=RGB size=600x600 at 0x79C77D928C20>,Female,Black Red,Cotton,Long Sleeved,Ruched,Off The Shoulder,,Crop Tops,1000244
<PIL.Image.Image image mode=RGB size=497x497 at 0x79C77D928F20>,Male,,,Short Sleeves,Stripes,V-Necks,,Dress Shirts,1000245
<PIL.Image.Image image mode=RGB size=600x600 at 0x79C77D92AC60>,Female,Pink,,,Floral,,Printed,Casual Shoes,1000248
<PIL.Image.Image image mode=RGB size=600x600 at 0x79C77D92AFC0>,Female,Black Pink White,Polyester,Long Sleeved,Ruffles,Off The Shoulder,Peplum,Blouses,1000249
<PIL.Image.Image image mode=RGB size=600x600 at 0x79C77D92B290>,Male,,,Sleeveless,Galaxy,Racerback,,Vests,100025
<PIL.Image.Image image mode=RGB size=600x600 at 0x79C77D92B680>,Female,,,,,,Pleated,Pencil Skirts,1000250
<PIL.Image.Image image mode=RGB size=600x600 at 0x79C77D92BA70>,Female,,Leather,Long Sleeved,,Round Neck,,Leggings,1000251
<PIL.Image.Image image mode=RGB size=600x600 at 0x79C77D92BA10>,Female,Blue,,,Crochet,V-Necks,,Swimsuits,1000252
<PIL.Image.Image image mode=RGB size=600x600 at 0x79C77D93C650>,Female,Black Gray Green Red,,,,,Pleated,Skirts,1000253
<PIL.Image.Image image mode=RGB size=600x600 at 0x79C77D908F50>,Female,,Chiffon,Sleeveless,,Round Neck,Summer,Dresses,1000254
<PIL.Image.Image image mode=RGB size=600x600 at 0x79C77D9138C0>,Female,Black Blue Gray,,Sleeveless,,Backless Dresses,Spaghetti Straps,,1000255
<PIL.Image.Image image mode=RGB size=587x400 at 0x79C77D93DAF0>,Female,Blue Green Purple,Chiffon,Long Sleeved,,Round Neck,,Blouses,1000256
<PIL.Image.Image image mode=RGB size=600x600 at 0x79C77D913F20>,Female,Black Blue Green,,Long Sleeved,,Collared,Pleated,Dresses,1000257
<PIL.Image.Image image mode=RGB size=600x600 at 0x79C77D93E690>,Male,,Spandex,,Camouflage,,,Athletic Shorts,1000258
<PIL.Image.Image image mode=RGB size=429x600 at 0x79C77D93D610>,Female,Blue,,Sleeveless,Ruched,Shoulder Drapes,Bodycon,,1000261
<PIL.Image.Image image mode=RGB size=416x409 at 0x79C77D93E810>,Male,,Denim,,Ripped,,,Jeans,1000262
<PIL.Image.Image image mode=RGB size=569x600 at 0x79C77D92A300>,Male,Blue,Denim,,Ripped,,Vintage Retro,Baggy Jeans,1000263
<PIL.Image.Image image mode=RGB size=600x600 at 0x79C77D92B140>,Female,Blue White,Chiffon,Sleeveless,,Round Neck,Pleated,Dresses,1000264
<PIL.Image.Image image mode=RGB size=600x600 at 0x79C77D92B740>,Female,Black Blue,Chiffon Lace,Sleeveless,,V-Necks,Summer,Dresses,1000265
<PIL.Image.Image image mode=RGB size=600x600 at 0x79C77D93C4A0>,Female,,,Long Sleeved,,V-Necks,Bodycon,Dresses,1000266
<PIL.Image.Image image mode=RGB size=489x600 at 0x79C77D93CB00>,Female,White,Lace,Strapless,Ruffles,Sweetheart Neckline,,Wedding Dresses,1000267
<PIL.Image.Image image mode=RGB size=378x600 at 0x79C77D93C7D0>,Female,,Knit,Long Sleeved,Fringe,Round Neck,,Pullover Sweaters,1000268
<PIL.Image.Image image mode=RGB size=600x600 at 0x79C77D93F5F0>,Female,,,,Floral,Backless Dresses,,Swimsuits,100027
<PIL.Image.Image image mode=RGB size=600x598 at 0x79C77D913B00>,Female,,Wool,Long Sleeved,,Round Neck,Pleated,Dresses,1000270
<PIL.Image.Image image mode=RGB size=600x600 at 0x79C77D93FE30>,Female,Blue,Polyester Spandex,,,,,Swimsuits,1000272
<PIL.Image.Image image mode=RGB size=387x541 at 0x79C77D944380>,Male,,,Long Sleeved,,,,Peacoats,1000273
<PIL.Image.Image image mode=RGB size=600x600 at 0x79C77D944740>,Female,Gray,Polyester Spandex,Long Sleeved,Ruched,V-Necks,Asymmetric,Dresses,1000274
<PIL.Image.Image image mode=RGB size=600x600 at 0x79C77D944110>,Female,,Leather,Sleeveless,,Shoulder Drapes,Bodycon,Dresses,1000275
<PIL.Image.Image image mode=RGB size=377x600 at 0x79C77D944C50>,Male,,,,,,,Casual Pants,1000276
<PIL.Image.Image image mode=RGB size=600x600 at 0x79C77D93DA60>,Female,Black Gray Red,,Long Sleeved,,Turtlenecks,Embroidered,,1000277
<PIL.Image.Image image mode=RGB size=600x600 at 0x79C77D93E300>,Female,Black,Cotton Polyester Spandex,Long Sleeved,Fringe,Round Neck,Tunic,,1000278
<PIL.Image.Image image mode=RGB size=571x600 at 0x79C77D93D370>,Neutral,White,,Strapless,Sequins,Off The Shoulder,Bodycon,Skirts,1000279
<PIL.Image.Image image mode=RGB size=600x600 at 0x79C77D93F170>,Neutral,,Lace,,Mesh,V-Necks,Summer,Swimsuit Cover-ups,100028
<PIL.Image.Image image mode=RGB size=600x600 at 0x79C77D913890>,Female,,Velvet,Sleeveless,,Turtlenecks,Spaghetti Straps,Party Dresses,1000280
<PIL.Image.Image image mode=RGB size=600x598 at 0x79C77D945D30>,Female,Black Red White,Lace,,Mesh,V-Necks,Spaghetti Straps,Nightgowns,1000281
<PIL.Image.Image image mode=RGB size=546x600 at 0x79C77D944230>,Male,,,,,,,Cargo Pants,1000282
<PIL.Image.Image image mode=RGB size=600x600 at 0x79C77D9460C0>,Female,Black Gray Red,Cotton,,,,,Sweatpants,1000283
<PIL.Image.Image image mode=RGB size=500x500 at 0x79C77D9465A0>,Female,Black Green White,,Puff Sleeves,Ruffles,V-Necks,Peplum,Blouses,1000284
<PIL.Image.Image image mode=RGB size=500x500 at 0x79C77D9464B0>,Female,,Spandex,Long Sleeved,,Round Neck,Bodycon,Clubbing Dresses,1000286
<PIL.Image.Image image mode=RGB size=600x600 at 0x79C77D945850>,Female,Black Red,,Sleeveless,,,Summer,Casual Dresses,1000288
<PIL.Image.Image image mode=RGB size=600x600 at 0x79C77D945310>,Female,Black Blue,,Long Sleeved,,Round Neck,,Athletic Sets,1000289
<PIL.Image.Image image mode=RGB size=600x600 at 0x79C77D944FB0>,Female,Black Red,,Long Sleeved,Ruched,V-Necks,Bodycon,Dresses,100029
<PIL.Image.Image image mode=RGB size=600x516 at 0x79C77D9468A0>,Female,,Spandex,,,,,Leggings,1000290
<PIL.Image.Image image mode=RGB size=600x600 at 0x79C77D947BC0>,Female,,,,,,Peplum,Casual Pants,1000291
<PIL.Image.Image image mode=RGB size=500x600 at 0x79C77D954260>,Female,Black White,Polyester,Sleeveless,,Round Neck,Bodycon,Clubbing Dresses,1000293
<PIL.Image.Image image mode=RGB size=600x600 at 0x79C77D93D730>,Male,,,Short Sleeves,,Round Neck,,Athletic Shirts,1000294
<PIL.Image.Image image mode=RGB size=600x600 at 0x79C77D954C20>,Female,Black Blue Green,Faux Fur,Long Sleeved,Quilted,,Furry,Bubble Coats,1000296
<PIL.Image.Image image mode=RGB size=500x500 at 0x79C77D954FE0>,Neutral,,,,Camouflage,,,Raincoats,1000297
<PIL.Image.Image image mode=RGB size=459x600 at 0x79C77D955100>,Male,,,Long Sleeved,,Collared,,Dress Shirts,1000298
<PIL.Image.Image image mode=RGB size=600x600 at 0x79C77D947020>,Male,,Nylon,,,,Printed,Swimsuits,1000299
<PIL.Image.Image image mode=RGB size=600x600 at 0x79C77D945460>,Female,,Nylon,,,,Spaghetti Straps,Lingerie Sleepwear & Underwear,100030
<PIL.Image.Image image mode=RGB size=330x600 at 0x79C77D946B10>,Male,,Denim,,Ripped,,,Jeans,1000302
<PIL.Image.Image image mode=RGB size=600x600 at 0x79C77D93D940>,Neutral,,,Long Sleeved,,V-Necks,Wrap,,1000303
<PIL.Image.Image image mode=RGB size=600x600 at 0x79C77D93CF20>,Female,Black Blue Gray,,,,,,Robes,1000308
<PIL.Image.Image image mode=RGB size=600x600 at 0x79C77D92B860>,Female,,,Sleeveless,Floral,Backless Dresses,Spaghetti Straps,,1000309
<PIL.Image.Image image mode=RGB size=600x600 at 0x79C77D956030>,Neutral,,Lace,Sleeveless,,Round Neck,Vintage Retro,Dresses,100031
<PIL.Image.Image image mode=RGB size=600x599 at 0x79C77D955C40>,Female,,,Long Sleeved,,Off The Shoulder,Bodycon,Dresses,1000310
<PIL.Image.Image image mode=RGB size=600x600 at 0x79C77D956540>,Male,Black Blue Gray Green,,,Camouflage,,,Cargo Pants,1000311
<PIL.Image.Image image mode=RGB size=600x600 at 0x79C77D9562A0>,Female,Blue,Spandex,,,,,Yoga Pants,1000315
<PIL.Image.Image image mode=RGB size=600x600 at 0x79C77D955610>,Female,Black Green Pink Yellow,,Long Sleeved,,Round Neck,Tunic,Casual Dresses,1000316
<PIL.Image.Image image mode=RGB size=400x600 at 0x79C77D955910>,Female,,Chiffon,Long Sleeved,,Round Neck,Printed,Casual Dresses,1000317
<PIL.Image.Image image mode=RGB size=500x480 at 0x79C77D955460>,Female,,Lace,Sleeveless,,Sweetheart Neckline,Bodycon,Party Dresses,1000319
<PIL.Image.Image image mode=RGB size=600x480 at 0x79C77D957800>,Female,,Faux Fur,Long Sleeved,,Collared,Furry,,100032
<PIL.Image.Image image mode=RGB size=417x600 at 0x79C77D957BC0>,Female,Blue,,Strapless,Sequins,Sweetheart Neckline,Beaded,Party Dresses,1000320
<PIL.Image.Image image mode=RGB size=600x600 at 0x79C77D957EC0>,Male,Black Blue Gray,Polyester,Long Sleeved,Pin Stripes,Collared,,Dress Shirts,1000321
<PIL.Image.Image image mode=RGB size=600x600 at 0x79C77D960590>,Female,,,Long Sleeved,,Off The Shoulder,Bodycon,Dresses,1000322
<PIL.Image.Image image mode=RGB size=600x600 at 0x79C77D960950>,Female,Black White,Polyester,,Stripes,,,Harem Pants,1000323
<PIL.Image.Image image mode=RGB size=600x600 at 0x79C77D9605F0>,Male,Black Gray,Wool,Long Sleeved,,Turtlenecks,,,1000326
<PIL.Image.Image image mode=RGB size=529x600 at 0x79C77D960DD0>,Female,Blue,Polyester,Long Sleeved,,Sweetheart Neckline,Bandage,Cocktail Dresses,1000327
<PIL.Image.Image image mode=RGB size=546x600 at 0x79C77D93F200>,Female,Blue Purple Red White,Cotton Linen,Sleeveless,,Off The Shoulder,Asymmetric,Dresses,1000329
<PIL.Image.Image image mode=RGB size=600x600 at 0x79C77D9562D0>,Female,Blue,,,,,,Yoga Pants,100033
<PIL.Image.Image image mode=RGB size=600x600 at 0x79C77D9571A0>,Female,Black Gray Pink White,Cotton,,,,,Thigh Highs,1000330
<PIL.Image.Image image mode=RGB size=334x600 at 0x79C77D9478F0>,Female,,Polyester Spandex,Strapless,Floral,Sweetheart Neckline,Bodycon,Dresses,1000333
<PIL.Image.Image image mode=RGB size=600x600 at 0x79C77D956F60>,Female,Gray White Yellow,Knit,Long Sleeved,,Turtlenecks,Furry,,1000335
<PIL.Image.Image image mode=RGB size=600x600 at 0x79C77D961E20>,Male,,,Long Sleeved,,Collared,,Dress Shirts,1000336
<PIL.Image.Image image mode=RGB size=600x600 at 0x79C77D961EB0>,Female,,Polyester,Sleeveless,Ruched,U-Necks,,Tank Tops,1000337
<PIL.Image.Image image mode=RGB size=600x536 at 0x79C77D962330>,Female,Black Gray,,Long Sleeved,,Round Neck,Tunic,Dresses,1000338
<PIL.Image.Image image mode=RGB size=310x310 at 0x79C77D962780>,Female,,Nylon Spandex,,,,,Swimsuits,1000339
<PIL.Image.Image image mode=RGB size=600x600 at 0x79C77D962690>,Female,,Wool,Long Sleeved,,Collared,Furry,Trench Coats,100034
<PIL.Image.Image image mode=RGB size=600x600 at 0x79C77D960FB0>,Neutral,,Denim,Long Sleeved,,,,Jackets,1000340
<PIL.Image.Image image mode=RGB size=360x460 at 0x79C77D9634D0>,Female,,,Sleeveless,,Sweetheart Neckline,Bandage,Party Dresses,1000341
<PIL.Image.Image image mode=RGB size=600x600 at 0x79C77D956150>,Female,Black Gray,Fleece,,,,,Fashion Sets,1000342
<PIL.Image.Image image mode=RGB size=600x600 at 0x79C77D929F70>,Female,Black White,,Long Sleeved,,Round Neck,,Pullover Sweaters,1000343
<PIL.Image.Image image mode=RGB size=600x600 at 0x79C77D963AA0>,Female,,Nylon Polyester,,Floral Ruffles,,,Swimsuits,1000344
<PIL.Image.Image image mode=RGB size=600x600 at 0x79C77D961460>,Male,Silver,,Long Sleeved,,,,Dresses,1000345
<PIL.Image.Image image mode=RGB size=600x600 at 0x79C77D963A40>,Female,,,,Stripes,Off The Shoulder,,Capes & Capelets,1000347
<PIL.Image.Image image mode=RGB size=450x600 at 0x79C77D9620C0>,Neutral,Black Green Yellow,Fleece,,Camouflage,,,Cargo Pants,1000348
<PIL.Image.Image image mode=RGB size=468x600 at 0x79C77D970410>,Female,Beige Black Blue,Knit,Long Sleeved,,Round Neck,,Cardigans,1000349
<PIL.Image.Image image mode=RGB size=600x600 at 0x79C77D970800>,Female,,Polyester,Sleeveless,,V-Necks,Pleated,Casual Dresses,100035
<PIL.Image.Image image mode=RGB size=341x390 at 0x79C77D963200>,Male,,,,Stripes,,,Swim Trunks,1000351
<PIL.Image.Image image mode=RGB size=600x600 at 0x79C77D9631D0>,Female,Black Blue Green Red,,Long Sleeved,,Off The Shoulder,,,1000352
<PIL.Image.Image image mode=RGB size=600x600 at 0x79C77D955BE0>,Female,Black Red,,Long Sleeved,,Off The Shoulder,Bodycon,Dresses,1000353
<PIL.Image.Image image mode=RGB size=600x600 at 0x79C77D971760>,Female,Black Red White,,Sleeveless,Ruffles,Off The Shoulder,,Jumpsuits Overalls & Rompers,1000354
<PIL.Image.Image image mode=RGB size=600x600 at 0x79C77D971550>,Female,White,Chiffon,Long Sleeved,Sequins,Collared,,Blouses,1000355
<PIL.Image.Image image mode=RGB size=450x600 at 0x79C77D971CD0>,Female,,,Sleeveless,,Sweetheart Neckline,Beaded,,1000356
<PIL.Image.Image image mode=RGB size=583x600 at 0x79C77E676180>,Male,,,,,,,Shorts,1000357
<PIL.Image.Image image mode=RGB size=600x484 at 0x79C77D956AB0>,Female,Black,,Long Sleeved,,,Bodycon,Leggings,1000359
<PIL.Image.Image image mode=RGB size=600x600 at 0x79C77D963620>,Female,Black,Polyester Spandex,,Floral,,,Bikinis,100036
<PIL.Image.Image image mode=RGB size=450x600 at 0x79C77D972480>,Male,,Cotton,Long Sleeved,Plaid,Collared,Printed,Dress Shirts,1000360
<PIL.Image.Image image mode=RGB size=600x600 at 0x79C77D970B00>,Female,White,Silk,Sleeveless,Floral,Backless Dresses,Embroidered,Jumpsuits Overalls & Rompers,1000361
<PIL.Image.Image image mode=RGB size=336x600 at 0x79C77D971040>,Female,,Polyester,Long Sleeved,,V-Necks,Bodycon,Cocktail Dresses,1000365
<PIL.Image.Image image mode=RGB size=600x600 at 0x79C77D970B60>,Female,,Cotton,Long Sleeved,,Off The Shoulder,Tunic,Blouses,1000366
<PIL.Image.Image image mode=RGB size=531x600 at 0x79C77D973260>,Neutral,Black Blue Pink Purple White,Nylon Spandex,,,,,Capri Pants,1000367
<PIL.Image.Image image mode=RGB size=442x490 at 0x79C77D973290>,Female,,Wool,Long Sleeved,,,,,1000368
<PIL.Image.Image image mode=RGB size=434x415 at 0x79C77D9739B0>,Male,,,,,,,Athletic Shorts,100037
<PIL.Image.Image image mode=RGB size=600x600 at 0x79C77D973380>,Female,Gray,Knit,Long Sleeved,,Off The Shoulder,,,1000370
<PIL.Image.Image image mode=RGB size=600x600 at 0x79C77D97C470>,Female,,Lace,Sleeveless,,,Pleated,Nightgowns,1000371
<PIL.Image.Image image mode=RGB size=600x600 at 0x79C77D97C830>,Male,,Polyester Spandex,,,,,Jerseys,1000372
<PIL.Image.Image image mode=RGB size=600x600 at 0x79C77D97C8C0>,Female,Black,Spandex,Sleeveless,Mesh,V-Necks,Hollow-Out,Dresses,1000374
<PIL.Image.Image image mode=RGB size=484x484 at 0x79C77D972D50>,Male,Blue,Cotton Polyester Rayon,Short Sleeves,,Round Neck,Printed,T-Shirts,1000375
<PIL.Image.Image image mode=RGB size=600x600 at 0x79C77D972C30>,Neutral,Blue,,Sleeveless,,V-Necks,Vintage Retro,Dresses,1000377
<PIL.Image.Image image mode=RGB size=600x600 at 0x79C77D97D820>,Male,,Silk,Short Sleeves,,Round Neck,Printed,Costumes & Cosplay,1000378
<PIL.Image.Image image mode=RGB size=600x600 at 0x79C77D97DBB0>,Female,,Cotton Nylon Polyester,,,,,Trousers,1000379
<PIL.Image.Image image mode=RGB size=588x600 at 0x79C77D973F50>,Female,,Lace,Strapless,,Sweetheart Neckline,Beaded,Prom Dresses,100038
<PIL.Image.Image image mode=RGB size=600x600 at 0x79C77D9736E0>,Male,,Cashmere,,Quilted,,,Jackets,1000380
<PIL.Image.Image image mode=RGB size=600x600 at 0x79C77D9731A0>,Female,Black White,Polyester,,,Backless Dresses,,Swimsuits,1000384
<PIL.Image.Image image mode=RGB size=600x600 at 0x79C77D962150>,Female,Black Blue Pink,,,,Collared,,Suits & Blazers,1000385
<PIL.Image.Image image mode=RGB size=600x600 at 0x79C77D9542C0>,Female,Pink White Yellow,Chiffon,Sleeveless,,Round Neck,Summer,,1000386
<PIL.Image.Image image mode=RGB size=600x600 at 0x79C77D97DE20>,Female,Black,Chiffon,Sleeveless,Floral,Round Neck,Pleated,Skirts,1000387
<PIL.Image.Image image mode=RGB size=400x600 at 0x79C77D97CF50>,Female,,Polyester Spandex,,Floral,,,Bikinis,1000391
<PIL.Image.Image image mode=RGB size=600x600 at 0x79C77D946A50>,Female,,,Sleeveless,,V-Necks,Wrap,Dresses,1000392
<PIL.Image.Image image mode=RGB size=600x600 at 0x79C77D97C980>,Female,Black Blue Pink Purple,Knit,Long Sleeved,Ruffles,Round Neck,Bodycon,Skirts,1000393
<PIL.Image.Image image mode=RGB size=574x600 at 0x79C77D97F8C0>,Female,,,Short Sleeves,,Off The Shoulder,Summer,Blouses,1000394
<PIL.Image.Image image mode=RGB size=407x600 at 0x79C77D97F950>,Female,,Faux Fur Wool,Long Sleeved,,V-Necks,Furry,Jackets,1000397
<PIL.Image.Image image mode=RGB size=600x600 at 0x79C77D97FD40>,Female,,,,Camouflage,,,Shorts,1000398
<PIL.Image.Image image mode=RGB size=600x600 at 0x79C77D988410>,Female,Black Red White,Polyester,Short Sleeves,,Collared,Peplum,Blouses,1000399
<PIL.Image.Image image mode=RGB size=600x600 at 0x79C77D988800>,Male,,,Long Sleeved,,V-Necks,,Jackets,10004
<PIL.Image.Image image mode=RGB size=407x407 at 0x79C77D988620>,Female,Black Blue Red White,Cotton,Long Sleeved,,Off The Shoulder,,,1000400
<PIL.Image.Image image mode=RGB size=310x310 at 0x79C77D988860>,Female,,Denim,Sleeveless,Ripped,,Vintage Retro,Skinny Jeans,1000402
<PIL.Image.Image image mode=RGB size=600x600 at 0x79C77D97E480>,Female,Blue,,,,,Pleated,Boots,1000403
<PIL.Image.Image image mode=RGB size=600x600 at 0x79C77D97E540>,Female,,Denim,,,,Pleated,Skirts,1000406
<PIL.Image.Image image mode=RGB size=430x600 at 0x79C77D989AF0>,Female,Black Blue Pink,Polyester,Sleeveless,,Backless Dresses,Spaghetti Straps,,1000409
<PIL.Image.Image image mode=RGB size=500x500 at 0x79C77D961AF0>,Female,Blue Multi Color Red White,Lace,Sleeveless,,V-Necks,Pleated,Dresses,100041
<PIL.Image.Image image mode=RGB size=600x600 at 0x79C77D98A000>,Female,Black,Knit,Long Sleeved,,,,Jackets,1000410
<PIL.Image.Image image mode=RGB size=367x361 at 0x79C77D989D90>,Female,Black,Lace Polyester,Long Sleeved,,Round Neck,Bodycon,Casual Dresses,1000411
<PIL.Image.Image image mode=RGB size=500x500 at 0x79C77D98A660>,Female,Blue,Denim,Sleeveless,Tie Dye,Round Neck,Summer,Casual Dresses,1000412
<PIL.Image.Image image mode=RGB size=600x600 at 0x79C77D98AB70>,Male,,Polyester,Long Sleeved,,Round Neck,,Hoodies & Sweatshirts,1000413
<PIL.Image.Image image mode=RGB size=600x600 at 0x79C77D9452B0>,Female,Blue Pink,,Sleeveless,,Racerback,,,1000414
<PIL.Image.Image image mode=RGB size=600x549 at 0x79C77D97FAD0>,Male,Black White,,Long Sleeved,,Collared,,Dress Shirts,1000415
<PIL.Image.Image image mode=RGB size=600x600 at 0x79C77D988EC0>,Female,Black Blue Pink Red,,Sleeveless,Fringe,,,Dance Wear,1000416
<PIL.Image.Image image mode=RGB size=600x600 at 0x79C77D988EF0>,Male,,,Long Sleeved,,Backless Dresses,,Hoodies & Sweatshirts,1000417
<PIL.Image.Image image mode=RGB size=600x600 at 0x79C79FFF7350>,Female,,Silk,Long Sleeved,,V-Necks,,Nightgowns,1000418
<PIL.Image.Image image mode=RGB size=398x600 at 0x79C77D97EB40>,Female,,Lace,Sleeveless,Floral,V-Necks,Spaghetti Straps,Lingerie Sleepwear & Underwear,1000419
<PIL.Image.Image image mode=RGB size=600x600 at 0x79C77D945370>,Female,,Knit,Long Sleeved,,Turtlenecks,Tunic,Dress Shirts,100042
<PIL.Image.Image image mode=RGB size=600x600 at 0x79C77D9884D0>,Female,,,Long Sleeved,,Off The Shoulder,Bodycon,Dresses,1000420
<PIL.Image.Image image mode=RGB size=600x600 at 0x79C77D98B530>,Female,,Polyester,Sleeveless,,Round Neck,Summer,Casual Dresses,1000421
<PIL.Image.Image image mode=RGB size=600x600 at 0x79C77D98B680>,Female,Yellow,Lace,Sleeveless,,V-Necks,Pleated,Dresses,1000422
<PIL.Image.Image image mode=RGB size=600x600 at 0x79C77D98B590>,Female,Blue,Velvet,Sleeveless,,,Pleated,Skirts,1000424
<PIL.Image.Image image mode=RGB size=600x600 at 0x79C77D98B980>,Female,Black Blue Red White,Tulle,,Ruffles,,,Petticoats,1000425
<PIL.Image.Image image mode=RGB size=600x600 at 0x79C77D97FBC0>,Female,Black,,Long Sleeved,,Off The Shoulder,,,1000426
<PIL.Image.Image image mode=RGB size=399x600 at 0x79C77D98B050>,Female,,,,,,,Skirts,1000427
<PIL.Image.Image image mode=RGB size=583x600 at 0x79C77D970DA0>,Female,,,Long Sleeved,,Round Neck,Bodycon,Dresses,1000428
<PIL.Image.Image image mode=RGB size=600x600 at 0x79C77D97D250>,Male,Black Blue Gray Red,,Long Sleeved,,Collared,,Jackets,1000429
<PIL.Image.Image image mode=RGB size=377x600 at 0x79C77D99D580>,Female,,Velvet,Long Sleeved,,Turtlenecks,Furry,,1000430
<PIL.Image.Image image mode=RGB size=600x600 at 0x79C77D99D610>,Female,Black Gray,Chiffon,,,,Pleated,Skirts,1000432
<PIL.Image.Image image mode=RGB size=600x600 at 0x79C77D99E060>,Male,,,,,,,Harem Pants,1000433
<PIL.Image.Image image mode=RGB size=600x600 at 0x79C77D97F650>,Female,,,,Ruffles Stripes,Off The Shoulder,,,1000435
<PIL.Image.Image image mode=RGB size=600x600 at 0x79C77D99F1A0>,Female,Black White,Cotton,Short Sleeves,Floral,Off The Shoulder,,,1000436
<PIL.Image.Image image mode=RGB size=600x600 at 0x79C77D99F1D0>,Male,Black Red,Cotton,Short Sleeves,,Collared,,Polos,1000437
<PIL.Image.Image image mode=RGB size=415x600 at 0x79C77D99C920>,Female,,Spandex,,,,Printed,Leggings,1000438
<PIL.Image.Image image mode=RGB size=600x600 at 0x79C77D99C110>,Female,,,Short Sleeves,,,,Fashion Sets,1000439
<PIL.Image.Image image mode=RGB size=600x600 at 0x79C77D99C5F0>,Female,,,,Ripped,,,,1000440
<PIL.Image.Image image mode=RGB size=226x301 at 0x79C77DDAC440>,Female,,Polyester,Sleeveless,,V-Necks,Printed,Halter Tops,1000441
<PIL.Image.Image image mode=RGB size=600x600 at 0x79C77DDAC800>,Female,Black Blue White,Polyester,Long Sleeved,,Collared,Tunic,Casual Dresses,1000442
<PIL.Image.Image image mode=RGB size=599x600 at 0x79C77DDAC320>,Female,Black White,Cotton Polyester Spandex,Short Sleeves,,Off The Shoulder,Bodycon,Dresses,1000443
<PIL.Image.Image image mode=RGB size=600x600 at 0x79C77DDACA10>,Male,Blue Brown Gray Green Orange Red,Spandex,,Stripes,,,Underwear,1000445
<PIL.Image.Image image mode=RGB size=599x600 at 0x79C77D99C770>,Female,,,Sleeveless,,V-Necks,,Jumpsuits Overalls & Rompers,1000446
<PIL.Image.Image image mode=RGB size=600x600 at 0x79C77D972CF0>,Female,,Cotton,Long Sleeved,Stripes,Round Neck,,,1000449
<PIL.Image.Image image mode=RGB size=600x600 at 0x79C77D989400>,Neutral,,Cotton,Short Sleeves,,Round Neck,,T-Shirts,1000450
<PIL.Image.Image image mode=RGB size=600x600 at 0x79C77D99FA40>,Male,,Spandex,,,,,Jerseys,1000453
<PIL.Image.Image image mode=RGB size=600x600 at 0x79C77D99F4D0>,Female,,,Short Sleeves,,Round Neck,Summer,Casual Dresses,1000456
<PIL.Image.Image image mode=RGB size=600x600 at 0x79C77DDAD2B0>,Female,,,Long Sleeved,,V-Necks,Wrap,Dresses,1000457
<PIL.Image.Image image mode=RGB size=500x500 at 0x79C77DDAD640>,Neutral,Green White,,,,,,Dance Wear,100046
<PIL.Image.Image image mode=RGB size=587x400 at 0x79C77DDADA30>,Female,Black Blue,Cotton,Strapless,Stripes,Off The Shoulder,Bodycon,Dresses,1000460
<PIL.Image.Image image mode=RGB size=400x600 at 0x79C77DDADBB0>,Female,Blue,,Sleeveless,,Off The Shoulder,Pleated,Dresses,1000461
<PIL.Image.Image image mode=RGB size=589x600 at 0x79C77DDADC70>,Female,Black White,Cotton,Long Sleeved,,Round Neck,Tunic,Casual Dresses,1000463
<PIL.Image.Image image mode=RGB size=600x600 at 0x79C77DDADEE0>,Female,White,Lace,Sleeveless,,Round Neck,,Jumpsuits Overalls & Rompers,1000464
<PIL.Image.Image image mode=RGB size=600x600 at 0x79C77DDAE750>,Female,Gray,,Sleeveless,,Racerback,Summer,Vests,1000465
<PIL.Image.Image image mode=RGB size=600x600 at 0x79C77DDAEB70>,Neutral,,,Long Sleeved,,Round Neck,Pleated,Dresses,1000466
<PIL.Image.Image image mode=RGB size=600x600 at 0x79C77D97F7D0>,Female,,Cotton,Long Sleeved,Quilted,Round Neck,Furry,Bubble Coats,1000467
<PIL.Image.Image image mode=RGB size=600x600 at 0x79C77D99E450>,Neutral,Black,,Sleeveless,,Round Neck,Pleated,Dresses,1000468
<PIL.Image.Image image mode=RGB size=500x500 at 0x79C77D99D340>,Male,Black,,Long Sleeved,,,,Suits & Blazers,1000469
<PIL.Image.Image image mode=RGB size=600x600 at 0x79C77D99E6C0>,Female,Black Orange Purple,Velvet,,,,,Shorts,100047
<PIL.Image.Image image mode=RGB size=355x600 at 0x79C77DDAF6B0>,Female,,,,,,Printed,Leggings,1000470
<PIL.Image.Image image mode=RGB size=600x600 at 0x79C77DDAF9B0>,Male,,,,,,,Trousers,1000471
<PIL.Image.Image image mode=RGB size=600x600 at 0x79C77DDACF50>,Female,Black Red White,Nylon Polyester,,,Backless Dresses,,Swimsuits,1000472
<PIL.Image.Image image mode=RGB size=404x559 at 0x79C77DDAFA70>,Female,,Lace,,,,Spaghetti Straps,Pajamas,1000474
<PIL.Image.Image image mode=RGB size=570x559 at 0x79C77DDB8530>,Female,,,Long Sleeved,,Round Neck,Furry,Hoodies & Sweatshirts,1000475
<PIL.Image.Image image mode=RGB size=600x493 at 0x79C77DDB8920>,Female,,Knit,Long Sleeved,,Turtlenecks,Tunic,,1000478
<PIL.Image.Image image mode=RGB size=600x600 at 0x79C77DDAF380>,Neutral,Black Pink White,Spandex,Sleeveless,,,,Undershirts,100048
<PIL.Image.Image image mode=RGB size=360x460 at 0x79C77D99D3A0>,Female,,Spandex,Sleeveless,,Round Neck,Bodycon,,1000480
<PIL.Image.Image image mode=RGB size=577x600 at 0x79C77DDB9700>,Male,,Cotton,,Camouflage,,,Cargo Pants,1000481
<PIL.Image.Image image mode=RGB size=400x600 at 0x79C77DDB9B20>,Female,,,Short Sleeves,Floral Fringe,V-Necks,Printed,Kimonos,1000482
<PIL.Image.Image image mode=RGB size=517x600 at 0x79C77DDB9CA0>,Female,Gray,,,,,,Shorts,1000483
<PIL.Image.Image image mode=RGB size=600x600 at 0x79C77DDBA030>,Female,Black Pink,,Short Sleeves,Sequins,Off The Shoulder,,,1000485
<PIL.Image.Image image mode=RGB size=600x600 at 0x79C77DDBA3F0>,Male,Multi Color,,Long Sleeved,,,,Suits & Blazers,1000486
<PIL.Image.Image image mode=RGB size=600x558 at 0x79C77DDBA420>,Male,,Cotton,Short Sleeves,,Collared,,Polos,1000488
<PIL.Image.Image image mode=RGB size=600x600 at 0x79C77DDBB320>,Male,,Linen,,,,,Casual Shorts,100049
<PIL.Image.Image image mode=RGB size=497x497 at 0x79C77D97F710>,Female,,Cotton,,,Round Neck,,Maternity,1000491
<PIL.Image.Image image mode=RGB size=600x398 at 0x79C77DDB8E90>,Female,,Leather,,,,Vintage Retro,Business Shoes,1000492
<PIL.Image.Image image mode=RGB size=600x600 at 0x79C77DDB88F0>,Female,White,Polyester,,,,Bandeaus,Bikinis,1000493
<PIL.Image.Image image mode=RGB size=600x600 at 0x79C77DDB8E60>,Male,,Cotton,,Galaxy,,Printed,Leggings,1000494
<PIL.Image.Image image mode=RGB size=600x600 at 0x79C77DDB97C0>,Male,,,Sleeveless,,Racerback,,Vests,1000495
<PIL.Image.Image image mode=RGB size=450x531 at 0x79C77DDBB3B0>,Female,Blue,Polyester Spandex,Strapless,,Sweetheart Neckline,,Swimsuits,1000496
<PIL.Image.Image image mode=RGB size=500x500 at 0x79C77DDBB2F0>,Female,,Denim,,Ripped,,,Skinny Jeans,1000497
<PIL.Image.Image image mode=RGB size=600x600 at 0x79C77DDBB950>,Female,,Lace,Sleeveless,,Round Neck,Bodycon,Dresses,1000498
<PIL.Image.Image image mode=RGB size=600x600 at 0x79C77DDBBF80>,Male,Black Blue,Cotton,,Camouflage,,,Swim Trunks,10005
<PIL.Image.Image image mode=RGB size=600x600 at 0x79C77DDC86E0>,Female,Black Green Red,Chiffon,Puff Sleeves,,Round Neck,Asymmetric,Casual Dresses,100050
<PIL.Image.Image image mode=RGB size=600x600 at 0x79C77DDC8230>,Male,,,,,,,Sweatpants,1000500
<PIL.Image.Image image mode=RGB size=600x600 at 0x79C77E0824E0>,Male,,Cotton,Short Sleeves,,Round Neck,Printed,T-Shirts,1000501
<PIL.Image.Image image mode=RGB size=442x600 at 0x79C77D99F3B0>,Male,,,Long Sleeved,,V-Necks,,Suits & Blazers,1000502
<PIL.Image.Image image mode=RGB size=600x600 at 0x79C77DDC95E0>,Female,Black White,Lace,Long Sleeved,,Round Neck,Summer,Casual Dresses,1000504
<PIL.Image.Image image mode=RGB size=600x600 at 0x79C77DDC9970>,Neutral,,Polyester Spandex,,,,,Yoga Pants,1000505
<PIL.Image.Image image mode=RGB size=600x600 at 0x79C77DDC8590>,Female,White,Lace,Long Sleeved,,Off The Shoulder,,Jumpsuits Overalls & Rompers,1000506
<PIL.Image.Image image mode=RGB size=550x554 at 0x79C77DDC9AC0>,Male,Blue,Denim,Long Sleeved,Ripped,,,Jeans,1000507
<PIL.Image.Image image mode=RGB size=600x600 at 0x79C77DDB93A0>,Female,Beige Black Pink Red White,,,,Off The Shoulder,Bandeaus,,1000508
<PIL.Image.Image image mode=RGB size=600x600 at 0x79C77DDBA8A0>,Female,,Lace,Short Sleeves,,V-Necks,,Blouses,100051
<PIL.Image.Image image mode=RGB size=600x600 at 0x79C77DDAF230>,Male,Black,Cotton,Short Sleeves,,Square Necked,Vintage Retro,T-Shirts,1000510
<PIL.Image.Image image mode=RGB size=600x600 at 0x79C77DDCA690>,Male,White,Nylon,,,,,Shorts,1000511
<PIL.Image.Image image mode=RGB size=600x600 at 0x79C77DDC8D40>,Female,Purple,Polyester,Short Sleeves,Floral,Off The Shoulder,Bodycon,Dresses,1000512
<PIL.Image.Image image mode=RGB size=600x600 at 0x79C77DDC9220>,Male,Black Blue,Cotton,,,,,Thermal Underwear,1000513
<PIL.Image.Image image mode=RGB size=600x600 at 0x79C77DDCB440>,Female,Gray,,Sleeveless,Ruched,V-Necks,Asymmetric,Casual Dresses,1000514
<PIL.Image.Image image mode=RGB size=600x600 at 0x79C77DDCB2C0>,Female,,Cotton,Short Sleeves,,V-Necks,Peplum,,1000515
<PIL.Image.Image image mode=RGB size=600x600 at 0x79C77DDCB890>,Female,Black White,Denim,,Ripped,,,Skinny Jeans,1000516
<PIL.Image.Image image mode=RGB size=600x600 at 0x79C77DDBA8D0>,Female,Black White,Lace,Strapless,,Sweetheart Neckline,Bandeaus,Tube Tops,1000517
<PIL.Image.Image image mode=RGB size=600x600 at 0x79C77DDD46E0>,Neutral,Black,,,Mesh,,,Pajamas,1000519
<PIL.Image.Image image mode=RGB size=600x600 at 0x79C77DDD4B00>,Female,,Polyester,Short Sleeves,Floral,Round Neck,Bodycon,Dresses,100052
<PIL.Image.Image image mode=RGB size=600x600 at 0x79C77DDD4C80>,Female,,Polyester,Sleeveless,,Backless Dresses,Summer,Dresses,1000520
<PIL.Image.Image image mode=RGB size=564x600 at 0x79C77DDCB680>,Female,White,Lace,Sleeveless,,Square Necked,Furry,Crop Tops,1000521
<PIL.Image.Image image mode=RGB size=600x600 at 0x79C77DDCAB70>,Female,Black Gray,,Sleeveless,,V-Necks,Spaghetti Straps,,1000522
<PIL.Image.Image image mode=RGB size=600x599 at 0x79C77DDB8770>,Male,,Cotton,Short Sleeves,,Collared,,Polos,1000523
<PIL.Image.Image image mode=RGB size=600x600 at 0x79C77DDCAC00>,Male,,,,Ripped,,,Jeans,1000524
<PIL.Image.Image image mode=RGB size=600x600 at 0x79C77D99EED0>,Male,Blue,Denim,,Ripped,,,Capri Pants,1000525
<PIL.Image.Image image mode=RGB size=600x600 at 0x79C77DDD5670>,Male,Black Green,Cotton,,Camouflage,,,Harem Pants,1000526
<PIL.Image.Image image mode=RGB size=600x600 at 0x79C77DDD5BB0>,Female,Black Blue,,Sleeveless,,U-Necks,Spaghetti Straps,Tank Tops,1000527
<PIL.Image.Image image mode=RGB size=600x600 at 0x79C77DDD5D30>,Female,,,Long Sleeved,,Off The Shoulder,Summer,Casual Dresses,1000528
<PIL.Image.Image image mode=RGB size=600x600 at 0x79C77DDD5C10>,Female,,Spandex,Long Sleeved,,Shoulder Drapes,Bodycon,Clubbing Dresses,1000529
<PIL.Image.Image image mode=RGB size=469x419 at 0x79C77DDD6000>,Female,White,Denim,,Ripped,,,Skinny Jeans,100053
<PIL.Image.Image image mode=RGB size=600x600 at 0x79C77DDCBA70>,Female,Black,,Long Sleeved,Floral,Off The Shoulder,Embroidered,,1000530
<PIL.Image.Image image mode=RGB size=600x600 at 0x79C77DDBB9E0>,Female,Black Blue,,,Ripped,,,,1000531
<PIL.Image.Image image mode=RGB size=600x600 at 0x79C77DDC9520>,Female,Blue,,,,,,Pajamas,1000533
<PIL.Image.Image image mode=RGB size=483x449 at 0x79C77DDD7680>,Female,,,,,,Hollow-Out,Wedges & Platforms,1000534
<PIL.Image.Image image mode=RGB size=600x600 at 0x79C77DDD7A70>,Female,Black,,Sleeveless,,,Pleated,Jumpsuits Overalls & Rompers,1000535
<PIL.Image.Image image mode=RGB size=600x600 at 0x79C77DDBAE10>,Female,,Tulle,,Mesh,,Pleated,Tutus,1000536
<PIL.Image.Image image mode=RGB size=500x500 at 0x79C77DDCBFE0>,Male,White,Cotton,Long Sleeved,,Collared,,Polos,1000537
<PIL.Image.Image image mode=RGB size=600x600 at 0x79C77DDD40B0>,Female,Black Green,Polyester,,,,,Bikinis,1000538
<PIL.Image.Image image mode=RGB size=600x580 at 0x79C77DDD7F20>,Female,Black,Lace Silk,Sleeveless,,V-Necks,Spaghetti Straps,Dresses,1000539
<PIL.Image.Image image mode=RGB size=600x600 at 0x79C77DDE4440>,Female,,,,Ruffles,,,Swimsuits,1000541
<PIL.Image.Image image mode=RGB size=585x585 at 0x79C77DDE4890>,Female,Brown,Faux Fur,Sleeveless,,V-Necks,Furry,Vests,1000543
<PIL.Image.Image image mode=RGB size=600x575 at 0x79C77DDD7200>,Female,,Denim,,Ripped,,,Casual Pants,1000544
<PIL.Image.Image image mode=RGB size=600x600 at 0x79C77DDD5010>,Male,,Polyester Spandex,,,Collared,,Jackets,1000545
<PIL.Image.Image image mode=RGB size=600x600 at 0x79C77DDE54C0>,Female,,,Sleeveless,,Off The Shoulder,Summer,Dresses,1000546
<PIL.Image.Image image mode=RGB size=600x600 at 0x79C77DDCA540>,Female,,Knit,Long Sleeved,,Round Neck,,Pullover Sweaters,1000547
<PIL.Image.Image image mode=RGB size=500x500 at 0x79C77DDE57F0>,Female,Black,,,,,,,100055
<PIL.Image.Image image mode=RGB size=391x600 at 0x79C77DDE69C0>,Male,,,,,,,Harem Pants,1000550
<PIL.Image.Image image mode=RGB size=600x600 at 0x79C77DDE6DE0>,Male,,Cotton,Short Sleeves,,Collared,,Polos,1000551
<PIL.Image.Image image mode=RGB size=600x600 at 0x79C77DDD4BC0>,Female,,Cotton,,,Turtlenecks,,Bubble Coats,1000552
<PIL.Image.Image image mode=RGB size=600x600 at 0x79C77DDD45F0>,Female,Black White,,Sleeveless,,Backless Dresses,,Vests,1000553
<PIL.Image.Image image mode=RGB size=561x599 at 0x79C77DDD68D0>,Male,,,,,,,Casual Pants,1000554
<PIL.Image.Image image mode=RGB size=600x600 at 0x79C77DDD5700>,Neutral,,Nylon,,,,,Raincoats,1000555
<PIL.Image.Image image mode=RGB size=600x600 at 0x79C77DDAF290>,Female,,Fleece Leather,,,,,Trousers,1000559
<PIL.Image.Image image mode=RGB size=585x585 at 0x79C77DDE6AE0>,Female,Black Red,,Sleeveless,,Shoulder Drapes,Bodycon,,100056
<PIL.Image.Image image mode=RGB size=600x600 at 0x79C77DDE6FF0>,Neutral,Blue Green Pink,Cotton,,,,,Hoodies & Sweatshirts,1000560
<PIL.Image.Image image mode=RGB size=600x600 at 0x79C77DDE70B0>,Female,,,Short Sleeves,,Off The Shoulder,Bodycon,Dresses,1000562
<PIL.Image.Image image mode=RGB size=600x600 at 0x79C77DDE7290>,Female,,Lace,Sleeveless,,Off The Shoulder,Summer,Dresses,1000563
<PIL.Image.Image image mode=RGB size=600x600 at 0x79C77DDD5310>,Female,Black Green,,Short Sleeves,,Round Neck,,,1000565
<PIL.Image.Image image mode=RGB size=400x600 at 0x79C77DDE77D0>,Female,Green Pink White,Lace,Sleeveless,,Backless Dresses,Pleated,Casual Dresses,1000566
<PIL.Image.Image image mode=RGB size=600x600 at 0x79C77DDE7AA0>,Female,,Polyester,Sleeveless,,Backless Dresses,,Crop Tops,1000568
<PIL.Image.Image image mode=RGB size=485x600 at 0x79C77DDE7DD0>,Female,,,Strapless,,Shoulder Drapes,Summer,Dresses,1000569
<PIL.Image.Image image mode=RGB size=600x600 at 0x79C77DDD6C30>,Male,Green Yellow,,,Camouflage,,,Cargo Shorts,100057
<PIL.Image.Image image mode=RGB size=600x600 at 0x79C77DDD6CF0>,Female,Pink,Polyester,Sleeveless,,Racerback,Spaghetti Straps,Blouses,1000570
<PIL.Image.Image image mode=RGB size=600x600 at 0x79C77DDC8950>,Female,Black Green Red,,Long Sleeved,,Collared,Bodycon,Dresses,1000571
<PIL.Image.Image image mode=RGB size=600x600 at 0x79C77DDD6EA0>,Female,,Lace Polyester,Long Sleeved,,Round Neck,Pleated,Dresses,1000573
<PIL.Image.Image image mode=RGB size=600x600 at 0x79C77DDD6AB0>,Female,,,Long Sleeved,,Round Neck,,Casual Shirts,1000574
<PIL.Image.Image image mode=RGB size=600x600 at 0x79C77DDE5520>,Female,,Polyester Spandex,Strapless,Ruched,Sweetheart Neckline,Bodycon,Clubbing Dresses,1000575
<PIL.Image.Image image mode=RGB size=500x500 at 0x79C77DDCAC30>,Male,,Cotton,Short Sleeves,,Round Neck,,T-Shirts,1000576
<PIL.Image.Image image mode=RGB size=600x532 at 0x79C77DDECF20>,Neutral,,Cotton Polyester,Short Sleeves,Hearts,Round Neck,,T-Shirts,1000578
<PIL.Image.Image image mode=RGB size=600x600 at 0x79C77DDE7B30>,Female,,,Sleeveless,,Round Neck,,Corsets,1000580
<PIL.Image.Image image mode=RGB size=600x600 at 0x79C77DDED6D0>,Female,White,Chiffon,Short Sleeves,,V-Necks,,Blouses,1000581
<PIL.Image.Image image mode=RGB size=600x600 at 0x79C77DDE7DA0>,Female,,Lace,Long Sleeved,Crochet,Round Neck,Embroidered,,1000582
<PIL.Image.Image image mode=RGB size=272x327 at 0x79C77DDEC0B0>,Female,,Fleece,Long Sleeved,,,Printed,Hoodies & Sweatshirts,1000583
<PIL.Image.Image image mode=RGB size=600x600 at 0x79C77DDEE120>,Male,,Denim,,Ripped,,Hollow-Out,Skinny Jeans,1000584
<PIL.Image.Image image mode=RGB size=600x600 at 0x79C77DDE66F0>,Male,,,Short Sleeves,,Collared,,Casual Shirts,1000585
<PIL.Image.Image image mode=RGB size=600x600 at 0x79C77DDEE9F0>,Female,White,,Sleeveless,,Round Neck,Tunic,,1000586
<PIL.Image.Image image mode=RGB size=600x600 at 0x79C77DDEF2C0>,Female,,Nylon Rayon Spandex,Sleeveless,,,Vintage Retro,Bikinis,1000587
<PIL.Image.Image image mode=RGB size=354x356 at 0x79C77DDEF680>,Female,Yellow,Chiffon,Sleeveless,,,Pleated,Skirts,1000589
<PIL.Image.Image image mode=RGB size=553x555 at 0x79C77DDEF9B0>,Female,,Knit,Long Sleeved,,V-Necks,,Cardigans,100059
<PIL.Image.Image image mode=RGB size=485x600 at 0x79C77DDEFD10>,Female,Black,Lace,,Mesh,V-Necks,,Lingerie Sleepwear & Underwear,1000590
<PIL.Image.Image image mode=RGB size=600x600 at 0x79C77DDEFA40>,Female,,Chiffon Lace,Long Sleeved,,Turtlenecks,,Blouses,1000591
<PIL.Image.Image image mode=RGB size=412x600 at 0x79C77DDED8E0>,Female,Black Red White,,Sleeveless,,Round Neck,Peplum,Dresses,1000592
<PIL.Image.Image image mode=RGB size=600x600 at 0x79C77DDED340>,Female,Black,Polyester,Sleeveless,,Backless Dresses,Spaghetti Straps,Tank Tops,1000593
<PIL.Image.Image image mode=RGB size=600x600 at 0x79C77DF1D640>,Female,Black Blue Red,Cotton,Long Sleeved,,Round Neck,Tunic,T-Shirts,1000594
<PIL.Image.Image image mode=RGB size=600x599 at 0x79C77DF1FFB0>,Neutral,Black Blue Orange Pink White Yellow,,Sleeveless,,Backless Dresses,Summer,Dresses,1000595
<PIL.Image.Image image mode=RGB size=600x600 at 0x79C77DF2E390>,Female,,Faux Fur,Sleeveless,,Round Neck,Furry,,1000596
<PIL.Image.Image image mode=RGB size=600x600 at 0x79C7A00019D0>,Female,Blue White,,Sleeveless,Ruched,V-Necks,Spaghetti Straps,Jumpsuits Overalls & Rompers,1000597
<PIL.Image.Image image mode=RGB size=320x480 at 0x79C7A0002150>,Female,,,Sleeveless,,Sweetheart Neckline,,Prom Dresses,1000598
<PIL.Image.Image image mode=RGB size=600x600 at 0x79C7A00008C0>,Female,Black Blue,Polyester,Short Sleeves,,,,Jumpsuits Overalls & Rompers,1000602
<PIL.Image.Image image mode=RGB size=525x600 at 0x79C7A0001AC0>,Female,White,Denim,,Ripped,,,Skinny Jeans,1000604
<PIL.Image.Image image mode=RGB size=600x564 at 0x79C77DEFF200>,Female,,Spandex,Sleeveless,,,Pleated,Skirts,1000605
<PIL.Image.Image image mode=RGB size=600x600 at 0x79C77DFA7470>,Female,,Cotton Polyester,Long Sleeved,Floral,V-Necks,Wrap,Casual Dresses,1000606
<PIL.Image.Image image mode=RGB size=400x400 at 0x79C77DFA7FE0>,Male,,Cotton,Long Sleeved,,Round Neck,Printed,T-Shirts,1000607
<PIL.Image.Image image mode=RGB size=500x500 at 0x79C77DF96AE0>,Female,Red,Spandex,,,,,Swimsuits,100061
<PIL.Image.Image image mode=RGB size=600x600 at 0x79C77DF944D0>,Female,Black Gray Red,,,,,,Maternity,1000610
<PIL.Image.Image image mode=RGB size=600x600 at 0x79C77DF97E30>,Female,Black,Cotton Polyester,Long Sleeved,,Off The Shoulder,Bodycon,Jumpsuits Overalls & Rompers,1000612
<PIL.Image.Image image mode=RGB size=600x600 at 0x79C77DF979B0>,Female,,Cotton,Long Sleeved,,Collared,,Blouses,1000613
<PIL.Image.Image image mode=RGB size=600x600 at 0x79C77D8C70B0>,Female,Blue Red,Faux Fur,Long Sleeved,,V-Necks,Furry,Trench Coats,1000614
<PIL.Image.Image image mode=RGB size=600x600 at 0x79C77D8C4650>,Female,Black,Lace,Sleeveless,,,,Nightgowns,1000617
<PIL.Image.Image image mode=RGB size=360x480 at 0x79C77D8C7290>,Neutral,White,Lace,Sleeveless,Crochet,Backless Dresses,Hollow-Out,Crop Tops,1000618
<PIL.Image.Image image mode=RGB size=142x240 at 0x79C77D8C6BA0>,Female,,,,,,,Casual Pants,1000619
<PIL.Image.Image image mode=RGB size=395x600 at 0x79C77DFA5A60>,Male,,,,,,Printed,Drawstring Pants,100062
<PIL.Image.Image image mode=RGB size=600x600 at 0x79C77DF97140>,Female,,,Sleeveless,,Off The Shoulder,Summer,Dresses,1000620
<PIL.Image.Image image mode=RGB size=547x546 at 0x79C77DF1F470>,Neutral,,,,,,,Jerseys,1000622
<PIL.Image.Image image mode=RGB size=600x600 at 0x79C77DFA4BC0>,Female,,Cotton,Strapless,,Sweetheart Neckline,,Tube Tops,1000623
<PIL.Image.Image image mode=RGB size=600x600 at 0x79C77DEFCF80>,Female,White,Knit,Long Sleeved,,Off The Shoulder,Asymmetric,Pullover Sweaters,1000624
<PIL.Image.Image image mode=RGB size=600x599 at 0x79C77D8C5D30>,Male,Green,,,Camouflage,,,Casual Pants,1000625
<PIL.Image.Image image mode=RGB size=400x600 at 0x79C77D8D7E00>,Female,Blue White,,Sleeveless,,Sweetheart Neckline,Summer,Casual Dresses,1000626
<PIL.Image.Image image mode=RGB size=351x600 at 0x79C77D9096A0>,Female,Black Pink,Polyester,Sleeveless,Floral,Backless Dresses,,Swimsuits,1000627
<PIL.Image.Image image mode=RGB size=600x600 at 0x79C77D90B890>,Female,Blue Gray Pink,Polyester,Sleeveless,,Round Neck,Pleated,Dresses,1000628
<PIL.Image.Image image mode=RGB size=600x600 at 0x79C77D90B950>,Female,,Polyester,Long Sleeved,,Round Neck,Asymmetric,Party Dresses,1000629
<PIL.Image.Image image mode=RGB size=445x600 at 0x79C77D8D5E50>,Female,,,Sleeveless,,V-Necks,Vintage Retro,Party Dresses,100063
<PIL.Image.Image image mode=RGB size=384x500 at 0x79C77D8D6660>,Female,White,,Strapless,,Sweetheart Neckline,,Wedding Dresses,1000630
<PIL.Image.Image image mode=RGB size=500x500 at 0x79C77D8E7FB0>,Male,,,Long Sleeved,,V-Necks,,Jackets,1000632
<PIL.Image.Image image mode=RGB size=400x600 at 0x79C77D90B7D0>,Female,,Polyester,Sleeveless,Stripes,Off The Shoulder,Spaghetti Straps,,1000633
<PIL.Image.Image image mode=RGB size=582x547 at 0x79C77D912660>,Male,,,Long Sleeved,,,,Robes,1000635
<PIL.Image.Image image mode=RGB size=418x600 at 0x79C77D910950>,Female,,,Long Sleeved,,Round Neck,,Dresses,1000636
<PIL.Image.Image image mode=RGB size=600x600 at 0x79C77D913EC0>,Female,,Polyester,,Floral,,,Bikinis,1000637
<PIL.Image.Image image mode=RGB size=600x600 at 0x79C77D910650>,Female,Black Red,,,,,,Shorts,1000638
<PIL.Image.Image image mode=RGB size=600x600 at 0x79C77D9106B0>,Female,,Knit,Long Sleeved,,Turtlenecks,Furry,,100064
<PIL.Image.Image image mode=RGB size=600x600 at 0x79C77D922630>,Female,Blue White,Denim,,,,,Jumpsuits Overalls & Rompers,1000641
<PIL.Image.Image image mode=RGB size=470x560 at 0x79C77D8E5CD0>,Neutral,,Cotton,Short Sleeves,,U-Necks,,,1000643
<PIL.Image.Image image mode=RGB size=400x540 at 0x79C77DF46E10>,Neutral,White,,,,V-Necks,,Uniforms,1000644
<PIL.Image.Image image mode=RGB size=600x600 at 0x79C77DF46510>,Female,,Knit,Long Sleeved,,Off The Shoulder,,,1000646
<PIL.Image.Image image mode=RGB size=600x600 at 0x79C77DF44DA0>,Female,Black White,Lace,Long Sleeved,,V-Necks,,Suits & Blazers,1000647
<PIL.Image.Image image mode=RGB size=599x600 at 0x79C77D8F5F10>,Female,,Plush,Long Sleeved,,Round Neck,Furry,Jackets,1000648
<PIL.Image.Image image mode=RGB size=442x443 at 0x79C77D8F4D40>,Female,White,Spandex,Long Sleeved,,Collared,Peplum,,1000649
<PIL.Image.Image image mode=RGB size=400x400 at 0x79C77D8F7AD0>,Female,Pink,,Short Sleeves,,Round Neck,,,100065
<PIL.Image.Image image mode=RGB size=600x533 at 0x79C77DF97110>,Female,,Cotton,,,,,Trousers,1000650
<PIL.Image.Image image mode=RGB size=594x594 at 0x79C77D8E4A10>,Female,,Suede Wool,Long Sleeved,,,,Trench Coats,1000651
<PIL.Image.Image image mode=RGB size=408x600 at 0x79C77D90BC20>,Female,,,Sleeveless,,Round Neck,Bodycon,Casual Dresses,1000652
<PIL.Image.Image image mode=RGB size=600x600 at 0x79C77D9238F0>,Female,Blue Brown Green Yellow,,Sleeveless,Geometric,Backless Dresses,Spaghetti Straps,Casual Dresses,1000653
<PIL.Image.Image image mode=RGB size=600x600 at 0x79C77D923140>,Male,,Polyester,Short Sleeves,,Turtlenecks,,T-Shirts,1000654
<PIL.Image.Image image mode=RGB size=600x600 at 0x79C77D921910>,Female,Black White,Lace Polyester,,Mesh,,Pleated,Skirts,1000656
<PIL.Image.Image image mode=RGB size=483x465 at 0x79C77D92BF50>,Female,,Silk,,,,Printed,Casual Pants,1000658
<PIL.Image.Image image mode=RGB size=400x400 at 0x79C77DF94860>,Female,,Knit Wool,Long Sleeved,,Round Neck,Furry,,100066
<PIL.Image.Image image mode=RGB size=600x600 at 0x79C77D8D5760>,Female,White,Polyester,Sleeveless,,Round Neck,Vintage Retro,Dresses,1000660
<PIL.Image.Image image mode=RGB size=600x600 at 0x79C77DF474D0>,Female,Gray Red,,Long Sleeved,,V-Necks,Bodycon,Dresses,1000662
<PIL.Image.Image image mode=RGB size=585x585 at 0x79C77D92BAD0>,Female,Gray,Knit,Long Sleeved,,Round Neck,Tunic,Batwing Tops,1000665
<PIL.Image.Image image mode=RGB size=600x600 at 0x79C77D960C80>,Female,Black Blue Green Pink,,Sleeveless,,V-Necks,Peplum,,1000666
<PIL.Image.Image image mode=RGB size=600x600 at 0x79C77D962E40>,Female,,Lace Satin,,,Backless Dresses,Spaghetti Straps,Nightgowns,1000667
<PIL.Image.Image image mode=RGB size=585x518 at 0x79C77D8F7140>,Female,,,Long Sleeved,,Round Neck,Bodycon,,1000668
<PIL.Image.Image image mode=RGB size=600x600 at 0x79C77D92BD40>,Female,Black Gray Green White,,Long Sleeved,,V-Necks,,Blouses,1000669
<PIL.Image.Image image mode=RGB size=497x497 at 0x79C77D8F5C70>,Neutral,Black,,Sleeveless,,Racerback,,Tank Tops,100067
<PIL.Image.Image image mode=RGB size=600x600 at 0x79C77D970710>,Female,,Polyester,Long Sleeved,Ruched,Backless Dresses,Bodycon,Clubbing Dresses,1000670
<PIL.Image.Image image mode=RGB size=311x311 at 0x79C77D972390>,Female,Black Blue Green Red White,,Long Sleeved,,V-Necks,Furry,Bubble Coats,1000671
<PIL.Image.Image image mode=RGB size=600x600 at 0x79C77D972F30>,Female,,Tulle,,,,,Dance Wear,1000672
<PIL.Image.Image image mode=RGB size=600x600 at 0x79C77D93EBA0>,Female,,Wool,Long Sleeved,,V-Necks,,Peacoats,1000673
<PIL.Image.Image image mode=RGB size=319x290 at 0x79C77D93FEF0>,Female,Blue Gold Green Purple Red,Velvet,Long Sleeved,,V-Necks,Pleated,Dresses,1000674
<PIL.Image.Image image mode=RGB size=585x585 at 0x79C77D93F5C0>,Female,White,Lace,Strapless,Mesh,Sweetheart Neckline,Bandeaus,,1000676
<PIL.Image.Image image mode=RGB size=600x600 at 0x79C77D93E600>,Female,Black Pink,,Long Sleeved,,Round Neck,,Athletic Sets,1000677
<PIL.Image.Image image mode=RGB size=600x600 at 0x79C77D962B10>,Female,,,Long Sleeved,Fringe,Turtlenecks,Asymmetric,Batwing Tops,1000678
<PIL.Image.Image image mode=RGB size=500x500 at 0x79C77D962750>,Female,Pink Red White,,,,,,Thigh Highs,1000679
<PIL.Image.Image image mode=RGB size=306x372 at 0x79C77D9722D0>,Female,,,Long Sleeved,,Round Neck,,T-Shirts,100068
<PIL.Image.Image image mode=RGB size=587x400 at 0x79C77D92BEF0>,Male,Green Purple Red,Silk,,,V-Necks,,Kimonos,1000682
<PIL.Image.Image image mode=RGB size=597x600 at 0x79C77D963800>,Female,Blue Pink,,Long Sleeved,,Round Neck,Furry,,1000683
<PIL.Image.Image image mode=RGB size=310x310 at 0x79C77D9638C0>,Male,,Leather,Long Sleeved,Quilted,Collared,,Jackets,1000684
<PIL.Image.Image image mode=RGB size=597x600 at 0x79C77D98BFB0>,Female,,Velvet,Sleeveless,,V-Necks,Vintage Retro,Costumes & Cosplay,1000685
<PIL.Image.Image image mode=RGB size=600x600 at 0x79C77DDEC800>,Male,Black,Cotton,Long Sleeved,Stripes,,,Cardigans,1000686
<PIL.Image.Image image mode=RGB size=600x600 at 0x79C77DDEE870>,Female,White,Chiffon Silk,Short Sleeves,,Round Neck,Asymmetric,Dresses,1000688
<PIL.Image.Image image mode=RGB size=480x600 at 0x79C77DDEE690>,Female,,Polyester,Long Sleeved,,Off The Shoulder,Spaghetti Straps,,1000689
<PIL.Image.Image image mode=RGB size=457x490 at 0x79C77D98AED0>,Female,,Cotton Spandex,Short Sleeves,,Collared,Printed,Polos,100069
<PIL.Image.Image image mode=RGB size=600x600 at 0x79C77D989280>,Female,Black Blue Green Orange Pink Purple Tan White Yellow,Nylon,Sleeveless,,Backless Dresses,,Sports Bras,1000690
<PIL.Image.Image image mode=RGB size=471x471 at 0x79C77DDEF020>,Male,Black Gray Red White,Cotton,,Pin Stripes,V-Necks,,Vests,1000691
<PIL.Image.Image image mode=RGB size=600x600 at 0x79C77DDEEE70>,Female,,Velvet,Long Sleeved,,,,Fashion Sets,1000693
<PIL.Image.Image image mode=RGB size=600x600 at 0x79C77DDEF740>,Neutral,,Cotton,Short Sleeves,,Round Neck,,T-Shirts,1000694
<PIL.Image.Image image mode=RGB size=600x600 at 0x79C77D9469C0>,Female,,,Sleeveless,,Round Neck,Bodycon,Dresses,1000695
<PIL.Image.Image image mode=RGB size=600x600 at 0x79C77D944F80>,Female,,Nylon Spandex,,,,,Bikinis,1000696
<PIL.Image.Image image mode=RGB size=600x600 at 0x79C77D9461B0>,Female,Yellow,Leather,,,,Hollow-Out,Heels,1000697
<PIL.Image.Image image mode=RGB size=600x600 at 0x79C77D947EC0>,Female,Green Pink,,,,,,Shorts,1000698
<PIL.Image.Image image mode=RGB size=600x600 at 0x79C77D9891F0>,Female,,,Long Sleeved,,Backless Dresses,Spaghetti Straps,,10007
<PIL.Image.Image image mode=RGB size=600x600 at 0x79C77DDEDD60>,Male,Blue Red Yellow,Cotton Faux Fur,Long Sleeved,Quilted,Collared,Furry,Jackets,100070
<PIL.Image.Image image mode=RGB size=600x600 at 0x79C77DDED3D0>,Male,,,,,,,Harem Pants,1000700
<PIL.Image.Image image mode=RGB size=600x484 at 0x79C77DDCA6F0>,Female,Blue Green,Chiffon,Sleeveless,,V-Necks,Summer,Jumpsuits Overalls & Rompers,1000701
<PIL.Image.Image image mode=RGB size=600x600 at 0x79C77DDCBDD0>,Female,Black Red,,,,,,Shorts,1000702
<PIL.Image.Image image mode=RGB size=558x558 at 0x79C77DDCBB90>,Female,,,Long Sleeved,Zebra,V-Necks,Printed,Party Dresses,1000703
<PIL.Image.Image image mode=RGB size=432x432 at 0x79C77DDCAA80>,Neutral,,,Long Sleeved,,V-Necks,,Robes,1000704
<PIL.Image.Image image mode=RGB size=500x500 at 0x79C77DDE6750>,Female,Black Green,Cotton,Long Sleeved,,Round Neck,Vintage Retro,Dresses,1000705
<PIL.Image.Image image mode=RGB size=400x430 at 0x79C77DDE5280>,Female,,Cotton,Long Sleeved,,Round Neck,Peplum,Casual Shirts,1000706
<PIL.Image.Image image mode=RGB size=587x587 at 0x79C77DDE5D30>,Female,,,,,,,Harem Pants,1000708
<PIL.Image.Image image mode=RGB size=600x600 at 0x79C77DDE5B80>,Female,Black Blue Gray Orange Pink Red White,Chiffon,Long Sleeved,,V-Necks,Vintage Retro,,1000709
<PIL.Image.Image image mode=RGB size=600x600 at 0x79C77DF468A0>,Female,Black,Chiffon,Sleeveless,Leopard And Cheetah,Round Neck,Peplum,Blouses,1000710
<PIL.Image.Image image mode=RGB size=327x342 at 0x79C77D946270>,Male,,,Long Sleeved,,V-Necks,,,1000712
<PIL.Image.Image image mode=RGB size=600x599 at 0x79C77D929AF0>,Female,Black,,Long Sleeved,Mesh,Round Neck,,,1000715
<PIL.Image.Image image mode=RGB size=600x600 at 0x79C77DDAEC60>,Female,,,Sleeveless,,Racerback,Summer,Tank Tops,1000716
<PIL.Image.Image image mode=RGB size=600x600 at 0x79C77D97D910>,Female,,,,,,,Trousers,1000717
<PIL.Image.Image image mode=RGB size=587x400 at 0x79C77D97F4D0>,Female,White,Lace Organza,Strapless,Sequins,Sweetheart Neckline,Embroidered,Wedding Dresses,1000718
<PIL.Image.Image image mode=RGB size=600x600 at 0x79C77D97C530>,Female,Red,,Sleeveless,,Turtlenecks,Bodycon,Dresses,1000719
<PIL.Image.Image image mode=RGB size=400x400 at 0x79C77D973920>,Female,,,Sleeveless,,Off The Shoulder,Bandeaus,Tube Tops,100072
<PIL.Image.Image image mode=RGB size=600x600 at 0x79C77DDE5370>,Female,Black Red Yellow,Faux Fur Wool,Long Sleeved,Quilted,,Furry,Jackets,1000720
<PIL.Image.Image image mode=RGB size=600x600 at 0x79C77DDE5CA0>,Female,,,Long Sleeved,Polka Dot,V-Necks,Bodycon,Dresses,1000722
<PIL.Image.Image image mode=RGB size=540x600 at 0x79C77DDADB20>,Male,,,Long Sleeved,,Round Neck,,Dress Shirts,1000724
<PIL.Image.Image image mode=RGB size=598x600 at 0x79C77DDAD7F0>,Female,Black Pink White,Velvet,,,,,"Hosiery, Stockings, Tights",1000725
<PIL.Image.Image image mode=RGB size=600x600 at 0x79C77DDACC20>,Female,Black White,Silk,,,,,Thigh Highs,1000727
<PIL.Image.Image image mode=RGB size=585x585 at 0x79C77DDBBC20>,Neutral,Black Orange,Nylon,,,,,Raincoats,1000728
<PIL.Image.Image image mode=RGB size=587x400 at 0x79C77DDB8BF0>,Neutral,Beige Black,Spandex,,Ruffles,,,Corsets,100073
<PIL.Image.Image image mode=RGB size=600x585 at 0x79C77DDBBF50>,Male,,Twill,,Camouflage,,Printed,Cargo Pants,1000730
<PIL.Image.Image image mode=RGB size=600x600 at 0x79C77D99C1A0>,Female,,Cashmere Leather,,,,,Leggings,1000731
<PIL.Image.Image image mode=RGB size=600x600 at 0x79C77D99E4E0>,Female,,Cotton,Strapless,,Off The Shoulder,Pleated,Dresses,1000732
<PIL.Image.Image image mode=RGB size=600x600 at 0x79C77D99DD30>,Male,,,,Camouflage,Collared,,Jackets,1000733
<PIL.Image.Image image mode=RGB size=600x530 at 0x79C77D955E20>,Female,Blue,Polyester,,Snakeskin,,Pleated,Skirts,1000734
<PIL.Image.Image image mode=RGB size=600x600 at 0x79C77D97DEB0>,Male,Black Green,Cotton,,Camouflage,,,Cargo Pants,1000735
<PIL.Image.Image image mode=RGB size=600x589 at 0x79C77DDB9C10>,Female,Blue,,Sleeveless,Chevron Pin Stripes Stripes,Backless Dresses,Spaghetti Straps,Halter Tops,1000736
<PIL.Image.Image image mode=RGB size=500x500 at 0x79C77D955EE0>,Female,,,,Floral,Round Neck,,Batwing Tops,1000737
<PIL.Image.Image image mode=RGB size=600x600 at 0x79C77D99D3D0>,Female,,,,,Off The Shoulder,Pleated,Skirts,1000738
<PIL.Image.Image image mode=RGB size=600x470 at 0x79C77DDD6450>,Neutral,Black Red,,,,,,Baggy Jeans,1000739
<PIL.Image.Image image mode=RGB size=600x600 at 0x79C77DDD47D0>,Neutral,,Lace Polyester,,Crochet Mesh,,,Bodysuits,100074
<PIL.Image.Image image mode=RGB size=600x600 at 0x79C77DDD7E60>,Neutral,Blue Green White Yellow,,,,,,Raincoats,1000741
<PIL.Image.Image image mode=RGB size=600x600 at 0x79C77DDD7770>,Female,Black,,Long Sleeved,,Shoulder Drapes,Summer,Dresses,1000742
<PIL.Image.Image image mode=RGB size=600x600 at 0x79C77DE00530>,Female,,,Sleeveless,,Round Neck,Vintage Retro,Dresses,1000743
<PIL.Image.Image image mode=RGB size=400x600 at 0x79C77DE000B0>,Female,,Polyester,,,,Vintage Retro,Swimsuits,1000745
<PIL.Image.Image image mode=RGB size=600x600 at 0x79C77DDD7080>,Female,,,Long Sleeved,,,,Hoodies & Sweatshirts,1000746
<PIL.Image.Image image mode=RGB size=600x600 at 0x79C77DDBBB60>,Female,Black Blue Pink,Lace,,Mesh,,,Nightgowns,1000747
<PIL.Image.Image image mode=RGB size=600x600 at 0x79C77DDBAE40>,Female,,Faux Fur,Long Sleeved,Quilted,Turtlenecks,,Bubble Coats,100075
<PIL.Image.Image image mode=RGB size=400x600 at 0x79C77D946180>,Female,,Organza,Sleeveless,Ruffles,Sweetheart Neckline,Asymmetric,Wedding Dresses,1000750
<PIL.Image.Image image mode=RGB size=600x600 at 0x79C77D955490>,Female,Black,Chiffon,Long Sleeved,Ruffles,Off The Shoulder,Pleated,,1000751
<PIL.Image.Image image mode=RGB size=600x600 at 0x79C77D956120>,Male,Black Blue Gray Green Red White,Cotton,Short Sleeves,,Collared,,Polos,1000752
<PIL.Image.Image image mode=RGB size=600x600 at 0x79C77DE013D0>,Neutral,,Cotton,Long Sleeved,,Backless Dresses,,T-Shirts,1000753
<PIL.Image.Image image mode=RGB size=600x600 at 0x79C77DE01790>,Female,,Cotton,,,,,Maternity,1000754
<PIL.Image.Image image mode=RGB size=600x600 at 0x79C77DE018E0>,Female,Black,Lace,,,V-Necks,,Fashion Sets,1000756
<PIL.Image.Image image mode=RGB size=600x600 at 0x79C77DE019D0>,Female,Blue Pink,Velvet,Sleeveless,,Off The Shoulder,Bodycon,Dresses,1000757
<PIL.Image.Image image mode=RGB size=600x600 at 0x79C77DE009E0>,Male,,,,,,,Athletic Shorts,1000759
<PIL.Image.Image image mode=RGB size=600x600 at 0x79C77DE00B00>,Male,,,Long Sleeved,Quilted,V-Necks,,,100076
<PIL.Image.Image image mode=RGB size=600x600 at 0x79C77DE02690>,Female,Blue,,,,Racerback,,Sports Bras,1000761
<PIL.Image.Image image mode=RGB size=600x600 at 0x79C77DE008F0>,Female,Black Blue Red White,Satin,,,,,Lingerie Sleepwear & Underwear,1000762
<PIL.Image.Image image mode=RGB size=442x600 at 0x79C77DE02BD0>,Female,,Silk,,,,,Kimonos,1000763
<PIL.Image.Image image mode=RGB size=600x600 at 0x79C77DE032C0>,Female,,,Long Sleeved,,Round Neck,Furry,Batwing Tops,1000764
<PIL.Image.Image image mode=RGB size=599x600 at 0x79C77DE03200>,Female,,Chiffon,Sleeveless,,Round Neck,Summer,Casual Dresses,1000766
<PIL.Image.Image image mode=RGB size=540x600 at 0x79C77DE03770>,Female,Blue Orange Yellow,Chiffon,Long Sleeved,,Round Neck,,Blouses,1000767
<PIL.Image.Image image mode=RGB size=600x600 at 0x79C77DE03920>,Female,,Polyester Spandex,,,,,Swimsuits,1000768
<PIL.Image.Image image mode=RGB size=501x468 at 0x79C77DE3C4A0>,Male,,,Short Sleeves,,Round Neck,,,1000769
<PIL.Image.Image image mode=RGB size=600x600 at 0x79C77DE02630>,Female,Gray,,Long Sleeved,,Round Neck,Printed,,100077
<PIL.Image.Image image mode=RGB size=600x600 at 0x79C77DE02660>,Female,,,Long Sleeved,Mesh,Round Neck,Embroidered,Casual Dresses,1000770
<PIL.Image.Image image mode=RGB size=600x600 at 0x79C77DE3D190>,Female,Black Blue Green Red,Knit,Sleeveless,,,Pleated,Skirts,1000771
<PIL.Image.Image image mode=RGB size=600x600 at 0x79C77DE3D550>,Female,,Plush,,Floral Mesh,,,"Hosiery, Stockings, Tights",1000772
<PIL.Image.Image image mode=RGB size=350x500 at 0x79C77DE3D6D0>,Female,,Polyester,Sleeveless,,Round Neck,Bodycon,Dresses,1000775
<PIL.Image.Image image mode=RGB size=500x500 at 0x79C77DE3DA60>,Male,Gray,,,,,,Drawstring Pants,1000776
<PIL.Image.Image image mode=RGB size=400x600 at 0x79C77DE3DE20>,Neutral,,,Long Sleeved,,Turtlenecks,,Hoodies & Sweatshirts,1000777
<PIL.Image.Image image mode=RGB size=600x600 at 0x79C77DE3DE50>,Male,,Cotton,Short Sleeves,Galaxy,Round Neck,Printed,T-Shirts,100078
<PIL.Image.Image image mode=RGB size=600x600 at 0x79C77DE3E600>,Female,Blue White,Chiffon,Sleeveless,,U-Necks,Spaghetti Straps,Blouses,1000780
<PIL.Image.Image image mode=RGB size=587x400 at 0x79C77DE3E720>,Female,Black White,Lace,Sleeveless,,Round Neck,Embroidered,Party Dresses,1000781
<PIL.Image.Image image mode=RGB size=600x600 at 0x79C77DE01B80>,Female,Black Blue Gray,Spandex,,,,,Sweatpants,1000782
<PIL.Image.Image image mode=RGB size=600x600 at 0x79C77DE02870>,Male,,Cotton,,,,,T-Shirts,1000784
<PIL.Image.Image image mode=RGB size=600x600 at 0x79C77F816AB0>,Male,Black Blue,,,Camouflage,,,Shorts,1000785
<PIL.Image.Image image mode=RGB size=600x600 at 0x79C77DE01A60>,Male,Black Brown,,Long Sleeved,,Turtlenecks,,Jackets,1000788
<PIL.Image.Image image mode=RGB size=400x600 at 0x79C77DE3DFA0>,Male,,,,,,,Harem Pants,100079
<PIL.Image.Image image mode=RGB size=600x600 at 0x79C77DE3E870>,Female,Green,,Sleeveless,,Racerback,,Tank Tops,1000791
<PIL.Image.Image image mode=RGB size=600x600 at 0x79C77DE3E7B0>,Female,White,Cotton,Long Sleeved,,Collared,Tunic,Dresses,1000793
<PIL.Image.Image image mode=RGB size=572x513 at 0x79C77DE3C3E0>,Female,Beige Black,,Long Sleeved,,Shoulder Drapes,,,1000794
<PIL.Image.Image image mode=RGB size=600x511 at 0x79C77DE3F440>,Female,,,Long Sleeved,Stripes,Round Neck,Furry,Batwing Tops,1000795
<PIL.Image.Image image mode=RGB size=350x350 at 0x79C77DE3F5C0>,Neutral,Black White,Fleece,,,Round Neck,,Robes,1000797
<PIL.Image.Image image mode=RGB size=600x600 at 0x79C77DE3EF30>,Female,Black White,,Long Sleeved,,Off The Shoulder,,,1000798
<PIL.Image.Image image mode=RGB size=360x460 at 0x79C77DE3F290>,Female,,,Sleeveless,,V-Necks,Printed,Vests,1000799
<PIL.Image.Image image mode=RGB size=378x600 at 0x79C77DE48800>,Female,,Chiffon,Strapless,,Sweetheart Neckline,Beaded,Formal Dresses,10008
<PIL.Image.Image image mode=RGB size=600x600 at 0x79C77DE48B90>,Female,,Polyester Spandex,,,,,Yoga Pants,100080
<PIL.Image.Image image mode=RGB size=600x600 at 0x79C77DE48950>,Female,,Lace,Long Sleeved,,Off The Shoulder,Pleated,Dresses,1000800
<PIL.Image.Image image mode=RGB size=600x600 at 0x79C77DE490D0>,Female,Black Blue,,,,Collared,,Jackets,1000801
<PIL.Image.Image image mode=RGB size=600x600 at 0x79C77DE48E30>,Neutral,Black,Cotton,,,,,Thigh Highs,1000802
<PIL.Image.Image image mode=RGB size=477x543 at 0x79C77DE49880>,Female,Black,Faux Fur,Long Sleeved,Quilted,,Furry,Hoodies & Sweatshirts,1000803
<PIL.Image.Image image mode=RGB size=570x473 at 0x79C77DE49F40>,Female,,,Sleeveless,,Round Neck,Summer,Dresses,1000805
<PIL.Image.Image image mode=RGB size=340x600 at 0x79C77DE4A060>,Male,,,,,,,Harem Pants,1000806
<PIL.Image.Image image mode=RGB size=587x400 at 0x79C77DE3FA40>,Male,Black Gray,,,,,,Sweatpants,1000808
<PIL.Image.Image image mode=RGB size=600x600 at 0x79C77DE480E0>,Female,Black Pink Purple Red White,Lace Nylon Spandex,,Mesh,,,"Hosiery, Stockings, Tights",1000809
<PIL.Image.Image image mode=RGB size=600x600 at 0x79C77DE4ADE0>,Male,,Knit,Long Sleeved,,V-Necks,,Pullover Sweaters,100081
<PIL.Image.Image image mode=RGB size=600x600 at 0x79C77DE4AF60>,Female,Black,Polyester,,Stripes,Backless Dresses,,Swimsuits,1000810
<PIL.Image.Image image mode=RGB size=600x600 at 0x79C77DE4B320>,Female,White,Lace,Sleeveless,,V-Necks,,Dresses,1000813
<PIL.Image.Image image mode=RGB size=600x600 at 0x79C77DE4B440>,Female,Black Pink White,Chiffon,Long Sleeved,,Off The Shoulder,Embroidered,Blouses,1000814
<PIL.Image.Image image mode=RGB size=600x600 at 0x79C77DE4BB30>,Male,Black White,,Long Sleeved,,Collared,Two-Tone,Dress Shirts,1000815
<PIL.Image.Image image mode=RGB size=600x600 at 0x79C77DE4B9E0>,Male,Black Blue,,,,,,Capes & Capelets,1000816
<PIL.Image.Image image mode=RGB size=600x600 at 0x79C77DE50560>,Neutral,,,Sleeveless,,V-Necks,Embroidered,Dresses,1000817
<PIL.Image.Image image mode=RGB size=600x600 at 0x79C77DE50920>,Female,,Tulle,Strapless,,Sweetheart Neckline,Asymmetric,,1000818
<PIL.Image.Image image mode=RGB size=600x600 at 0x79C77DE3FFE0>,Female,,Spandex,,Galaxy,,,Skirts,1000819
<PIL.Image.Image image mode=RGB size=500x500 at 0x79C77DDD5D60>,Female,Beige White,Lace,Sleeveless,,V-Necks,Spaghetti Straps,Nightgowns,100082
<PIL.Image.Image image mode=RGB size=494x600 at 0x79C77DE030B0>,Female,Blue White,Polyester,Strapless,Chevron,Off The Shoulder,Summer,Casual Dresses,1000821
<PIL.Image.Image image mode=RGB size=600x600 at 0x79C77DE4B5C0>,Female,,Polyester,,,,,Swimsuits,1000823
<PIL.Image.Image image mode=RGB size=600x600 at 0x79C77DE491C0>,Male,Blue,,Short Sleeves,,,,Athletic Shorts,1000824
<PIL.Image.Image image mode=RGB size=600x600 at 0x79C77DE488C0>,Female,,Chiffon,Sleeveless,Ruffles,U-Necks,Peplum,Casual Shirts,1000825
<PIL.Image.Image image mode=RGB size=400x600 at 0x79C77DE4A990>,Female,,Lace,Sleeveless,Mesh,Round Neck,Bodycon,Formal Dresses,1000826
<PIL.Image.Image image mode=RGB size=384x500 at 0x79C77DE51400>,Female,,,Sleeveless,,Sweetheart Neckline,Bodycon,Wedding Dresses,1000828
<PIL.Image.Image image mode=RGB size=600x600 at 0x79C77DE517C0>,Female,Black Blue Green Orange Peach Pink Purple Red White Yellow,Polyester Spandex,Sleeveless,,,,Dresses,1000829
<PIL.Image.Image image mode=RGB size=500x500 at 0x79C77DE504A0>,Female,Red,Knit,Long Sleeved,,Round Neck,Peplum,Jackets,1000830
<PIL.Image.Image image mode=RGB size=600x600 at 0x79C77DE51040>,Female,Blue Pink,Polyester,Long Sleeved,,V-Necks,Wrap,Dresses,1000832
<PIL.Image.Image image mode=RGB size=600x600 at 0x79C77DE50C80>,Female,Black Gray Pink White,Cotton,Long Sleeved,,V-Necks,,,1000834
<PIL.Image.Image image mode=RGB size=600x600 at 0x79C77DE50E60>,Female,Blue Purple,Lace Spandex,Short Sleeves,Floral,Round Neck,Pleated,Dresses,1000835
<PIL.Image.Image image mode=RGB size=600x600 at 0x79C77DE52840>,Male,Black Gray White,,Sleeveless,,Round Neck,,Tank Tops,1000837
<PIL.Image.Image image mode=RGB size=600x598 at 0x79C77DE52870>,Male,,Cotton,Short Sleeves,,Collared,,T-Shirts,1000838
<PIL.Image.Image image mode=RGB size=600x600 at 0x79C77DE52FF0>,Female,White,,Sleeveless,Floral,Round Neck,Peplum,Blouses,1000839
<PIL.Image.Image image mode=RGB size=600x600 at 0x79C77DE53350>,Female,,,Sleeveless,,Round Neck,Printed,,1000840
<PIL.Image.Image image mode=RGB size=390x387 at 0x79C77DE536B0>,Male,,Cotton,Long Sleeved,,Collared,,Jackets,1000843
<PIL.Image.Image image mode=RGB size=411x530 at 0x79C77DE53B90>,Female,,,,Polka Dot,,,Drawstring Pants,1000845
<PIL.Image.Image image mode=RGB size=600x600 at 0x79C77DE53A40>,Female,,,Sleeveless,,Round Neck,Asymmetric,Dresses,1000846
<PIL.Image.Image image mode=RGB size=587x400 at 0x79C77DE52120>,Female,Blue,,Sleeveless,Fringe,V-Necks,,Swimsuits,100085
<PIL.Image.Image image mode=RGB size=600x600 at 0x79C77DE51CD0>,Female,Black Red,,Long Sleeved,Plaid,Collared,,Dress Shirts,1000850
<PIL.Image.Image image mode=RGB size=600x600 at 0x79C77DE51AF0>,Female,,,Long Sleeved,,Off The Shoulder,,,1000853
<PIL.Image.Image image mode=RGB size=600x600 at 0x79C77DE610D0>,Female,,Cotton,,Stripes,,,Thigh Highs,1000854
<PIL.Image.Image image mode=RGB size=600x600 at 0x79C77DE60BC0>,Female,,,Long Sleeved,Ruffles,Turtlenecks,Furry,,1000855
<PIL.Image.Image image mode=RGB size=600x600 at 0x79C77DE612E0>,Female,Green Pink,Spandex,Sleeveless,,Backless Dresses,,,1000857
<PIL.Image.Image image mode=RGB size=600x600 at 0x79C77DE619A0>,Female,,,Sleeveless,,Off The Shoulder,Summer,Party Dresses,1000858
<PIL.Image.Image image mode=RGB size=500x500 at 0x79C77DE61D60>,Female,,,,,,,Underwear,1000859
<PIL.Image.Image image mode=RGB size=600x600 at 0x79C77DE623C0>,Female,Yellow,Silk Spandex,Sleeveless,,Turtlenecks,Vintage Retro,Dresses,100086
<PIL.Image.Image image mode=RGB size=519x519 at 0x79C77DE62540>,Female,,,Long Sleeved,,Off The Shoulder,,Costumes & Cosplay,1000860
<PIL.Image.Image image mode=RGB size=600x600 at 0x79C77DE51C70>,Female,,Lace,,Floral,,Spaghetti Straps,,1000862
<PIL.Image.Image image mode=RGB size=600x600 at 0x79C77DE52D80>,Female,,Denim,,,,,Skinny Jeans,1000863
<PIL.Image.Image image mode=RGB size=600x600 at 0x79C77DE53980>,Female,Blue Red,Silk,Short Sleeves,Floral,Off The Shoulder,,,1000864
<PIL.Image.Image image mode=RGB size=600x600 at 0x79C77DE529C0>,Neutral,White,Cotton,Long Sleeved,,Collared,,Polos,1000865
<PIL.Image.Image image mode=RGB size=600x600 at 0x79C77DE52B70>,Female,Gray,,Long Sleeved,,Off The Shoulder,Asymmetric,Dresses,1000867
<PIL.Image.Image image mode=RGB size=500x500 at 0x79C77DE62090>,Female,,Lace,,Crochet Floral,,Bodycon,Skirts,1000868
<PIL.Image.Image image mode=RGB size=502x502 at 0x79C77DE60F20>,Female,,,Long Sleeved,,Square Necked,Printed,,1000869
<PIL.Image.Image image mode=RGB size=587x400 at 0x79C77DE60440>,Neutral,,,,,,,Harem Pants,100087
<PIL.Image.Image image mode=RGB size=600x600 at 0x79C77DE63230>,Female,,Lace,Long Sleeved,Mesh,V-Necks,Hollow-Out,Cocktail Dresses,1000871
<PIL.Image.Image image mode=RGB size=600x600 at 0x79C77DE63620>,Male,,,Long Sleeved,,,,Jackets,1000873
<PIL.Image.Image image mode=RGB size=600x600 at 0x79C77DE62DE0>,Female,Green Red White,Lace,Sleeveless,,V-Necks,Summer,Party Dresses,1000874
<PIL.Image.Image image mode=RGB size=600x600 at 0x79C77DE62E10>,Male,Black,Cotton,,,,,Drawstring Pants,1000875
<PIL.Image.Image image mode=RGB size=600x600 at 0x79C77DE6C560>,Female,,,Short Sleeves,Pin Stripes,Off The Shoulder,Peplum,,1000876
<PIL.Image.Image image mode=RGB size=592x600 at 0x79C77DE6C8F0>,Male,,,,,,,Cargo Pants,1000877
<PIL.Image.Image image mode=RGB size=600x600 at 0x79C77DE6C440>,Female,Black Blue White,Cotton Lace,Sleeveless,Crochet,Shoulder Drapes,,Blouses,1000878
<PIL.Image.Image image mode=RGB size=600x600 at 0x79C77DE6CB00>,Female,,Fleece,,,,,Sweatpants,1000880
<PIL.Image.Image image mode=RGB size=600x600 at 0x79C77DE6D1C0>,Female,Black,Cotton Faux Fur,Long Sleeved,Quilted,,Furry,Jackets,1000881
<PIL.Image.Image image mode=RGB size=400x400 at 0x79C77DE6D370>,Female,Black White,Silk,Short Sleeves,Floral,V-Necks,Summer,Casual Dresses,1000882
<PIL.Image.Image image mode=RGB size=600x600 at 0x79C77DE6D760>,Neutral,Red,Nylon,,,,,Raincoats,1000883
<PIL.Image.Image image mode=RGB size=600x600 at 0x79C77DE6DD90>,Neutral,Black Pink Purple White,Cotton,Sleeveless,,V-Necks,,,1000884
<PIL.Image.Image image mode=RGB size=600x600 at 0x79C77DE63D70>,Female,Black White,,Sleeveless,,Racerback,,Vests,1000885
<PIL.Image.Image image mode=RGB size=600x600 at 0x79C77DE63800>,Male,,,Short Sleeves,,U-Necks,,Jumpsuits Overalls & Rompers,1000888
<PIL.Image.Image image mode=RGB size=600x600 at 0x79C77DE6ED20>,Female,Black,Cotton,Long Sleeved,,Round Neck,,Blouses,1000889
<PIL.Image.Image image mode=RGB size=427x439 at 0x79C77DE6EB40>,Male,Black Blue Gray Red Yellow,Cotton,Sleeveless,Stripes,Racerback,,Undershirts,100089
<PIL.Image.Image image mode=RGB size=585x585 at 0x79C77DE6F1D0>,Female,Silver,,,Hearts,,Rhinestone Studded,Dresses,1000892
<PIL.Image.Image image mode=RGB size=600x475 at 0x79C77DE6F380>,Female,,Chiffon,Short Sleeves,Floral,Round Neck,Summer,Batwing Tops,1000894
<PIL.Image.Image image mode=RGB size=600x600 at 0x79C77DE6FA40>,Female,,,,Floral,,Pleated,Skirts,1000895
<PIL.Image.Image image mode=RGB size=600x463 at 0x79C77DE6F620>,Female,,Cotton,,,Racerback,,Tank Tops,1000896
<PIL.Image.Image image mode=RGB size=600x600 at 0x79C77DE70590>,Female,,,Long Sleeved,,,Pleated,Skirts,1000897
<PIL.Image.Image image mode=RGB size=600x600 at 0x79C77DE70980>,Female,,,Long Sleeved,,Off The Shoulder,Bodycon,Dresses,1000899
<PIL.Image.Image image mode=RGB size=600x598 at 0x79C77DE63560>,Female,,,Sleeveless,Leopard And Cheetah,V-Necks,Spaghetti Straps,Nightgowns,10009
<PIL.Image.Image image mode=RGB size=511x600 at 0x79C77DE60560>,Female,Black Blue Red,,,,,,Athletic Shorts,100090
<PIL.Image.Image image mode=RGB size=317x476 at 0x79C77DE63F80>,Female,,,Sleeveless,,Shoulder Drapes,Hollow-Out,Dance Wear,1000900
<PIL.Image.Image image mode=RGB size=600x600 at 0x79C77DE63E90>,Female,,Cotton Polyester,Sleeveless,,Round Neck,Summer,Dresses,1000901
<PIL.Image.Image image mode=RGB size=600x600 at 0x79C77DE6FD10>,Female,Black,,Sleeveless,,Off The Shoulder,Pleated,Dresses,1000902
<PIL.Image.Image image mode=RGB size=440x600 at 0x79C77DE6E840>,Male,,,,,,,Cargo Pants,1000904
<PIL.Image.Image image mode=RGB size=600x600 at 0x79C77DE6D790>,Female,,Polyester,,,,Pleated,Skirts,1000906
<PIL.Image.Image image mode=RGB size=600x600 at 0x79C77DE6F290>,Female,,Cotton,Sleeveless,,Round Neck,Printed,Tank Tops,1000907
<PIL.Image.Image image mode=RGB size=600x600 at 0x79C77DE715E0>,Female,,,Sleeveless,,Turtlenecks,Summer,Dresses,1000908
<PIL.Image.Image image mode=RGB size=600x600 at 0x79C77DE71A00>,Female,Black,Faux Fur Leather,Long Sleeved,Quilted,V-Necks,Furry,Jackets,1000909
<PIL.Image.Image image mode=RGB size=595x600 at 0x79C77DE70FB0>,Female,Yellow,Knit,Long Sleeved,,Off The Shoulder,Peplum,Dresses,100091
<PIL.Image.Image image mode=RGB size=450x600 at 0x79C77DE71160>,Female,Red,Wool,Long Sleeved,,Turtlenecks,Wrap,Trench Coats,1000910
<PIL.Image.Image image mode=RGB size=600x600 at 0x79C77DE72420>,Female,Green Red,Lace Polyester,,,,,Bikinis,1000911
<PIL.Image.Image image mode=RGB size=600x600 at 0x79C77DE728D0>,Female,Green Red,Faux Fur,Long Sleeved,,V-Necks,Furry,,1000912
<PIL.Image.Image image mode=RGB size=600x600 at 0x79C77DE72C90>,Female,,,Long Sleeved,,Backless Dresses,Peplum,Casual Shirts,1000914
<PIL.Image.Image image mode=RGB size=600x600 at 0x79C77DE72BD0>,Female,,Cotton,Long Sleeved,,Off The Shoulder,Pleated,Casual Dresses,1000915
<PIL.Image.Image image mode=RGB size=439x600 at 0x79C77DE73440>,Female,Beige,,Long Sleeved,,Collared,Pleated,Casual Dresses,1000916
<PIL.Image.Image image mode=RGB size=600x600 at 0x79C77DE73530>,Female,,Lace,Long Sleeved,,Round Neck,Bodycon,Party Dresses,1000917
<PIL.Image.Image image mode=RGB size=600x600 at 0x79C77DE73B90>,Female,,Polyester Spandex,Long Sleeved,Sequins,V-Necks,,Bodysuits,1000918
<PIL.Image.Image image mode=RGB size=600x595 at 0x79C77DE73AD0>,Female,Black Blue Gray,Cotton,Long Sleeved,,Collared,,Maternity,100092
<PIL.Image.Image image mode=RGB size=600x600 at 0x79C77DE72180>,Female,,Velvet,,,,Pleated,Skirts,1000920
<PIL.Image.Image image mode=RGB size=600x600 at 0x79C77DE71910>,Female,Black,,Sleeveless,,Racerback,Spaghetti Straps,Blouses,1000922
<PIL.Image.Image image mode=RGB size=600x600 at 0x79C77DE7CF50>,Male,Gray,Cotton,Long Sleeved,,Round Neck,,,1000923
<PIL.Image.Image image mode=RGB size=600x600 at 0x79C77DE7D370>,Female,Blue,,Sleeveless,,Round Neck,Pleated,Dresses,1000925
<PIL.Image.Image image mode=RGB size=600x600 at 0x79C77DE7CDD0>,Female,Black,Chiffon,,,,,Harem Pants,1000927
<PIL.Image.Image image mode=RGB size=600x580 at 0x79C77DE7D580>,Female,,Knit,Long Sleeved,,Round Neck,Bodycon,,1000928
<PIL.Image.Image image mode=RGB size=600x600 at 0x79C77DE7D9D0>,Female,White,Lace,Sleeveless,,Backless Dresses,Spaghetti Straps,Dresses,1000929
<PIL.Image.Image image mode=RGB size=430x430 at 0x79C77DE7DDC0>,Male,,Cotton,,Quilted,,Furry,Jackets,100093
<PIL.Image.Image image mode=RGB size=600x600 at 0x79C77DE7E570>,Male,Black Blue Red,,Long Sleeved,,Turtlenecks,,Trench Coats,1000931
<PIL.Image.Image image mode=RGB size=600x600 at 0x79C77DE7E870>,Male,Blue Gray,,,,,,Cargo Pants,1000933
<PIL.Image.Image image mode=RGB size=600x600 at 0x79C77DE7CA10>,Female,Red,Polyester,Sleeveless,Floral,V-Necks,Summer,Casual Dresses,1000934
<PIL.Image.Image image mode=RGB size=497x600 at 0x79C77DE71AC0>,Female,,Cotton Wool,Long Sleeved,,Turtlenecks,,,1000935
<PIL.Image.Image image mode=RGB size=476x473 at 0x79C77DE72A20>,Female,,,Sleeveless,,Round Neck,Spaghetti Straps,Clubbing Dresses,1000936
<PIL.Image.Image image mode=RGB size=495x600 at 0x79C77DE72660>,Male,,Wool,Long Sleeved,,V-Necks,,Suits & Blazers,1000939
<PIL.Image.Image image mode=RGB size=600x600 at 0x79C77DE732C0>,Female,Black Gray Red,Polyester,Long Sleeved,,Off The Shoulder,Bodycon,Dresses,1000940
<PIL.Image.Image image mode=RGB size=600x369 at 0x79C77DE71100>,Female,Black,,Sleeveless,Fringe,Racerback,Furry,Tank Tops,1000941
<PIL.Image.Image image mode=RGB size=600x596 at 0x79C77DE7C590>,Female,,,Long Sleeved,,Collared,Peplum,Blouses,1000942
<PIL.Image.Image image mode=RGB size=600x600 at 0x79C77DE7C8C0>,Female,White,Spandex,Long Sleeved,,V-Necks,Vintage Retro,Suits & Blazers,1000946
<PIL.Image.Image image mode=RGB size=403x546 at 0x79C77DE7C650>,Female,,Spandex,,Galaxy,,,Leggings,1000947
<PIL.Image.Image image mode=RGB size=600x600 at 0x79C77DE7F800>,Female,Black Green Red,,Puff Sleeves,,V-Necks,Spaghetti Straps,,1000948
<PIL.Image.Image image mode=RGB size=600x600 at 0x79C77DE7F170>,Male,Blue Green Red,Cotton,Long Sleeved,Camouflage,Collared,,Jackets,100095
<PIL.Image.Image image mode=RGB size=600x600 at 0x79C77DE7EF60>,Female,,Cotton,,,,Pleated,Skirts,1000950
<PIL.Image.Image image mode=RGB size=600x600 at 0x79C77DE946E0>,Female,Black White,,Long Sleeved,Ruffles,Shoulder Drapes,Peplum,,1000951
<PIL.Image.Image image mode=RGB size=600x600 at 0x79C77DE94A70>,Male,,,,,,,Dance Wear,1000952
<PIL.Image.Image image mode=RGB size=600x354 at 0x79C77DE945C0>,Male,,,,,,,Cargo Shorts,1000953
<PIL.Image.Image image mode=RGB size=600x600 at 0x79C77DE94BC0>,Male,,Cotton,Short Sleeves,,Round Neck,,T-Shirts,1000954
<PIL.Image.Image image mode=RGB size=600x600 at 0x79C77DE95040>,Female,Black,Polyester Spandex,Long Sleeved,,V-Necks,Bodycon,Clubbing Dresses,1000955
<PIL.Image.Image image mode=RGB size=367x504 at 0x79C77DE95670>,Female,,,Strapless,,Sweetheart Neckline,Criss Cross,Corsets,1000956
<PIL.Image.Image image mode=RGB size=600x600 at 0x79C77DE95D60>,Female,,,Sleeveless,,V-Necks,Pleated,Casual Dresses,1000957
<PIL.Image.Image image mode=RGB size=600x600 at 0x79C77DE95D30>,Female,Black Blue Gold Pink Red Yellow,Velvet,Short Sleeves,,Off The Shoulder,Summer,Casual Dresses,1000958
<PIL.Image.Image image mode=RGB size=600x600 at 0x79C77DE7FE60>,Female,,,Sleeveless,Mesh,Sweetheart Neckline,Pleated,Clubbing Dresses,1000959
<PIL.Image.Image image mode=RGB size=600x600 at 0x79C77DE94110>,Female,,,Sleeveless,Leopard And Cheetah,Round Neck,Spaghetti Straps,Nightgowns,100096
<PIL.Image.Image image mode=RGB size=600x600 at 0x79C77DE96CC0>,Female,,,Short Sleeves,,Off The Shoulder,Embroidered,Blouses,1000961
<PIL.Image.Image image mode=RGB size=600x600 at 0x79C77DE96D50>,Female,Green,,Sleeveless,,V-Necks,Wrap,Casual Dresses,1000962
<PIL.Image.Image image mode=RGB size=600x600 at 0x79C77DE97200>,Female,Black Blue Orange,,,,,,Jackets,1000963
<PIL.Image.Image image mode=RGB size=600x600 at 0x79C77DE975C0>,Female,,Lace Organza,,Ruffles,,,Tutus,1000964
<PIL.Image.Image image mode=RGB size=600x600 at 0x79C77DE979B0>,Female,,,,,Off The Shoulder,Summer,Jumpsuits Overalls & Rompers,1000965
<PIL.Image.Image image mode=RGB size=600x600 at 0x79C77DE97860>,Female,Black Gray Yellow,Spandex,Long Sleeved,,Round Neck,Bodycon,Dresses,1000966
<PIL.Image.Image image mode=RGB size=600x600 at 0x79C77DE98470>,Female,Blue Red,Polyester,Sleeveless,Ruched,Off The Shoulder,Bodycon,Dresses,1000967
<PIL.Image.Image image mode=RGB size=600x532 at 0x79C77DE98830>,Neutral,,Cotton Polyester,Short Sleeves,Hearts,Round Neck,,T-Shirts,1000968
<PIL.Image.Image image mode=RGB size=600x600 at 0x79C77DE95F70>,Female,White,Polyester Spandex,Long Sleeved,Floral,V-Necks,,Jumpsuits Overalls & Rompers,1000969
<PIL.Image.Image image mode=RGB size=600x554 at 0x79C77DE7FF20>,Female,Green Pink Red White,Chiffon,Sleeveless,,,,Blouses,100097
<PIL.Image.Image image mode=RGB size=600x600 at 0x79C77DE02210>,Female,,Knit,Long Sleeved,,Backless Dresses,Furry,,1000970
<PIL.Image.Image image mode=RGB size=400x600 at 0x79C77DE73DA0>,Female,,,Short Sleeves,,Racerback,,,1000971
<PIL.Image.Image image mode=RGB size=600x600 at 0x79C77DE97830>,Female,Blue Pink Red White,,Long Sleeved,,Off The Shoulder,,,1000972
<PIL.Image.Image image mode=RGB size=600x600 at 0x79C77DE95460>,Neutral,,,Short Sleeves,,V-Necks,,Uniforms,1000973
<PIL.Image.Image image mode=RGB size=600x600 at 0x79C77DE94620>,Female,White,Lace,Long Sleeved,,V-Necks,Vintage Retro,Wedding Dresses,1000974
<PIL.Image.Image image mode=RGB size=600x600 at 0x79C77DE95010>,Female,,Lace,,,,Hollow-Out,Leggings,1000975
<PIL.Image.Image image mode=RGB size=600x600 at 0x79C77DE99490>,Female,,Chiffon,Sleeveless,Leopard And Cheetah,Round Neck,Summer,Casual Dresses,1000977
<PIL.Image.Image image mode=RGB size=400x600 at 0x79C77DE99820>,Neutral,Black Red,Polyester,,,,,Leggings,1000978
<PIL.Image.Image image mode=RGB size=600x600 at 0x79C77DE993D0>,Female,Black,Polyester Spandex,Sleeveless,Ruched,Square Necked,Asymmetric,Dresses,1000980
<PIL.Image.Image image mode=RGB size=450x600 at 0x79C77DE98CB0>,Female,Black,Cotton,Sleeveless,,Round Neck,Bodycon,Casual Dresses,1000982
<PIL.Image.Image image mode=RGB size=600x579 at 0x79C77DE98800>,Female,,Cotton,Short Sleeves,,Round Neck,Tunic,T-Shirts,1000983
<PIL.Image.Image image mode=RGB size=600x600 at 0x79C77DE9A750>,Male,,Leather Velvet,Long Sleeved,Quilted,Collared,Furry,Jackets,1000984
<PIL.Image.Image image mode=RGB size=600x600 at 0x79C77DE9A870>,Female,,Silk,Long Sleeved,Mesh,Round Neck,Pleated,Skirts,1000985
<PIL.Image.Image image mode=RGB size=600x600 at 0x79C77DE9AF60>,Female,White,,Sleeveless,,Off The Shoulder,Bodycon,Dresses,1000986
<PIL.Image.Image image mode=RGB size=600x600 at 0x79C77DE9B170>,Female,Black Red,,,,V-Necks,,Lingerie Sleepwear & Underwear,1000987
<PIL.Image.Image image mode=RGB size=600x600 at 0x79C77DE9B740>,Female,White,Chiffon Lace,Sleeveless,,V-Necks,Spaghetti Straps,,1000988
<PIL.Image.Image image mode=RGB size=600x600 at 0x79C77DE9BBC0>,Female,,,Long Sleeved,,,Bodycon,Dresses,1000989
<PIL.Image.Image image mode=RGB size=600x600 at 0x79C77DE9BA70>,Male,,,Short Sleeves,Floral,Round Neck,Embroidered,Dress Shirts,100099
<PIL.Image.Image image mode=RGB size=587x400 at 0x79C77DE99F40>,Female,Green,Chiffon,Puff Sleeves,Ruffles,Shoulder Drapes,,Blouses,1000990
<PIL.Image.Image image mode=RGB size=600x600 at 0x79C77DE9A060>,Female,Black,Cotton,Short Sleeves,,Round Neck,,Crop Tops,1000991
<PIL.Image.Image image mode=RGB size=471x488 at 0x79C77DE99D30>,Female,,,Sleeveless,,Round Neck,Furry,Tank Tops,1000992
<PIL.Image.Image image mode=RGB size=600x600 at 0x79C77DEA51F0>,Neutral,,Cotton,Long Sleeved,,Backless Dresses,,Blouses,1000993
<PIL.Image.Image image mode=RGB size=398x600 at 0x79C77DEA4E90>,Female,,Tulle,,,,,Lingerie Sleepwear & Underwear,1000997
<PIL.Image.Image image mode=RGB size=598x600 at 0x79C77DEA5430>,Neutral,,Cotton,Short Sleeves,,Off The Shoulder,Summer,Dresses,1000998
<PIL.Image.Image image mode=RGB size=332x353 at 0x79C77DEA58B0>,Female,Blue,Chiffon,Puff Sleeves,,Collared,Peplum,Blouses,1000999
<PIL.Image.Image image mode=RGB size=509x509 at 0x79C77DEA5910>,Female,Purple,Polyester Spandex,Sleeveless,Leopard And Cheetah Sequins,Racerback,Printed,Tank Tops,1001
<PIL.Image.Image image mode=RGB size=600x600 at 0x79C77DEA63C0>,Female,,,Long Sleeved,,Shoulder Drapes,Hollow-Out,Hoodies & Sweatshirts,10010
<PIL.Image.Image image mode=RGB size=497x497 at 0x79C77DEA64B0>,Female,Black Green Red,,Sleeveless,,U-Necks,Bodycon,Dresses,100100
<PIL.Image.Image image mode=RGB size=434x600 at 0x79C77DEA4B00>,Female,Black White,Lace Spandex,Long Sleeved,,V-Necks,,Lingerie Sleepwear & Underwear,1001000
<PIL.Image.Image image mode=RGB size=400x600 at 0x79C77DE9BE90>,Female,White,Polyester,Sleeveless,,Racerback,Printed,Tank Tops,1001001
<PIL.Image.Image image mode=RGB size=600x600 at 0x79C77DE9B1A0>,Female,Black,Polyester,Sleeveless,,Shoulder Drapes,Asymmetric,Dresses,1001002
<PIL.Image.Image image mode=RGB size=600x513 at 0x79C77DE9B9B0>,Female,,Cotton Polyester,Long Sleeved,Ruched,V-Necks,Bodycon,Dresses,1001003
<PIL.Image.Image image mode=RGB size=600x600 at 0x79C77DE98CE0>,Male,Black Blue Purple,Cotton,Long Sleeved,Floral,Collared,,Dress Shirts,1001004
<PIL.Image.Image image mode=RGB size=380x435 at 0x79C77DE992E0>,Female,,Faux Fur Wool,Long Sleeved,,V-Necks,Furry,Trench Coats,1001005
<PIL.Image.Image image mode=RGB size=500x500 at 0x79C77DEA4AD0>,Female,Beige Black Pink Red,,Long Sleeved,Ruffles,,,Trench Coats,1001007
<PIL.Image.Image image mode=RGB size=600x600 at 0x79C77DEA4740>,Female,,,Long Sleeved,Quilted,Collared,,Jackets,1001009
<PIL.Image.Image image mode=RGB size=413x600 at 0x79C77DEA5DF0>,Female,,Lace,Long Sleeved,,Shoulder Drapes,Asymmetric,,100101
<PIL.Image.Image image mode=RGB size=600x600 at 0x79C77DEA77D0>,Female,Black,,,,,Spaghetti Straps,Jumpsuits Overalls & Rompers,1001010
<PIL.Image.Image image mode=RGB size=426x600 at 0x79C77DEA6FC0>,Female,White,Polyester,Sleeveless,Ruched,V-Necks,Hollow-Out,Blouses,1001011
<PIL.Image.Image image mode=RGB size=600x600 at 0x79C77DEA70B0>,Female,,Spandex,,,,Printed,Leggings,1001013
<PIL.Image.Image image mode=RGB size=514x600 at 0x79C77DCB8620>,Female,Black Gray,,Long Sleeved,Geometric,V-Necks,Asymmetric,Cardigans,1001014
<PIL.Image.Image image mode=RGB size=500x500 at 0x79C77DCB89B0>,Male,,,Long Sleeved,,Collared,,Suits & Blazers,1001015
<PIL.Image.Image image mode=RGB size=500x500 at 0x79C77DCB8500>,Female,,Denim Lace,,Crochet Ripped,,,Skinny Jeans,1001016
<PIL.Image.Image image mode=RGB size=600x600 at 0x79C77DCB8E60>,Female,,,Sleeveless,,Round Neck,Pleated,Skirts,1001018
<PIL.Image.Image image mode=RGB size=599x600 at 0x79C77DCB9250>,Female,,Leather Patent,Strapless,,Off The Shoulder,Bodycon,Clubbing Dresses,1001019
<PIL.Image.Image image mode=RGB size=600x600 at 0x79C77DCB9370>,Female,Black Orange,,Long Sleeved,,V-Necks,Pleated,Dresses,100102
<PIL.Image.Image image mode=RGB size=322x321 at 0x79C77DCB9730>,Male,,Wool,Long Sleeved,,Turtlenecks,,Jackets,1001022
<PIL.Image.Image image mode=RGB size=600x600 at 0x79C77DCB9B20>,Female,,Knit,Long Sleeved,Ruffles,,,,1001023
<PIL.Image.Image image mode=RGB size=400x600 at 0x79C77DEA7E30>,Female,,,Long Sleeved,Floral,,,Cardigans,1001024
<PIL.Image.Image image mode=RGB size=587x400 at 0x79C77DCB8080>,Female,Black Blue Pink Purple Red,Satin,,Polka Dot,Square Necked,Pleated,Skirts,1001025
<PIL.Image.Image image mode=RGB size=600x600 at 0x79C77DCBADE0>,Female,Brown,,Long Sleeved,Ruffles,Off The Shoulder,Pleated,Dresses,1001026
<PIL.Image.Image image mode=RGB size=600x600 at 0x79C77DCBAC00>,Female,Black Red,Cotton,Long Sleeved,,Round Neck,Tunic,Casual Dresses,1001027
<PIL.Image.Image image mode=RGB size=600x600 at 0x79C77DCBB2F0>,Female,,,Strapless,Floral Ruffles,Off The Shoulder,Summer,Jumpsuits Overalls & Rompers,1001029
<PIL.Image.Image image mode=RGB size=600x600 at 0x79C77DCBB6B0>,Male,Blue,Cotton Denim Polyester,,Ripped,,,Jeans,1001030
<PIL.Image.Image image mode=RGB size=600x600 at 0x79C77DCBBAD0>,Neutral,,,,,Collared,Embroidered,Jackets,1001032
<PIL.Image.Image image mode=RGB size=600x600 at 0x79C77DCBB980>,Female,Black,Wool,Long Sleeved,,,,Trench Coats,1001033
<PIL.Image.Image image mode=RGB size=600x600 at 0x79C77DCC8590>,Female,,Knit,Long Sleeved,,Off The Shoulder,Furry,Pullover Sweaters,1001034
<PIL.Image.Image image mode=RGB size=600x600 at 0x79C77DCC8980>,Female,Black Blue,Denim,,Ripped,,,Skinny Jeans,1001035
<PIL.Image.Image image mode=RGB size=600x600 at 0x79C77DCBA8A0>,Male,,,Long Sleeved,,Collared,,Hoodies & Sweatshirts,1001037
<PIL.Image.Image image mode=RGB size=600x600 at 0x79C77DCBA060>,Female,,,Sleeveless,,Backless Dresses,Peplum,Blouses,100104
<PIL.Image.Image image mode=RGB size=600x600 at 0x79C77DCBBCE0>,Female,Black Red,,Sleeveless,Mesh,V-Necks,Bodycon,Dresses,1001041
<PIL.Image.Image image mode=RGB size=500x500 at 0x79C77DCBBBC0>,Male,,Cotton,,,,,Harem Pants,1001042
<PIL.Image.Image image mode=RGB size=400x400 at 0x79C77DCBB4A0>,Female,White,,Sleeveless,,Backless Dresses,Spaghetti Straps,Crop Tops,1001043
<PIL.Image.Image image mode=RGB size=600x600 at 0x79C77DEA6F30>,Female,Black Red,Polyester Spandex,,,,,Athletic Pants,1001045
<PIL.Image.Image image mode=RGB size=600x600 at 0x79C77DEA7E90>,Male,Black White Yellow,,Long Sleeved,,Round Neck,,,1001046
<PIL.Image.Image image mode=RGB size=558x600 at 0x79C77DE9B950>,Female,Black White,Chiffon,Short Sleeves,,Round Neck,Printed,,1001047
<PIL.Image.Image image mode=RGB size=587x400 at 0x79C77DCC9400>,Male,,,,Plaid,,,Casual Pants,1001048
<PIL.Image.Image image mode=RGB size=216x439 at 0x79C77DCC9790>,Female,Black White,Lace,Sleeveless,Mesh,Backless Dresses,Hollow-Out,Lingerie Sleepwear & Underwear,1001049
<PIL.Image.Image image mode=RGB size=421x600 at 0x79C77DCC8890>,Female,,Organza,Strapless,Ruffles,Sweetheart Neckline,Beaded,Wedding Dresses,1001050
<PIL.Image.Image image mode=RGB size=554x600 at 0x79C77DCC8A40>,Female,,Polyester,Puff Sleeves,Ruched Ruffles,Off The Shoulder,,,1001051
<PIL.Image.Image image mode=RGB size=600x600 at 0x79C77DCC8920>,Male,,Cotton,Short Sleeves,Galaxy,Round Neck,,T-Shirts,1001053
<PIL.Image.Image image mode=RGB size=354x500 at 0x79C77DCCA060>,Female,Black,Knit,Long Sleeved,,,,Cardigans,1001055
<PIL.Image.Image image mode=RGB size=413x600 at 0x79C77DCCA810>,Female,Black White,,Sleeveless,Sequins,Sweetheart Neckline,Bodycon,Party Dresses,1001056
<PIL.Image.Image image mode=RGB size=587x400 at 0x79C77DCCAC00>,Neutral,,,Sleeveless,,Racerback,Rhinestone Studded,Tank Tops,1001057
<PIL.Image.Image image mode=RGB size=600x600 at 0x79C77DCCAF90>,Female,Green Pink Yellow,,,,,,Yoga Pants,1001058
<PIL.Image.Image image mode=RGB size=600x600 at 0x79C77DCCB320>,Male,Black Blue Orange Red,Polyester,,,,,Athletic Pants,100106
<PIL.Image.Image image mode=RGB size=512x512 at 0x79C77DCCB620>,Female,Pink,Polyester Spandex,Sleeveless,,U-Necks,Printed,Crop Tops,1001060
<PIL.Image.Image image mode=RGB size=589x589 at 0x79C77DCCBAD0>,Male,,,Long Sleeved,,Shoulder Drapes,Vintage Retro,Dress Shirts,1001061
<PIL.Image.Image image mode=RGB size=400x400 at 0x79C77DCC9D90>,Female,,,Long Sleeved,,Round Neck,Vintage Retro,Hoodies & Sweatshirts,1001062
<PIL.Image.Image image mode=RGB size=600x600 at 0x79C77DCC9DF0>,Male,,Cotton,,,,,Drawstring Pants,1001063
<PIL.Image.Image image mode=RGB size=503x503 at 0x79C77DCD4980>,Female,,,Long Sleeved,Fringe Galaxy,U-Necks,Printed,Crop Tops,1001064
<PIL.Image.Image image mode=RGB size=600x600 at 0x79C77DCD4D10>,Female,,,Long Sleeved,,Turtlenecks,,Hoodies & Sweatshirts,1001066
<PIL.Image.Image image mode=RGB size=600x600 at 0x79C77DCD4440>,Neutral,White,Chiffon,Sleeveless,,Off The Shoulder,Summer,Dresses,1001067
<PIL.Image.Image image mode=RGB size=600x502 at 0x79C77DCD4F80>,Female,,Cotton,Short Sleeves,Galaxy,Round Neck,Printed,T-Shirts,1001068
<PIL.Image.Image image mode=RGB size=600x600 at 0x79C77DCD56A0>,Female,,,,,,,,1001069
<PIL.Image.Image image mode=RGB size=600x600 at 0x79C77DCD5A30>,Female,,,Sleeveless,Stripes,Backless Dresses,Spaghetti Straps,Jumpsuits Overalls & Rompers,100107
<PIL.Image.Image image mode=RGB size=600x600 at 0x79C77DCD5D60>,Male,,,Long Sleeved,,V-Necks,,Dress Shirts,1001070
<PIL.Image.Image image mode=RGB size=600x600 at 0x79C77DCD5EE0>,Female,,Lace,Long Sleeved,,Backless Dresses,,,1001071
<PIL.Image.Image image mode=RGB size=600x600 at 0x79C77DCD44D0>,Female,,Polyester Spandex,Sleeveless,,U-Necks,Summer,Casual Dresses,1001073
<PIL.Image.Image image mode=RGB size=600x600 at 0x79C77DCCBC50>,Male,,Cotton,Short Sleeves,,Round Neck,,T-Shirts,1001075
<PIL.Image.Image image mode=RGB size=423x600 at 0x79C77DCCB800>,Female,,Silk,Short Sleeves,Floral,Turtlenecks,Vintage Retro,Kimonos,1001076
<PIL.Image.Image image mode=RGB size=600x600 at 0x79C77DCCA930>,Female,Blue,Chiffon,Strapless,Ruched,Sweetheart Neckline,Rhinestone Studded,Formal Dresses,1001077
<PIL.Image.Image image mode=RGB size=600x600 at 0x79C77DCCAD80>,Female,,Polyester,Short Sleeves,,,,Jerseys,1001078
<PIL.Image.Image image mode=RGB size=600x600 at 0x79C77DCBA150>,Male,Blue,Cotton,Long Sleeved,,Round Neck,Embroidered,,1001079
<PIL.Image.Image image mode=RGB size=600x600 at 0x79C77DCD5B20>,Female,Blue,Polyester,Sleeveless,,V-Necks,Bodycon,,100108
<PIL.Image.Image image mode=RGB size=600x600 at 0x79C77DCD6F90>,Neutral,Black Gray Green Red,Lace,Sleeveless,,V-Necks,Pleated,,1001080
<PIL.Image.Image image mode=RGB size=400x600 at 0x79C77DCD4830>,Neutral,,,,,Round Neck,,Capri Pants,1001081
<PIL.Image.Image image mode=RGB size=600x600 at 0x79C77DCD7440>,Female,,,Long Sleeved,Stripes,V-Necks,Bodycon,Party Dresses,1001083
<PIL.Image.Image image mode=RGB size=600x600 at 0x79C77DCD6090>,Male,,Polyester,,Camouflage,,,Athletic Pants,1001084
<PIL.Image.Image image mode=RGB size=600x600 at 0x79C77DCD6960>,Female,Black Blue Pink,,Long Sleeved,,,Pleated,Robes,1001085
<PIL.Image.Image image mode=RGB size=600x600 at 0x79C77DCD6750>,Female,,Knit Lace,Short Sleeves,Crochet Floral,Round Neck,Peplum,Blouses,1001086
<PIL.Image.Image image mode=RGB size=600x600 at 0x79C77DCE46B0>,Male,,,Long Sleeved,,Turtlenecks,,,1001087
<PIL.Image.Image image mode=RGB size=600x600 at 0x79C77DCE4770>,Female,,Polyester Spandex,,Fringe,,,Bikinis,1001089
<PIL.Image.Image image mode=RGB size=600x600 at 0x79C77DCE4B90>,Female,,Polyester,Sleeveless,Floral,V-Necks,Spaghetti Straps,Beach & Swim Wear,100109
<PIL.Image.Image image mode=RGB size=511x600 at 0x79C77DCE4FB0>,Female,Black White,,Long Sleeved,,Off The Shoulder,Bodycon,Dresses,1001091
<PIL.Image.Image image mode=RGB size=600x600 at 0x79C77DCE5700>,Female,Black,Lace,Long Sleeved,,,Vintage Retro,Dresses,1001092
<PIL.Image.Image image mode=RGB size=600x600 at 0x79C77DCE5850>,Female,,Suede,Long Sleeved,,V-Necks,,Trench Coats,1001093
<PIL.Image.Image image mode=RGB size=600x598 at 0x79C77DCE5C70>,Female,,Lace,Sleeveless,Ruched,V-Necks,Wrap,Prom Dresses,1001094
<PIL.Image.Image image mode=RGB size=600x599 at 0x79C77DCD7CE0>,Neutral,Clear White,,,Floral,Backless Dresses,,,1001097
<PIL.Image.Image image mode=RGB size=600x600 at 0x79C77DCD7DA0>,Female,,,,,,,Casual Shorts,1001098
<PIL.Image.Image image mode=RGB size=399x600 at 0x79C77DCE6960>,Neutral,,Nylon Spandex,,,Backless Dresses,,Bikinis,1001099
<PIL.Image.Image image mode=RGB size=440x440 at 0x79C77DCE6D20>,Female,,Polyester Spandex,,Zebra,,,Swimsuits,10011
<PIL.Image.Image image mode=RGB size=559x600 at 0x79C77DCE70B0>,Female,Black,,Long Sleeved,,Collared,,,100110
<PIL.Image.Image image mode=RGB size=600x600 at 0x79C77DCE7050>,Female,,,Long Sleeved,,Collared,Bodycon,Casual Dresses,1001100
<PIL.Image.Image image mode=RGB size=494x549 at 0x79C77DCE78C0>,Female,,Lace,Long Sleeved,,V-Necks,Peplum,Blouses,1001102
<PIL.Image.Image image mode=RGB size=600x600 at 0x79C77DCE7650>,Female,,Lace,Long Sleeved,,Off The Shoulder,,,1001104
<PIL.Image.Image image mode=RGB size=600x600 at 0x79C77DCE7890>,Female,Blue,,Sleeveless,Fringe,Backless Dresses,Spaghetti Straps,Jumpsuits Overalls & Rompers,1001107
<PIL.Image.Image image mode=RGB size=343x348 at 0x79C77DCEC470>,Female,,Wool,Long Sleeved,,Turtlenecks,,Peacoats,1001108
<PIL.Image.Image image mode=RGB size=587x400 at 0x79C77DCE6510>,Female,Orange Yellow,Polyester Spandex,Strapless,,V-Necks,,Bikinis,1001109
<PIL.Image.Image image mode=RGB size=600x600 at 0x79C77DCE6090>,Female,Black White,,Sleeveless,Polka Dot,Round Neck,Pleated,Casual Dresses,100111
<PIL.Image.Image image mode=RGB size=600x600 at 0x79C77DCE61E0>,Female,Beige Black Blue Pink Purple Red White Yellow,Nylon,,,Round Neck,Vintage Retro,Tutus,1001110
<PIL.Image.Image image mode=RGB size=600x600 at 0x79C77DCE7020>,Female,,Chiffon,Sleeveless,Floral Ruffles,V-Necks,Summer,Dresses,1001111
<PIL.Image.Image image mode=RGB size=600x600 at 0x79C77DCE7710>,Female,,Knit,Long Sleeved,,V-Necks,Peplum,Cardigans,1001113
<PIL.Image.Image image mode=RGB size=600x600 at 0x79C77DCD71A0>,Female,Black Blue,Chiffon,Strapless,Stripes,Off The Shoulder,Summer,Dresses,1001114
<PIL.Image.Image image mode=RGB size=527x600 at 0x79C77DCD7800>,Female,Blue White,Chiffon,Sleeveless,,Round Neck,Hollow-Out,Casual Dresses,1001115
<PIL.Image.Image image mode=RGB size=600x531 at 0x79C77DCC8CB0>,Female,,Polyester,,Floral,,,Kimonos,1001116
<PIL.Image.Image image mode=RGB size=600x600 at 0x79C77DCED2B0>,Female,White,Organza,Long Sleeved,Floral Mesh,Collared,Embroidered,Sheer Tops,1001117
<PIL.Image.Image image mode=RGB size=600x549 at 0x79C77DCED640>,Male,Black Gray,,,,,,Harem Pants,1001118
<PIL.Image.Image image mode=RGB size=600x600 at 0x79C77DCECC80>,Female,,,,Ripped,,,Trousers,1001119
<PIL.Image.Image image mode=RGB size=401x401 at 0x79C77DCECAD0>,Female,Black Red,Knit,Long Sleeved,,,,Capes & Capelets,100112
<PIL.Image.Image image mode=RGB size=600x600 at 0x79C77DCEC6B0>,Female,,,,,,,Yoga Pants,1001120
<PIL.Image.Image image mode=RGB size=600x600 at 0x79C77DCEDD90>,Female,Gray,Knit,Long Sleeved,,Turtlenecks,,,1001122
<PIL.Image.Image image mode=RGB size=600x600 at 0x79C77DCEE210>,Neutral,Purple Red Yellow,Velvet,Long Sleeved,,,,Three Piece Suits,1001123
<PIL.Image.Image image mode=RGB size=400x600 at 0x79C77DCEE840>,Female,,Lace,Long Sleeved,,V-Necks,Bodycon,Pencil Skirts,1001126
<PIL.Image.Image image mode=RGB size=484x484 at 0x79C77DCEEF60>,Female,Pink White,Cotton Polyester Rayon,Sleeveless,Paisley,Racerback,Printed,Tank Tops,1001127
<PIL.Image.Image image mode=RGB size=323x317 at 0x79C77DCEF080>,Female,Blue,Cotton Denim,,,,,Jeans,1001129
<PIL.Image.Image image mode=RGB size=600x600 at 0x79C77DCEF470>,Male,,,,,,,,100113
<PIL.Image.Image image mode=RGB size=476x476 at 0x79C77DCEF800>,Male,Black,,,,,,Athletic Pants,1001131
<PIL.Image.Image image mode=RGB size=600x600 at 0x79C77DCED8B0>,Female,Green,,Short Sleeves,,Off The Shoulder,Bodycon,Dresses,1001132
<PIL.Image.Image image mode=RGB size=585x585 at 0x79C77DCEF650>,Female,Beige Black Gray Red,Knit,Long Sleeved,,Round Neck,Furry,,1001134
<PIL.Image.Image image mode=RGB size=600x599 at 0x79C77DCFC770>,Female,Black White,Chiffon,Short Sleeves,,Round Neck,Peplum,Dresses,1001135
<PIL.Image.Image image mode=RGB size=600x600 at 0x79C77DCFCB30>,Neutral,,,Short Sleeves,Galaxy,Round Neck,,T-Shirts,1001136
<PIL.Image.Image image mode=RGB size=600x600 at 0x79C77DCFC7D0>,Male,,Denim,Short Sleeves,,Round Neck,,Cargo Pants,1001137
<PIL.Image.Image image mode=RGB size=600x600 at 0x79C77DCFD010>,Female,,,Long Sleeved,Zebra,Round Neck,Furry,,100114
<PIL.Image.Image image mode=RGB size=600x600 at 0x79C77DCFD100>,Female,,Cotton,,,,,Maternity,1001140
<PIL.Image.Image image mode=RGB size=600x600 at 0x79C77DCFD6A0>,Female,,Cotton,Short Sleeves,Tie Dye,Off The Shoulder,,Casual Shirts,1001141
<PIL.Image.Image image mode=RGB size=451x451 at 0x79C77DCFDDF0>,Female,Blue Red,,,,,Vintage Retro,Swimsuits,1001142
<PIL.Image.Image image mode=RGB size=600x600 at 0x79C77DCFDF70>,Female,,,Sleeveless,,Off The Shoulder,Spaghetti Straps,Skirts,1001143
<PIL.Image.Image image mode=RGB size=600x600 at 0x79C77DCEFDD0>,Female,White,Denim,,Ripped,,,Skinny Jeans,1001144
<PIL.Image.Image image mode=RGB size=600x600 at 0x79C77DCFE9C0>,Female,Beige,Lace,Sleeveless,,Racerback,,Tank Tops,1001145
<PIL.Image.Image image mode=RGB size=600x600 at 0x79C77DCEFBC0>,Female,,Chiffon,Sleeveless,,V-Necks,Spaghetti Straps,Tank Tops,1001146
<PIL.Image.Image image mode=RGB size=428x429 at 0x79C77DCED910>,Female,,Chiffon Lace,Long Sleeved,,Collared,,Blouses,1001147
<PIL.Image.Image image mode=RGB size=600x597 at 0x79C77DCEE390>,Female,,Polyester,,,,Printed,Shorts,1001148
<PIL.Image.Image image mode=RGB size=600x600 at 0x79C77DCEC710>,Female,,,Sleeveless,,Racerback,,Tank Tops,1001149
<PIL.Image.Image image mode=RGB size=600x600 at 0x79C77DCE7860>,Female,Black White,,Long Sleeved,,Off The Shoulder,Furry,,100115
<PIL.Image.Image image mode=RGB size=600x600 at 0x79C77DCFEB70>,Female,Blue,Polyester,Sleeveless,Polka Dot,,Vintage Retro,Cocktail Dresses,1001150
<PIL.Image.Image image mode=RGB size=600x600 at 0x79C77DCFC830>,Female,,,Long Sleeved,,Round Neck,Asymmetric,Casual Dresses,1001151
<PIL.Image.Image image mode=RGB size=600x600 at 0x79C77DCFD580>,Female,Black Green Orange Pink Purple Red White Yellow,Polyester,Sleeveless,,V-Necks,Spaghetti Straps,Jumpsuits Overalls & Rompers,1001153
<PIL.Image.Image image mode=RGB size=600x600 at 0x79C77DCFE870>,Neutral,Blue,,Sleeveless,Floral Ruffles,Off The Shoulder,,Skirts,1001154
<PIL.Image.Image image mode=RGB size=600x600 at 0x79C77DCFE2D0>,Female,Blue Pink Purple Red,Lace,Sleeveless,,V-Necks,Spaghetti Straps,Nightgowns,1001156
<PIL.Image.Image image mode=RGB size=437x600 at 0x79C77DCFFAA0>,Female,,Lace Tulle,Strapless,Ruffles,Sweetheart Neckline,,Wedding Dresses,1001157
<PIL.Image.Image image mode=RGB size=600x600 at 0x79C77DCFFA40>,Female,,Polyester Spandex,Sleeveless,,Round Neck,Pleated,Casual Dresses,1001158
<PIL.Image.Image image mode=RGB size=600x600 at 0x79C77DD0C560>,Neutral,White,,Long Sleeved,,Collared,Pleated,Dresses,100116
<PIL.Image.Image image mode=RGB size=600x600 at 0x79C77DD0C9B0>,Female,,Chiffon Lace,Long Sleeved,Ruffles,Round Neck,Pleated,Blouses,1001161
<PIL.Image.Image image mode=RGB size=600x600 at 0x79C77DD0CB30>,Female,Black Blue Pink,Polyester Spandex,Short Sleeves,,Round Neck,Tunic,Dresses,1001164
<PIL.Image.Image image mode=RGB size=416x417 at 0x79C77DD0CEC0>,Female,,,,,,,Athletic Shorts,1001165
<PIL.Image.Image image mode=RGB size=600x600 at 0x79C77DD0CEF0>,Female,,Spandex,,,,,Athletic Sets,1001166
<PIL.Image.Image image mode=RGB size=600x600 at 0x79C77DD0D190>,Male,,Cotton,Long Sleeved,,Collared,,Suits & Blazers,1001169
<PIL.Image.Image image mode=RGB size=600x600 at 0x79C77DCFF260>,Neutral,Black,,,,,,Corsets,100117
<PIL.Image.Image image mode=RGB size=600x600 at 0x79C77DCFF830>,Female,Black Blue,Knit,Long Sleeved,,V-Necks,,Cardigans,1001171
<PIL.Image.Image image mode=RGB size=600x600 at 0x79C77DD0E4E0>,Female,Silver,,Strapless,,Sweetheart Neckline,Bodycon,Party Dresses,1001172
<PIL.Image.Image image mode=RGB size=600x600 at 0x79C77DD0E870>,Male,,,Long Sleeved,,Round Neck,,Trench Coats,1001174
<PIL.Image.Image image mode=RGB size=600x600 at 0x79C77DD0E9F0>,Female,,Polyester,,Galaxy Paisley,,Pleated,Skirts,1001176
<PIL.Image.Image image mode=RGB size=424x600 at 0x79C77DD0EFF0>,Female,,,Sleeveless,,Square Necked,Bodycon,Clubbing Dresses,1001177
<PIL.Image.Image image mode=RGB size=600x600 at 0x79C77DD0E930>,Female,,Chiffon,Puff Sleeves,,Round Neck,,Dresses,1001178
<PIL.Image.Image image mode=RGB size=600x600 at 0x79C77DD0F200>,Male,Black Blue Red,Cotton,Short Sleeves,,Collared,,Polos,1001179
<PIL.Image.Image image mode=RGB size=600x600 at 0x79C77DD0F860>,Female,,Chiffon Lace,Sleeveless,Floral,V-Necks,Pleated,Party Dresses,100118
<PIL.Image.Image image mode=RGB size=399x600 at 0x79C77DD0FA10>,Female,,Lace,,,Sweetheart Neckline,Spaghetti Straps,Corsets,1001182
<PIL.Image.Image image mode=RGB size=493x500 at 0x79C77DD0D4C0>,Female,Multi Color,Polyester Spandex,,,,,Bikinis,1001183
<PIL.Image.Image image mode=RGB size=600x600 at 0x79C77DD0D7F0>,Female,,Polyester Rayon Satin,Sleeveless,,Racerback,,Tank Tops,1001186
<PIL.Image.Image image mode=RGB size=600x600 at 0x79C77DD0D910>,Male,,,Long Sleeved,,Collared,,Suits & Blazers,1001187
<PIL.Image.Image image mode=RGB size=484x484 at 0x79C77DD0F230>,Neutral,,,Long Sleeved,,V-Necks,Printed,T-Shirts,1001188
<PIL.Image.Image image mode=RGB size=600x600 at 0x79C77DD0F620>,Male,Black Blue Gray Red,Cotton,,,,,Drawstring Pants,1001189
<PIL.Image.Image image mode=RGB size=600x600 at 0x79C77DCFFBC0>,Male,,Cotton,Short Sleeves,,Round Neck,,T-Shirts,100119
<PIL.Image.Image image mode=RGB size=600x600 at 0x79C77DCFEE10>,Male,Black Green,Fleece,,Camouflage,,,Cargo Pants,1001190
<PIL.Image.Image image mode=RGB size=600x600 at 0x79C77DE6FB00>,Female,,,,,,Pleated,Skirts,1001191
<PIL.Image.Image image mode=RGB size=600x600 at 0x79C77DCFE030>,Female,Black Gray Pink White,Knit,Sleeveless,,,,Tank Tops,1001192
<PIL.Image.Image image mode=RGB size=600x600 at 0x79C77DCE71D0>,Female,Yellow,Spandex,Sleeveless,,Round Neck,Bodycon,Clubbing Dresses,1001193
<PIL.Image.Image image mode=RGB size=600x600 at 0x79C77DD14590>,Female,Black Red White,Polyester,Sleeveless,,Backless Dresses,Spaghetti Straps,Tank Tops,1001194
<PIL.Image.Image image mode=RGB size=600x600 at 0x79C77DCEEE70>,Female,Black Gray Green,,Long Sleeved,,V-Necks,Wrap,Casual Dresses,1001195
<PIL.Image.Image image mode=RGB size=577x577 at 0x79C77DD158B0>,Male,Black Blue Green Purple Red White,Cotton,Long Sleeved,,Collared,,Dress Shirts,1001196
<PIL.Image.Image image mode=RGB size=600x600 at 0x79C77DD15B80>,Female,White,Lace Tulle,Strapless,Sequins,Sweetheart Neckline,Rhinestone Studded,Wedding Dresses,1001197
<PIL.Image.Image image mode=RGB size=600x600 at 0x79C77DD15EE0>,Neutral,,Cashmere,Sleeveless,,Off The Shoulder,Bodycon,Dresses,1001198
<PIL.Image.Image image mode=RGB size=600x600 at 0x79C77DD16210>,Male,Black Green,Cotton,,Camouflage,,,Jackets,1001199
<PIL.Image.Image image mode=RGB size=600x600 at 0x79C77DD16540>,Female,,Polyester Spandex,,Galaxy,Racerback,Printed,Tank Tops,10012
<PIL.Image.Image image mode=RGB size=600x600 at 0x79C77DD16840>,Female,,,Long Sleeved,,Off The Shoulder,Bodycon,Dresses,100120
<PIL.Image.Image image mode=RGB size=600x600 at 0x79C77DD16B70>,Female,Green,Cotton,Short Sleeves,,Round Neck,,Fashion Sets,1001200
<PIL.Image.Image image mode=RGB size=587x400 at 0x79C77DD16E70>,Female,Blue Pink Purple Red Yellow,,,Sequins,,,Dance Wear,1001201
<PIL.Image.Image image mode=RGB size=600x600 at 0x79C77DD14E00>,Neutral,Black,,Sleeveless,Floral Galaxy,Racerback,Spaghetti Straps,Vests,1001202
<PIL.Image.Image image mode=RGB size=600x600 at 0x79C77DD14FE0>,Female,,Cotton Polyester,Long Sleeved,,Round Neck,Printed,Dresses,1001203
<PIL.Image.Image image mode=RGB size=600x600 at 0x79C77DD17830>,Female,Black Blue Gray Red White,,Long Sleeved,,Off The Shoulder,,,1001204
<PIL.Image.Image image mode=RGB size=600x600 at 0x79C77DD17B60>,Male,Black Blue,Cotton,Long Sleeved,,Collared,,Jackets,1001205
<PIL.Image.Image image mode=RGB size=523x600 at 0x79C77DD17EC0>,Female,Red,Wool,Long Sleeved,,Turtlenecks,Furry,Peacoats,1001206
<PIL.Image.Image image mode=RGB size=600x600 at 0x79C77DD17C80>,Female,Black Gray White,,Sleeveless,,Backless Dresses,Spaghetti Straps,Tank Tops,1001207
<PIL.Image.Image image mode=RGB size=600x600 at 0x79C77DD150D0>,Neutral,,,Long Sleeved,,Round Neck,Pleated,Dresses,1001208
<PIL.Image.Image image mode=RGB size=600x600 at 0x79C77DD16870>,Female,,Knit,Long Sleeved,,V-Necks,,Cardigans,1001209
<PIL.Image.Image image mode=RGB size=401x600 at 0x79C77DD28B60>,Female,,Nylon Spandex,,,,Printed,Leggings,100121
<PIL.Image.Image image mode=RGB size=449x600 at 0x79C77DD28E60>,Female,,Polyester Spandex,Sleeveless,,,Bodycon,Clubbing Dresses,1001210
<PIL.Image.Image image mode=RGB size=398x600 at 0x79C77DD16E10>,Female,Black Orange White,Lace,Sleeveless,Crochet,Round Neck,Embroidered,Crop Tops,1001211
<PIL.Image.Image image mode=RGB size=600x600 at 0x79C77DD170B0>,Female,,Knit,Long Sleeved,,V-Necks,Furry,,1001212
<PIL.Image.Image image mode=RGB size=600x600 at 0x79C77DD16C90>,Female,,Lace Satin,Sleeveless,Mesh,V-Necks,Spaghetti Straps,Nightgowns,1001214
<PIL.Image.Image image mode=RGB size=585x585 at 0x79C77DD16F90>,Female,Blue,,,,,,Shorts,1001217
<PIL.Image.Image image mode=RGB size=598x600 at 0x79C77DD29E50>,Female,Black,Nylon,,,,,Leggings,1001218
<PIL.Image.Image image mode=RGB size=600x600 at 0x79C77DD2A180>,Female,,,Sleeveless,Mesh,Round Neck,Bodycon,Clubbing Dresses,1001219
<PIL.Image.Image image mode=RGB size=600x600 at 0x79C77DD2A480>,Female,,,Sleeveless,,Round Neck,Bodycon,Party Dresses,1001220
<PIL.Image.Image image mode=RGB size=600x600 at 0x79C77DD17D40>,Male,,Cotton,,Camouflage,,,Cargo Shorts,1001221
<PIL.Image.Image image mode=RGB size=587x400 at 0x79C77DD16A50>,Female,White,Denim,,Ripped,,,Skinny Jeans,1001224
<PIL.Image.Image image mode=RGB size=468x478 at 0x79C77DD15E50>,Male,,,,,,,Drawstring Pants,1001225
<PIL.Image.Image image mode=RGB size=600x600 at 0x79C77DD177A0>,Female,Black Blue Red White,Polyester,Long Sleeved,,Collared,,Skirts,1001227
<PIL.Image.Image image mode=RGB size=600x600 at 0x79C77DD162D0>,Female,,Polyester,Long Sleeved,,Turtlenecks,Bodycon,Dresses,1001228
<PIL.Image.Image image mode=RGB size=378x374 at 0x79C77DD28EC0>,Neutral,,Fleece,Long Sleeved,Zebra,Round Neck,Furry,Pajamas,1001231
<PIL.Image.Image image mode=RGB size=600x584 at 0x79C77DD296D0>,Neutral,,,,,,Printed,Trousers,1001232
<PIL.Image.Image image mode=RGB size=600x600 at 0x79C77DD29C10>,Female,,,,,,Vintage Retro,,1001233
<PIL.Image.Image image mode=RGB size=600x600 at 0x79C77DD2A870>,Female,Black Green,,Long Sleeved,Ruched,Off The Shoulder,Pleated,Party Dresses,1001237
<PIL.Image.Image image mode=RGB size=600x600 at 0x79C77DD2AB70>,Female,,,Sleeveless,,Sweetheart Neckline,Bodycon,Formal Dresses,1001238
<PIL.Image.Image image mode=RGB size=600x600 at 0x79C77DD2AED0>,Female,Black Green Red,,,,V-Necks,Pleated,Dresses,1001239
<PIL.Image.Image image mode=RGB size=600x600 at 0x79C77DD2B260>,Male,Gray White,Cotton,Short Sleeves,,Round Neck,,T-Shirts,100124
<PIL.Image.Image image mode=RGB size=600x600 at 0x79C77DD2B5F0>,Female,Pink,,Long Sleeved,Sequins,Backless Dresses,Tunic,Blouses,1001240
<PIL.Image.Image image mode=RGB size=600x600 at 0x79C77DCFFFE0>,Male,Black Gray Green Yellow,Fleece,,Camouflage,,,Trousers,1001241
<PIL.Image.Image image mode=RGB size=600x600 at 0x79C77DD15DC0>,Female,,Knit,Long Sleeved,,Turtlenecks,Furry,,1001242
<PIL.Image.Image image mode=RGB size=600x600 at 0x79C77DD2BFE0>,Female,Blue Green,Wool,Long Sleeved,,,,Peacoats,1001243
<PIL.Image.Image image mode=RGB size=600x600 at 0x79C77DD0EE70>,Female,,Lace,,Mesh,,,Lingerie Sleepwear & Underwear,1001244
<PIL.Image.Image image mode=RGB size=354x354 at 0x79C77DD16720>,Male,,Cotton,Long Sleeved,,Round Neck,Printed,,1001245
<PIL.Image.Image image mode=RGB size=416x409 at 0x79C77DD3C9E0>,Female,,Cotton Silk,Long Sleeved,Stripes,Round Neck,Tunic,Skirts,1001247
<PIL.Image.Image image mode=RGB size=600x600 at 0x79C77DD3CCB0>,Female,Black Blue Green Red,Cotton Faux Fur,Long Sleeved,Quilted,Turtlenecks,Furry,Bubble Coats,1001248
<PIL.Image.Image image mode=RGB size=600x600 at 0x79C77DD3D070>,Female,,Denim,Short Sleeves,Ripped,,Pleated,Skirts,100125
<PIL.Image.Image image mode=RGB size=249x276 at 0x79C77DD3D3D0>,Female,Green,,Long Sleeved,,Shoulder Drapes,Wrap,Blouses,1001250
<PIL.Image.Image image mode=RGB size=600x600 at 0x79C77DD3D730>,Female,,Denim,,,,Pleated,Shorts,1001251
<PIL.Image.Image image mode=RGB size=600x600 at 0x79C77DD2B8F0>,Male,Black,Linen,,,,Vintage Retro,Cardigans,1001252
<PIL.Image.Image image mode=RGB size=600x600 at 0x79C77DD2B6B0>,Female,,,Short Sleeves,,V-Necks,Peplum,Casual Shirts,1001255
<PIL.Image.Image image mode=RGB size=587x400 at 0x79C77DD2B890>,Female,,Cotton Polyester Spandex,Strapless,Leopard And Cheetah,Sweetheart Neckline,Bodycon,Dresses,1001257
<PIL.Image.Image image mode=RGB size=395x399 at 0x79C77DD2A5D0>,Female,White,Cotton,Sleeveless,,Round Neck,Embroidered,Dresses,1001258
<PIL.Image.Image image mode=RGB size=600x600 at 0x79C77DD3E690>,Female,,,Short Sleeves,,Off The Shoulder,Tunic,Blouses,1001259
<PIL.Image.Image image mode=RGB size=600x600 at 0x79C77DD3E990>,Female,Black Red Yellow,,Long Sleeved,Ruffles,,,Suits & Blazers,100126
<PIL.Image.Image image mode=RGB size=600x600 at 0x79C77DD3ECF0>,Female,Beige Black,,,Sequins,,Hollow-Out,Dresses,1001260
<PIL.Image.Image image mode=RGB size=470x600 at 0x79C77DD3EF90>,Female,Red,Cotton Polyester,Sleeveless,Stripes,Sweetheart Neckline,Bodycon,Dresses,1001261
<PIL.Image.Image image mode=RGB size=600x600 at 0x79C77DD3F290>,Female,,,,,,,Harem Pants,1001263
<PIL.Image.Image image mode=RGB size=600x600 at 0x79C77DD3F5C0>,Female,Pink,Polyester,Long Sleeved,,Round Neck,Asymmetric,Dresses,1001264
<PIL.Image.Image image mode=RGB size=600x600 at 0x79C77DD3D940>,Female,Black Pink Red White,Lace,,Mesh,,,Thigh Highs,1001265
<PIL.Image.Image image mode=RGB size=487x487 at 0x79C77DD3D010>,Female,,Knit,Long Sleeved,,Round Neck,,Dresses,1001266
<PIL.Image.Image image mode=RGB size=600x600 at 0x79C77DD3D490>,Female,Pink,Cotton,Strapless,Ruffles,Off The Shoulder,Summer,Dresses,1001267
<PIL.Image.Image image mode=RGB size=600x600 at 0x79C77DD3DD90>,Female,,,Sleeveless,,Off The Shoulder,Asymmetric,Dresses,1001268
<PIL.Image.Image image mode=RGB size=600x600 at 0x79C77DD3E270>,Female,Black Red White,,Long Sleeved,,Round Neck,Tunic,Casual Dresses,1001269
<PIL.Image.Image image mode=RGB size=600x600 at 0x79C77DD3DC40>,Female,,Spandex,,,,,"Hosiery, Stockings, Tights",1001270
<PIL.Image.Image image mode=RGB size=375x600 at 0x79C77DD3F200>,Female,Black Red,Lace,Sleeveless,,V-Necks,Bodycon,Dresses,1001271
<PIL.Image.Image image mode=RGB size=600x600 at 0x79C77DD3E150>,Male,Black Blue,,Short Sleeves,,Round Neck,,Jerseys,1001272
<PIL.Image.Image image mode=RGB size=500x500 at 0x79C77DD2BAD0>,Male,,Cotton,Short Sleeves,Checkered,V-Necks,Printed,Dress Shirts,1001275
<PIL.Image.Image image mode=RGB size=600x600 at 0x79C77DD2AD50>,Female,Black Blue Red,Polyester,Long Sleeved,,Collared,,Jackets,1001276
<PIL.Image.Image image mode=RGB size=500x500 at 0x79C77DD3F440>,Female,Black Blue Purple Red,Cotton Polyester,Long Sleeved,,Round Neck,Bodycon,Casual Dresses,1001277
<PIL.Image.Image image mode=RGB size=600x600 at 0x79C77DD3FBC0>,Female,White,,Sleeveless,,Off The Shoulder,Spaghetti Straps,Dresses,1001278
<PIL.Image.Image image mode=RGB size=600x600 at 0x79C77DD2AC60>,Female,Black Red White Yellow,Chiffon,Sleeveless,,Round Neck,Summer,Blouses,1001279
<PIL.Image.Image image mode=RGB size=600x600 at 0x79C77DD3F6B0>,Neutral,Black Blue Pink Red,Chiffon,Sleeveless,,Shoulder Drapes,Hollow-Out,,1001280
<PIL.Image.Image image mode=RGB size=600x600 at 0x79C77DD48B90>,Female,,,Sleeveless,,Sweetheart Neckline,Bodycon,Dresses,1001281
<PIL.Image.Image image mode=RGB size=600x600 at 0x79C77DD48EF0>,Male,,Cotton,Short Sleeves,,Collared,Printed,Polos,1001282
<PIL.Image.Image image mode=RGB size=600x600 at 0x79C77DD491F0>,Neutral,Black Blue Green Pink,Nylon,Sleeveless,,,,Athletic Shorts,1001284
<PIL.Image.Image image mode=RGB size=600x600 at 0x79C77DD494F0>,Female,,,,,,Furry,Capes & Capelets,1001285
<PIL.Image.Image image mode=RGB size=492x369 at 0x79C77DD497F0>,Female,,,,,,Rhinestone Studded,Dresses,1001286
<PIL.Image.Image image mode=RGB size=600x600 at 0x79C77DD49AF0>,Female,Black Red,Polyester,Long Sleeved,,Off The Shoulder,Asymmetric,Dresses,1001287
<PIL.Image.Image image mode=RGB size=600x600 at 0x79C77DD17F50>,Male,,,Long Sleeved,,Collared,,Jackets,1001288
<PIL.Image.Image image mode=RGB size=600x600 at 0x79C77DCCBA10>,Female,Beige Blue Green,,,,,,Pajamas,1001289
<PIL.Image.Image image mode=RGB size=390x520 at 0x79C77DD0DE80>,Female,Black Pink Red Yellow,Wool,Long Sleeved,,V-Necks,Furry,Trench Coats,100129
<PIL.Image.Image image mode=RGB size=600x600 at 0x79C77DD4A750>,Female,Black Red White,,Short Sleeves,,Off The Shoulder,Pleated,,1001290
<PIL.Image.Image image mode=RGB size=386x386 at 0x79C77DD4AA50>,Female,,,Long Sleeved,,Shoulder Drapes,Vintage Retro,Dresses,1001293
<PIL.Image.Image image mode=RGB size=600x600 at 0x79C77DD4ADB0>,Female,,Polyester,Sleeveless,Hearts,Racerback,,Vests,1001294
<PIL.Image.Image image mode=RGB size=600x600 at 0x79C77DD4B0B0>,Male,,Wool,Long Sleeved,,Collared,,,1001295
<PIL.Image.Image image mode=RGB size=600x600 at 0x79C77DD4B410>,Female,Yellow,,Sleeveless,,Off The Shoulder,Bodycon,Dresses,1001296
<PIL.Image.Image image mode=RGB size=430x600 at 0x79C77DD4B770>,Female,Yellow,Chiffon,Short Sleeves,Mesh Stripes,Round Neck,,Casual Shirts,1001299
<PIL.Image.Image image mode=RGB size=600x600 at 0x79C77DD4BAA0>,Female,Black Blue Red,Chiffon,Long Sleeved,,Round Neck,Printed,,10013
<PIL.Image.Image image mode=RGB size=533x600 at 0x79C77DD49D90>,Male,,,,,,,Swim Trunks,1001300
<PIL.Image.Image image mode=RGB size=600x600 at 0x79C77DD4A150>,Female,,Wool,Long Sleeved,,Round Neck,Furry,,1001301
<PIL.Image.Image image mode=RGB size=600x600 at 0x79C77DD49910>,Female,Black Red White,Polyester,,Stripes,,,Swimsuits,1001302
<PIL.Image.Image image mode=RGB size=572x570 at 0x79C77DD49DC0>,Female,Blue,Cotton,Sleeveless,Ruched,V-Necks,Summer,,1001303
<PIL.Image.Image image mode=RGB size=400x362 at 0x79C77DD58C80>,Female,,Knit,,,,,Thigh Highs,1001304
<PIL.Image.Image image mode=RGB size=401x399 at 0x79C77DD58FB0>,Female,Black,Lace,Long Sleeved,Mesh,Round Neck,Pleated,Cocktail Dresses,1001306
<PIL.Image.Image image mode=RGB size=500x500 at 0x79C77DD59310>,Female,Green Red,Lace,Long Sleeved,,Round Neck,Pleated,Party Dresses,1001307
<PIL.Image.Image image mode=RGB size=600x600 at 0x79C77DD596A0>,Female,Black Blue Orange Pink Red Yellow,Lace,Short Sleeves,Crochet,,Pleated,Dresses,1001309
<PIL.Image.Image image mode=RGB size=400x600 at 0x79C77DD59A00>,Female,Blue,,Sleeveless,,Round Neck,Bodycon,Dresses,1001310
<PIL.Image.Image image mode=RGB size=381x526 at 0x79C77DD160F0>,Female,,Denim,,Ripped,,,Skinny Jeans,1001311
<PIL.Image.Image image mode=RGB size=600x600 at 0x79C77DD4B890>,Neutral,,Spandex,,,,,Leggings,1001313
<PIL.Image.Image image mode=RGB size=600x600 at 0x79C77DD48710>,Female,,Cashmere Knit,Long Sleeved,Fringe,Round Neck,,Capes & Capelets,1001316
<PIL.Image.Image image mode=RGB size=600x600 at 0x79C77DD2BB00>,Female,Black,,,,,Pleated,Skirts,1001318
<PIL.Image.Image image mode=RGB size=600x600 at 0x79C77DD4A8D0>,Female,,Denim,,Ripped,,,Jeans,100132
<PIL.Image.Image image mode=RGB size=438x600 at 0x79C77DD3D4F0>,Female,Black,,Sleeveless,Ruched,Shoulder Drapes,Peplum,,1001320
<PIL.Image.Image image mode=RGB size=437x600 at 0x79C77DD3CE90>,Neutral,,,Short Sleeves,,Round Neck,Vintage Retro,T-Shirts,1001322
<PIL.Image.Image image mode=RGB size=600x600 at 0x79C77DD4B9B0>,Female,,Lace,Sleeveless,,V-Necks,Bodycon,Dresses,1001323
<PIL.Image.Image image mode=RGB size=600x600 at 0x79C77DD59D90>,Male,,,,,,,Sweatpants,1001325
<PIL.Image.Image image mode=RGB size=600x600 at 0x79C77DD589E0>,Female,Blue Orange Red Yellow,Wool,Long Sleeved,Quilted,,Furry,Jackets,1001327
<PIL.Image.Image image mode=RGB size=519x421 at 0x79C77DD5A150>,Female,Black Orange,,Short Sleeves,,Round Neck,,Batwing Tops,1001329
<PIL.Image.Image image mode=RGB size=600x600 at 0x79C77DD4B1D0>,Male,,,Long Sleeved,,Round Neck,Peplum,Costumes & Cosplay,1001330
<PIL.Image.Image image mode=RGB size=587x600 at 0x79C77DD4A870>,Male,,Twill,,Camouflage,,,Cargo Shorts,1001331
<PIL.Image.Image image mode=RGB size=468x600 at 0x79C77DD4A300>,Female,,Polyester,Strapless,,Sweetheart Neckline,Bodycon,Clubbing Dresses,1001332
<PIL.Image.Image image mode=RGB size=600x600 at 0x79C77DD4B020>,Female,Black Blue Purple Red,Lace,,Mesh,,Spaghetti Straps,Nightgowns,1001334
<PIL.Image.Image image mode=RGB size=600x600 at 0x79C77DD5B020>,Female,,Spandex,Long Sleeved,,Off The Shoulder,Spaghetti Straps,Blouses,1001335
<PIL.Image.Image image mode=RGB size=600x585 at 0x79C77DD5B2F0>,Male,,,Long Sleeved,,Collared,,,1001336
<PIL.Image.Image image mode=RGB size=600x462 at 0x79C77DD5B680>,Female,,,Sleeveless,,V-Necks,Summer,Dresses,1001337
<PIL.Image.Image image mode=RGB size=600x600 at 0x79C77DD5B9B0>,Female,Pink,Lace,Sleeveless,,Backless Dresses,,,1001339
<PIL.Image.Image image mode=RGB size=600x600 at 0x79C77DD5BCB0>,Female,Black,Nylon Polyester Spandex,,,,,Swimsuits,1001340
<PIL.Image.Image image mode=RGB size=600x600 at 0x79C77DD5BE00>,Female,Black White,Cotton Polyester,,,Sweetheart Neckline,Bodycon,Corsets,1001341
<PIL.Image.Image image mode=RGB size=511x511 at 0x79C77DD5A4B0>,Female,,Linen,Long Sleeved,,Collared,Reversible,Jackets,1001342
<PIL.Image.Image image mode=RGB size=600x600 at 0x79C77DD5A180>,Female,,,Short Sleeves,,Round Neck,,T-Shirts,1001343
<PIL.Image.Image image mode=RGB size=594x600 at 0x79C77DD5A450>,Female,Multi Color,Chiffon,Sleeveless,,V-Necks,Printed,Casual Dresses,1001344
<PIL.Image.Image image mode=RGB size=600x600 at 0x79C77DD59DC0>,Female,Black,Polyester Spandex,,,,Printed,Leggings,1001345
<PIL.Image.Image image mode=RGB size=600x600 at 0x79C77DD6CF80>,Female,,Chiffon,Long Sleeved,,Off The Shoulder,,,1001346
<PIL.Image.Image image mode=RGB size=600x600 at 0x79C77DD6D310>,Female,Black,Spandex,Sleeveless,,V-Necks,Bodycon,Clubbing Dresses,1001347
<PIL.Image.Image image mode=RGB size=600x600 at 0x79C77DD6D640>,Female,,Faux Fur,,Quilted,,,Capes & Capelets,1001348
<PIL.Image.Image image mode=RGB size=475x600 at 0x79C77DD6D940>,Female,,Lace,Sleeveless,Crochet Mesh,,,Swimsuit Cover-ups,1001349
<PIL.Image.Image image mode=RGB size=391x597 at 0x79C77DD6DCA0>,Male,,,Long Sleeved,,Collared,Furry,Jackets,100135
<PIL.Image.Image image mode=RGB size=600x370 at 0x79C77DD6DFA0>,Female,,Faux Fur,,,,,Jackets,1001350
<PIL.Image.Image image mode=RGB size=600x600 at 0x79C77DD6C500>,Neutral,Black Gray,,,,,,Casual Shoes,1001351
<PIL.Image.Image image mode=RGB size=600x600 at 0x79C77DD5B6B0>,Female,,Lace,Sleeveless,Crochet,Off The Shoulder,Embroidered,Crop Tops,1001352
<PIL.Image.Image image mode=RGB size=600x600 at 0x79C77DD6E810>,Male,,,,,,,Casual Shorts,1001353
<PIL.Image.Image image mode=RGB size=600x600 at 0x79C77DD6EB10>,Neutral,,Polyester,Long Sleeved,,V-Necks,,Kimonos,1001355
<PIL.Image.Image image mode=RGB size=600x600 at 0x79C77DD6EE40>,Female,Green,,,Floral Ruffles,Off The Shoulder,,Swimsuits,1001358
<PIL.Image.Image image mode=RGB size=600x600 at 0x79C79FFF7680>,Female,,,Long Sleeved,,V-Necks,Pleated,Dresses,1001359
<PIL.Image.Image image mode=RGB size=600x600 at 0x79C77DD5B830>,Female,,Polyester Spandex,Short Sleeves,Geometric,Off The Shoulder,Bodycon,Dresses,100136
<PIL.Image.Image image mode=RGB size=600x600 at 0x79C77DD5BFE0>,Female,,,,Floral,,Pleated,Skirts,1001360
<PIL.Image.Image image mode=RGB size=600x600 at 0x79C77DE63860>,Female,Green Pink Red,,Sleeveless,,Off The Shoulder,Pleated,Skirts,1001361
<PIL.Image.Image image mode=RGB size=600x517 at 0x79C77DD5B1A0>,Female,,,,,,,Yoga Pants,1001362
<PIL.Image.Image image mode=RGB size=600x600 at 0x79C77DD3D790>,Female,,,Sleeveless,,V-Necks,Vintage Retro,Casual Dresses,1001363
<PIL.Image.Image image mode=RGB size=600x600 at 0x79C77DD6DFD0>,Female,Blue,Polyester,Long Sleeved,,V-Necks,Wrap,Casual Dresses,1001364
<PIL.Image.Image image mode=RGB size=600x600 at 0x79C77DD6F260>,Male,Black Blue,,Long Sleeved,,Round Neck,,Athletic Sets,1001366
<PIL.Image.Image image mode=RGB size=566x566 at 0x79C77DD6DA90>,Male,,,Short Sleeves,,Collared,Printed,Polos,1001367
<PIL.Image.Image image mode=RGB size=600x600 at 0x79C77DD6F3E0>,Female,White,Chiffon Lace,,Crochet,,Hollow-Out,Swimsuit Cover-ups,1001369
<PIL.Image.Image image mode=RGB size=600x600 at 0x79C77DD6F680>,Male,,Nylon Polyester,,,,,Trousers,1001370
<PIL.Image.Image image mode=RGB size=400x600 at 0x79C77DD6F9E0>,Female,,Knit,Long Sleeved,,V-Necks,Printed,Cardigans,1001373
<PIL.Image.Image image mode=RGB size=279x600 at 0x79C77DD6FCE0>,Male,,Cotton,,,,,,1001374
<PIL.Image.Image image mode=RGB size=600x600 at 0x79C77DD6F980>,Female,White,Polyester Spandex,Long Sleeved,,V-Necks,Bodycon,Dresses,1001376
<PIL.Image.Image image mode=RGB size=600x600 at 0x79C77DD6FA40>,Female,Gray,Wool,Long Sleeved,,,Pleated,Skirts,1001377
<PIL.Image.Image image mode=RGB size=400x400 at 0x79C77DD48DA0>,Female,,Denim,,,,,Skinny Jeans,1001379
<PIL.Image.Image image mode=RGB size=585x585 at 0x79C77DD6EE10>,Female,Beige Black Blue Green Pink Purple Red,Chiffon,Sleeveless,Ruffles,Round Neck,Pleated,Casual Dresses,100138
<PIL.Image.Image image mode=RGB size=600x600 at 0x79C77DD6F860>,Female,White,Lace,Sleeveless,,Sweetheart Neckline,Bodycon,Formal Dresses,1001380
<PIL.Image.Image image mode=RGB size=599x600 at 0x79C77DD29550>,Female,Black White,Cotton,Short Sleeves,,Round Neck,Bodycon,Casual Dresses,1001381
<PIL.Image.Image image mode=RGB size=600x600 at 0x79C77DD6ED50>,Female,White,Lace,Sleeveless,,V-Necks,Summer,Party Dresses,1001382
<PIL.Image.Image image mode=RGB size=400x600 at 0x79C77DD817C0>,Female,White,,Sleeveless,,Backless Dresses,Embroidered,Crop Tops,1001383
<PIL.Image.Image image mode=RGB size=600x598 at 0x79C77DD81B20>,Female,,Chiffon,Sleeveless,Polka Dot,Round Neck,Peplum,Blouses,1001384
<PIL.Image.Image image mode=RGB size=600x600 at 0x79C77DD81E50>,Female,Pink,,Sleeveless,,Backless Dresses,,Tank Tops,1001385
<PIL.Image.Image image mode=RGB size=450x600 at 0x79C77DD82180>,Male,,Cotton,,Leopard And Cheetah,,Printed,Casual Pants,1001388
<PIL.Image.Image image mode=RGB size=600x600 at 0x79C77DD824B0>,Female,Gray Red,,Sleeveless,Ruched,Turtlenecks,Bodycon,Dresses,100139
<PIL.Image.Image image mode=RGB size=600x600 at 0x79C77DD80830>,Male,,Fleece,,,,,Athletic Pants,1001390
<PIL.Image.Image image mode=RGB size=600x600 at 0x79C77DD80530>,Male,Black Blue Red,Nylon,,,,,Swim Trunks,1001392
<PIL.Image.Image image mode=RGB size=600x600 at 0x79C77DD82CF0>,Female,Blue,Polyester,Long Sleeved,Floral,,Asymmetric,Cardigans,1001394
<PIL.Image.Image image mode=RGB size=600x600 at 0x79C77DD83020>,Female,Purple White,,Long Sleeved,,V-Necks,Bodycon,Cocktail Dresses,1001395
<PIL.Image.Image image mode=RGB size=600x600 at 0x79C77DD83320>,Neutral,,,Short Sleeves,,Round Neck,Printed,Costumes & Cosplay,1001398
<PIL.Image.Image image mode=RGB size=439x402 at 0x79C77DD83620>,Female,,,Sleeveless,,Shoulder Drapes,Summer,Beach & Swim Wear,1001399
<PIL.Image.Image image mode=RGB size=480x600 at 0x79C77DD83920>,Female,,,Long Sleeved,,Round Neck,Furry,,10014
<PIL.Image.Image image mode=RGB size=600x600 at 0x79C77DD83C50>,Female,Black Green White,Denim,,Ripped,,,,100140
<PIL.Image.Image image mode=RGB size=600x600 at 0x79C77DD83A40>,Female,White,Lace,Sleeveless,Crochet,V-Necks,Spaghetti Straps,Tank Tops,1001400
<PIL.Image.Image image mode=RGB size=600x578 at 0x79C77DD83D40>,Female,,Lace,Sleeveless,,V-Necks,Hollow-Out,Dresses,1001401
<PIL.Image.Image image mode=RGB size=600x600 at 0x79C77DD82A80>,Female,Tan,,Sleeveless,,Off The Shoulder,Tunic,Dresses,1001402
<PIL.Image.Image image mode=RGB size=333x500 at 0x79C77DD82420>,Female,,Polyester,Sleeveless,Floral,Round Neck,Pleated,Cocktail Dresses,1001404
<PIL.Image.Image image mode=RGB size=418x418 at 0x79C77DD6F440>,Female,White,Chiffon Lace,Sleeveless,,Round Neck,Peplum,Blouses,1001405
<PIL.Image.Image image mode=RGB size=597x598 at 0x79C77DD6ED80>,Female,Pink,,Sleeveless,,Round Neck,Bodycon,Dresses,1001406
<PIL.Image.Image image mode=RGB size=600x600 at 0x79C77DD6E600>,Female,Black,,Sleeveless,,,Pleated,Skirts,1001407
<PIL.Image.Image image mode=RGB size=600x600 at 0x79C77DD5BCE0>,Female,,Chiffon,Sleeveless,,V-Necks,Summer,Dresses,1001408
<PIL.Image.Image image mode=RGB size=600x600 at 0x79C77DE63DD0>,Male,,,,,Collared,,Jackets,1001410
<PIL.Image.Image image mode=RGB size=600x600 at 0x79C77DD2A750>,Female,,Polyester,,,,,Yoga Pants,1001412
<PIL.Image.Image image mode=RGB size=600x600 at 0x79C77DD82060>,Male,,Cotton,Short Sleeves,,Round Neck,,T-Shirts,1001413
<PIL.Image.Image image mode=RGB size=600x600 at 0x79C77DD82780>,Female,Black Gold,,Short Sleeves,Sequins,Round Neck,Bodycon,Dresses,1001415
<PIL.Image.Image image mode=RGB size=600x600 at 0x79C77DD80170>,Female,,,Sleeveless,Sequins,V-Necks,Spaghetti Straps,Clubbing Dresses,1001418
<PIL.Image.Image image mode=RGB size=600x600 at 0x79C77DD88410>,Female,Black White,,Long Sleeved,Stripes,Turtlenecks,Bodycon,,1001419
<PIL.Image.Image image mode=RGB size=501x500 at 0x79C77DD89280>,Male,Black Blue Green Red Yellow,Cotton,Long Sleeved,Quilted,Collared,,Bubble Coats,100142
<PIL.Image.Image image mode=RGB size=600x600 at 0x79C77DD89640>,Female,Black,Leather,Long Sleeved,,,Pleated,Skirts,1001421
<PIL.Image.Image image mode=RGB size=600x600 at 0x79C77DD89940>,Female,Blue Pink White,Lace,Short Sleeves,Floral Paisley,V-Necks,Summer,Casual Dresses,1001422
<PIL.Image.Image image mode=RGB size=600x600 at 0x79C77DD89BE0>,Female,Black Pink Purple White,Knit Plush,Long Sleeved,,Turtlenecks,,,1001423
<PIL.Image.Image image mode=RGB size=600x600 at 0x79C77DD89F10>,Female,Black Blue,,Long Sleeved,,V-Necks,,Pajamas,1001424
<PIL.Image.Image image mode=RGB size=460x456 at 0x79C77DD8A240>,Female,Black Red White,,Long Sleeved,Plaid,Collared,,Blouses,1001425
<PIL.Image.Image image mode=RGB size=449x600 at 0x79C77DD8A5D0>,Female,Black,,Sleeveless,,V-Necks,Bandage,Dresses,1001426
<PIL.Image.Image image mode=RGB size=600x594 at 0x79C77DD8A8A0>,Male,,,,,,,Trousers,1001429
<PIL.Image.Image image mode=RGB size=419x600 at 0x79C77DD824E0>,Female,,Cotton,Long Sleeved,,Turtlenecks,Wrap,Dresses,1001430
<PIL.Image.Image image mode=RGB size=500x500 at 0x79C77DD88D10>,Female,Blue,,,Floral,,,Trousers,1001431
<PIL.Image.Image image mode=RGB size=485x600 at 0x79C77DD8B320>,Male,Black,Leather,,,,Pleated,Skirts,1001432
<PIL.Image.Image image mode=RGB size=600x600 at 0x79C77DD8B620>,Female,,,Long Sleeved,Camouflage,Collared,Vintage Retro,Jackets,1001434
<PIL.Image.Image image mode=RGB size=336x448 at 0x79C77DD8B9B0>,Female,Blue,Lace,Long Sleeved,,Round Neck,Embroidered,Blouses,1001436
<PIL.Image.Image image mode=RGB size=600x600 at 0x79C77DD8BD10>,Female,Black White,Cotton,Long Sleeved,,V-Necks,,Blouses,1001437
<PIL.Image.Image image mode=RGB size=500x500 at 0x79C77DD8B950>,Male,,Denim,Long Sleeved,,Collared,Printed,Dress Shirts,1001439
<PIL.Image.Image image mode=RGB size=587x400 at 0x79C77DD8A300>,Female,,Cotton Polyester Spandex,Sleeveless,,Round Neck,Summer,Dresses,1001441
<PIL.Image.Image image mode=RGB size=600x600 at 0x79C77DD8BD40>,Neutral,Green,,Short Sleeves,,Backless Dresses,,Costumes & Cosplay,1001442
<PIL.Image.Image image mode=RGB size=600x600 at 0x79C77DD989E0>,Female,,Leather,Long Sleeved,Quilted,Collared,,Jackets,1001443
<PIL.Image.Image image mode=RGB size=500x500 at 0x79C77DD8AB10>,Female,Black Gray Red White,Cotton Polyester Spandex,Sleeveless,,Square Necked,Peplum,,1001448
<PIL.Image.Image image mode=RGB size=600x600 at 0x79C77DD8AB70>,Female,,Chiffon,,Fringe,V-Necks,,Kimonos,1001450
<PIL.Image.Image image mode=RGB size=600x600 at 0x79C77DD8AAB0>,Female,Gray Red,,Sleeveless,,Turtlenecks,Vintage Retro,Dresses,1001451
<PIL.Image.Image image mode=RGB size=366x510 at 0x79C77DD8A7B0>,Neutral,White,Satin,Strapless,Ruched,Sweetheart Neckline,Embroidered,Wedding Dresses,1001452
<PIL.Image.Image image mode=RGB size=484x484 at 0x79C77DD998B0>,Male,,Cotton,Short Sleeves,Ruffles,Round Neck,Printed,T-Shirts,1001453
<PIL.Image.Image image mode=RGB size=600x600 at 0x79C77DD99B80>,Female,,Faux Fur,,,,,Casual Shoes,1001455
<PIL.Image.Image image mode=RGB size=423x600 at 0x79C77DD99EE0>,Female,,Fleece,Long Sleeved,,Round Neck,Printed,Fashion Sets,1001459
<PIL.Image.Image image mode=RGB size=600x600 at 0x79C77DD9A1E0>,Female,,Knit,Long Sleeved,,Turtlenecks,,,100146
<PIL.Image.Image image mode=RGB size=272x286 at 0x79C77DD8A1E0>,Female,,,Long Sleeved,,V-Necks,Peplum,Uniforms,1001460
<PIL.Image.Image image mode=RGB size=600x504 at 0x79C77DD89070>,Female,,,Long Sleeved,,Round Neck,Bodycon,Casual Dresses,1001461
<PIL.Image.Image image mode=RGB size=400x600 at 0x79C77DD29A00>,Female,,,Sleeveless,,U-Necks,Spaghetti Straps,Tank Tops,1001462
<PIL.Image.Image image mode=RGB size=600x600 at 0x79C77DD6C4A0>,Female,,Spandex,Sleeveless,Ruched,Square Necked,Summer,Casual Dresses,1001464
<PIL.Image.Image image mode=RGB size=600x600 at 0x79C77DD0FF50>,Neutral,Black Red,,,,,,Yoga Pants,1001465
<PIL.Image.Image image mode=RGB size=500x500 at 0x79C77DCE4AD0>,Female,,Lace,Sleeveless,,Backless Dresses,Spaghetti Straps,,1001466
<PIL.Image.Image image mode=RGB size=600x600 at 0x79C77DD98A70>,Female,Black,,Long Sleeved,Mesh,Backless Dresses,Hollow-Out,Bodysuits,1001467
<PIL.Image.Image image mode=RGB size=600x600 at 0x79C77DD9A390>,Female,,,Strapless,,Sweetheart Neckline,Bodycon,Dresses,1001468
<PIL.Image.Image image mode=RGB size=600x600 at 0x79C77DD9A570>,Female,,Polyester,Sleeveless,,Off The Shoulder,Pleated,Maternity,100147
<PIL.Image.Image image mode=RGB size=600x600 at 0x79C77DD993D0>,Female,Pink,,Long Sleeved,,Round Neck,Printed,Hoodies & Sweatshirts,1001470
<PIL.Image.Image image mode=RGB size=600x600 at 0x79C77DD9A930>,Male,Black Gray Orange White,Cotton,Short Sleeves,,Round Neck,,T-Shirts,1001471
<PIL.Image.Image image mode=RGB size=600x600 at 0x79C77DD9AC60>,Female,Beige White,Cotton,Long Sleeved,,Round Neck,Summer,Swimsuit Cover-ups,1001472
<PIL.Image.Image image mode=RGB size=600x600 at 0x79C77DD8B890>,Neutral,,Spandex,Long Sleeved,,Round Neck,,Pullover Sweaters,1001473
<PIL.Image.Image image mode=RGB size=600x600 at 0x79C77DD88200>,Male,Black Multi Color,Twill,,Camouflage,,,Cargo Pants,1001474
<PIL.Image.Image image mode=RGB size=500x500 at 0x79C77DD88C20>,Female,Black Blue Green Pink Purple Red White,,Long Sleeved,,Turtlenecks,,Bodysuits,1001476
<PIL.Image.Image image mode=RGB size=600x600 at 0x79C77DD89970>,Female,Black,Polyester,Strapless,Sequins,Sweetheart Neckline,Bodycon,Clubbing Dresses,1001478
<PIL.Image.Image image mode=RGB size=359x600 at 0x79C77DD9BBC0>,Female,,,Sleeveless,Ruched,Sweetheart Neckline,,Wedding Dresses,100148
<PIL.Image.Image image mode=RGB size=600x600 at 0x79C77DD9B5F0>,Male,Black Blue Red,Knit,Sleeveless,,V-Necks,,,1001480
<PIL.Image.Image image mode=RGB size=450x600 at 0x79C77DD9BC80>,Female,,Chiffon,Sleeveless,Ruffles,Round Neck,Peplum,Blouses,1001481
<PIL.Image.Image image mode=RGB size=600x600 at 0x79C77DD9BC50>,Neutral,Pink,Wool,Long Sleeved,,Collared,,Jackets,1001483
<PIL.Image.Image image mode=RGB size=591x589 at 0x79C77DBB48C0>,Female,,,,,,,Leggings,1001484
<PIL.Image.Image image mode=RGB size=600x600 at 0x79C77DBB4BF0>,Female,Gray,,Long Sleeved,Fringe,Round Neck,,,1001485
<PIL.Image.Image image mode=RGB size=600x600 at 0x79C77DD9ADB0>,Neutral,Black,,,,Sweetheart Neckline,,Corsets,1001486
<PIL.Image.Image image mode=RGB size=600x600 at 0x79C77DD9B020>,Female,,Chiffon,Long Sleeved,Floral,Collared,,,1001488
<PIL.Image.Image image mode=RGB size=500x500 at 0x79C77DD9AB40>,Male,,Cotton,,,,,Sweatpants,1001489
<PIL.Image.Image image mode=RGB size=421x600 at 0x79C77DD9AA50>,Female,,,,Ripped,,,Leggings,100149
<PIL.Image.Image image mode=RGB size=600x600 at 0x79C77DBB5C40>,Neutral,White,Lace,Strapless,Crochet,Off The Shoulder,Bodycon,Dresses,1001491
<PIL.Image.Image image mode=RGB size=518x600 at 0x79C77DBB5FD0>,Female,Blue,,Long Sleeved,,V-Necks,Bodycon,Blouses,1001493
<PIL.Image.Image image mode=RGB size=397x595 at 0x79C77DBB6300>,Female,Black,,,,,Criss Cross,Thigh Highs,1001494
<PIL.Image.Image image mode=RGB size=600x600 at 0x79C77DBB6600>,Female,,Knit,Long Sleeved,,Turtlenecks,Vintage Retro,Cardigans,1001495
<PIL.Image.Image image mode=RGB size=600x600 at 0x79C77DBB6930>,Female,Red,Lace Silk,,,,,Thongs,1001496
<PIL.Image.Image image mode=RGB size=450x600 at 0x79C77DBB6C30>,Female,,Nylon Spandex,,Geometric,,,Bikinis,1001497
<PIL.Image.Image image mode=RGB size=427x600 at 0x79C77DBB4E30>,Male,,Fleece,Long Sleeved,,Round Neck,Printed,Hoodies & Sweatshirts,1001498
<PIL.Image.Image image mode=RGB size=483x600 at 0x79C77DBB4440>,Female,,,Sleeveless,,Backless Dresses,Bandage,Jumpsuits Overalls & Rompers,1001499
<PIL.Image.Image image mode=RGB size=600x600 at 0x79C77DBB7470>,Female,,Lace,,Mesh,,Embroidered,Nightgowns,100150
<PIL.Image.Image image mode=RGB size=600x599 at 0x79C77DBB7770>,Neutral,,,,,Sweetheart Neckline,,Petticoats,1001501
<PIL.Image.Image image mode=RGB size=600x600 at 0x79C77DD9ABD0>,Male,,Cotton,Short Sleeves,Galaxy,Round Neck,Printed,T-Shirts,1001503
<PIL.Image.Image image mode=RGB size=600x600 at 0x79C77DD99940>,Female,Black Purple White,Polyester Spandex,Strapless,Leopard And Cheetah,,,Swimsuits,1001506
<PIL.Image.Image image mode=RGB size=600x600 at 0x79C77DD99070>,Female,,Velvet,Long Sleeved,,,,Athletic Sets,1001507
<PIL.Image.Image image mode=RGB size=600x600 at 0x79C77DD4BE00>,Female,,,Sleeveless,Leopard And Cheetah,Round Neck,Peplum,Vests,1001508
<PIL.Image.Image image mode=RGB size=600x600 at 0x79C77DD81040>,Neutral,Blue,,,,Off The Shoulder,Summer,Cocktail Dresses,1001509
<PIL.Image.Image image mode=RGB size=447x600 at 0x79C77DD8A1B0>,Female,Black,,Sleeveless,,Sweetheart Neckline,,Swimsuits,100151
<PIL.Image.Image image mode=RGB size=600x600 at 0x79C77DD82570>,Female,White,,Short Sleeves,Mesh,Round Neck,Printed,Crop Tops,1001511
<PIL.Image.Image image mode=RGB size=543x600 at 0x79C77DBB6360>,Male,Blue,Faux Fur,,Quilted,,Furry,Bubble Coats,1001512
<PIL.Image.Image image mode=RGB size=600x600 at 0x79C77DBB58B0>,Female,,,Long Sleeved,,,,Fashion Sets,1001513
<PIL.Image.Image image mode=RGB size=600x600 at 0x79C77DBB4500>,Female,Gray,Cotton,Sleeveless,,Round Neck,Spaghetti Straps,Tank Tops,1001514
<PIL.Image.Image image mode=RGB size=600x600 at 0x79C77DBB7EF0>,Female,,Spandex,,Camouflage,,,Yoga Pants,1001515
<PIL.Image.Image image mode=RGB size=450x600 at 0x79C77DBB5640>,Female,,,Sleeveless,,Sweetheart Neckline,Bodycon,Formal Dresses,1001516
<PIL.Image.Image image mode=RGB size=600x600 at 0x79C77DBB7C50>,Female,Black Blue Red,,,,,,Trousers,1001517
<PIL.Image.Image image mode=RGB size=400x600 at 0x79C77DBB7F20>,Neutral,,Polyester,Sleeveless,,Round Neck,,Costumes & Cosplay,1001518
<PIL.Image.Image image mode=RGB size=600x600 at 0x79C77DBC0AD0>,Female,,Chiffon,Long Sleeved,,Off The Shoulder,Spaghetti Straps,Dresses,1001519
<PIL.Image.Image image mode=RGB size=555x572 at 0x79C77DBC0E30>,Female,Yellow,Cotton,Sleeveless,,Round Neck,Summer,Casual Dresses,100152
<PIL.Image.Image image mode=RGB size=600x600 at 0x79C77DBB7A40>,Male,Black Blue Gray Red White,Cotton,,,Collared,,Dress Shirts,1001520
<PIL.Image.Image image mode=RGB size=600x600 at 0x79C77DD8A9C0>,Female,,Spandex,,,,,Swimsuits,1001522
<PIL.Image.Image image mode=RGB size=296x350 at 0x79C77DBB7AD0>,Female,Black,Chiffon,Sleeveless,,Round Neck,Hollow-Out,Casual Dresses,1001525
<PIL.Image.Image image mode=RGB size=600x600 at 0x79C77DD88E90>,Female,Black Blue,Denim,Long Sleeved,,Round Neck,,Jackets,1001527
<PIL.Image.Image image mode=RGB size=600x600 at 0x79C77DBC1E20>,Female,,Wool,Long Sleeved,,V-Necks,Peplum,Peacoats,1001528
<PIL.Image.Image image mode=RGB size=514x509 at 0x79C77DBC2120>,Female,,Knit,Long Sleeved,,Shoulder Drapes,,,100153
<PIL.Image.Image image mode=RGB size=500x500 at 0x79C77DBC24B0>,Male,Gray,Cotton,Short Sleeves,,Collared,,Polos,1001530
<PIL.Image.Image image mode=RGB size=587x400 at 0x79C77DBC27B0>,Female,,,Sleeveless,,Backless Dresses,Spaghetti Straps,Blouses,1001531
<PIL.Image.Image image mode=RGB size=600x421 at 0x79C77DBC2A80>,Female,Black White,,Long Sleeved,,Round Neck,,Hoodies & Sweatshirts,1001535
<PIL.Image.Image image mode=RGB size=600x600 at 0x79C77DBC2DB0>,Male,White,Cotton,Short Sleeves,,Round Neck,,T-Shirts,1001536
<PIL.Image.Image image mode=RGB size=587x400 at 0x79C77DBC1100>,Female,,Lace,Sleeveless,Crochet Floral,Shoulder Drapes,,Tube Tops,1001538
<PIL.Image.Image image mode=RGB size=600x480 at 0x79C77DBC08F0>,Female,,,,,,,Uniforms,1001539
<PIL.Image.Image image mode=RGB size=600x600 at 0x79C77DBC3710>,Female,,Faux Fur,Long Sleeved,Quilted,,Furry,,1001540
<PIL.Image.Image image mode=RGB size=400x400 at 0x79C77DBC3A70>,Female,,Chiffon Tulle,,Floral,,Pleated,Skirts,1001541
<PIL.Image.Image image mode=RGB size=590x600 at 0x79C77DBC3D70>,Female,,,Short Sleeves,Leopard And Cheetah,Round Neck,Printed,T-Shirts,1001544
<PIL.Image.Image image mode=RGB size=300x600 at 0x79C77DBC3A10>,Female,Black Blue Red White Yellow,Chiffon,Long Sleeved,,V-Necks,Vintage Retro,,1001545
<PIL.Image.Image image mode=RGB size=600x600 at 0x79C77DBC3AD0>,Neutral,,,,Camouflage,,,Raincoats,1001546
<PIL.Image.Image image mode=RGB size=328x543 at 0x79C77DBC3DA0>,Female,,,Sleeveless,,V-Necks,Bodycon,Dresses,1001547
<PIL.Image.Image image mode=RGB size=587x400 at 0x79C77DBCCA40>,Female,Black Red,Lace,Long Sleeved,,V-Necks,Bodycon,Party Dresses,1001548
<PIL.Image.Image image mode=RGB size=414x600 at 0x79C77DBCCDA0>,Female,Black,Polyester,Short Sleeves,,,Pleated,Skirts,1001549
<PIL.Image.Image image mode=RGB size=350x500 at 0x79C77DD89760>,Female,Yellow,Polyester,Strapless,,V-Necks,Summer,Casual Dresses,100155
<PIL.Image.Image image mode=RGB size=470x600 at 0x79C77DD83500>,Neutral,Black,Polyester Rayon,,Stripes,Round Neck,Bodycon,,1001551
<PIL.Image.Image image mode=RGB size=304x374 at 0x79C77DBB7620>,Male,,Cotton,Short Sleeves,,Collared,,Dress Shirts,1001552
<PIL.Image.Image image mode=RGB size=587x400 at 0x79C77DD99670>,Female,,,,,,,Shorts,1001555
<PIL.Image.Image image mode=RGB size=600x600 at 0x79C77DBB5250>,Female,White,,Long Sleeved,,Collared,Embroidered,,1001558
<PIL.Image.Image image mode=RGB size=600x600 at 0x79C77DBB5AF0>,Female,,Wool,,,Turtlenecks,Vintage Retro,Jackets,1001559
<PIL.Image.Image image mode=RGB size=600x600 at 0x79C77DBC3830>,Male,,Cotton,,Galaxy,Round Neck,,Hoodies & Sweatshirts,100156
<PIL.Image.Image image mode=RGB size=600x600 at 0x79C77DBC13A0>,Female,,Polyester Spandex,Long Sleeved,,Off The Shoulder,Tunic,Casual Dresses,1001560
<PIL.Image.Image image mode=RGB size=600x600 at 0x79C77DBC1E80>,Female,Black Blue,Satin,Long Sleeved,,,,Pajamas,1001561
<PIL.Image.Image image mode=RGB size=600x600 at 0x79C77DBC27E0>,Female,,Cotton,Short Sleeves,,Round Neck,Pleated,Dresses,1001562
<PIL.Image.Image image mode=RGB size=379x505 at 0x79C77DBC1370>,Female,,Chiffon,Sleeveless,Ruched,V-Necks,Pleated,,1001563
<PIL.Image.Image image mode=RGB size=600x600 at 0x79C77DBCCB30>,Female,Blue,Denim,,Ripped,Collared,,Jumpsuits Overalls & Rompers,1001564
<PIL.Image.Image image mode=RGB size=532x600 at 0x79C77DBCDD60>,Male,Green,,,,,,Cargo Pants,1001565
<PIL.Image.Image image mode=RGB size=244x415 at 0x79C77DBCE090>,Male,,Cotton,,Camouflage,,,Cargo Pants,1001567
<PIL.Image.Image image mode=RGB size=600x600 at 0x79C77DBCE360>,Female,Black White,Lace,Sleeveless,Crochet,V-Necks,Spaghetti Straps,Crop Tops,1001568
<PIL.Image.Image image mode=RGB size=600x600 at 0x79C77DBCE690>,Female,Black Green White,Cotton,Sleeveless,Quilted,Turtlenecks,Furry,Vests,100157
<PIL.Image.Image image mode=RGB size=600x600 at 0x79C77DBCE9C0>,Female,,Chiffon,Sleeveless,,Racerback,Printed,Tank Tops,1001570
<PIL.Image.Image image mode=RGB size=600x600 at 0x79C77DBCECF0>,Female,Black White,Lace,Sleeveless,,Off The Shoulder,Bodycon,Party Dresses,1001571
<PIL.Image.Image image mode=RGB size=600x600 at 0x79C77DBCF020>,Female,,Denim,,Ripped,,,Jumpsuits Overalls & Rompers,1001572
<PIL.Image.Image image mode=RGB size=307x411 at 0x79C77DBCF2F0>,Female,White,Cotton Polyester,Sleeveless,Floral,Round Neck,Vintage Retro,Party Dresses,1001573
<PIL.Image.Image image mode=RGB size=586x528 at 0x79C77DBCDAF0>,Female,,Chiffon,Sleeveless,,Shoulder Drapes,Summer,,1001574
<PIL.Image.Image image mode=RGB size=600x600 at 0x79C77DBCD670>,Female,Beige Black,,,,,,Corsets,1001575
<PIL.Image.Image image mode=RGB size=351x600 at 0x79C77DBCFA40>,Female,Black Blue Green Orange Pink White,,Sleeveless,,V-Necks,Summer,Casual Dresses,1001576
<PIL.Image.Image image mode=RGB size=600x600 at 0x79C77DBCFDD0>,Neutral,Black Blue Gray Green Red,,Sleeveless,,Turtlenecks,Pleated,Casual Dresses,1001578
<PIL.Image.Image image mode=RGB size=600x600 at 0x79C77DBCFB90>,Female,Black Blue Red,Silk,,,,,Underwear,1001579
<PIL.Image.Image image mode=RGB size=600x600 at 0x79C77DBCFC50>,Neutral,,,,,,Printed,Harem Pants,1001580
<PIL.Image.Image image mode=RGB size=587x400 at 0x79C77DBCFBC0>,Female,,Knit,Long Sleeved,,Off The Shoulder,,,1001582
<PIL.Image.Image image mode=RGB size=600x514 at 0x79C77DBE8A70>,Female,,Chiffon,Puff Sleeves,,Round Neck,Peplum,Blouses,1001583
<PIL.Image.Image image mode=RGB size=329x566 at 0x79C77DBE8DD0>,Female,Blue Green Orange Pink,Chiffon,Sleeveless,,V-Necks,Summer,Casual Dresses,1001584
<PIL.Image.Image image mode=RGB size=600x600 at 0x79C77DBE9130>,Female,Black Red,Lace,Sleeveless,,Off The Shoulder,Bodycon,Casual Dresses,1001585
<PIL.Image.Image image mode=RGB size=600x408 at 0x79C77DBCF260>,Female,,Tulle,Puff Sleeves,,Round Neck,Asymmetric,Tutus,1001587
<PIL.Image.Image image mode=RGB size=600x600 at 0x79C77DBCF830>,Female,,Polyester,Long Sleeved,,V-Necks,,Suits & Blazers,1001588
<PIL.Image.Image image mode=RGB size=600x600 at 0x79C77DBCF4D0>,Female,Black Blue Pink Red Yellow,,Short Sleeves,Ruffles,Off The Shoulder,Bodycon,Dresses,1001589
<PIL.Image.Image image mode=RGB size=570x380 at 0x79C77DBCF560>,Neutral,Gray,,Long Sleeved,,Round Neck,,Hoodies & Sweatshirts,100159
<PIL.Image.Image image mode=RGB size=600x600 at 0x79C77DBEA0C0>,Female,,,,,,,Pencil Skirts,1001590
<PIL.Image.Image image mode=RGB size=600x600 at 0x79C77DBEA3F0>,Female,Pink,,Long Sleeved,,,,Jackets,1001591
<PIL.Image.Image image mode=RGB size=600x600 at 0x79C77DBEA780>,Male,White,Cotton,Long Sleeved,,Collared,,Polos,1001593
<PIL.Image.Image image mode=RGB size=600x422 at 0x79C77DBCF290>,Female,,,Strapless,Sequins,Sweetheart Neckline,Rhinestone Studded,Formal Dresses,1001594
<PIL.Image.Image image mode=RGB size=552x600 at 0x79C77DBCE750>,Male,,Faux Fur,Long Sleeved,,,Furry,Jackets,1001596
<PIL.Image.Image image mode=RGB size=600x600 at 0x79C77DBCF9B0>,Female,,Lace,,Mesh,,,"Hosiery, Stockings, Tights",1001597
<PIL.Image.Image image mode=RGB size=600x600 at 0x79C77DD8B920>,Female,,Lace,Sleeveless,Floral,Round Neck,Vintage Retro,Clubbing Dresses,1001599
<PIL.Image.Image image mode=RGB size=530x531 at 0x79C77DBCE0C0>,Female,,,Strapless,Ruffles,Sweetheart Neckline,Bandage,Party Dresses,100160
<PIL.Image.Image image mode=RGB size=600x600 at 0x79C77DBB7410>,Female,,,Sleeveless,,,Summer,Party Dresses,1001601
<PIL.Image.Image image mode=RGB size=457x458 at 0x79C77DBEA690>,Female,White,Cotton,Long Sleeved,,V-Necks,Peplum,,1001602
<PIL.Image.Image image mode=RGB size=600x600 at 0x79C77DBEAB70>,Female,,,,,,Vintage Retro,Trousers,1001603
<PIL.Image.Image image mode=RGB size=600x600 at 0x79C77DBE9FD0>,Male,Blue Red,Wool,Long Sleeved,,V-Necks,,Peacoats,1001604
<PIL.Image.Image image mode=RGB size=587x400 at 0x79C77DBEAAB0>,Female,Black Green Pink,Lace,Sleeveless,,V-Necks,Asymmetric,Cocktail Dresses,1001606
<PIL.Image.Image image mode=RGB size=318x430 at 0x79C77DBEAEA0>,Female,,,Long Sleeved,,Turtlenecks,,Dress Shirts,1001609
<PIL.Image.Image image mode=RGB size=600x600 at 0x79C77DBEB170>,Female,Black Blue Green Purple Red,Nylon Spandex,,,Racerback,,Sports Bras,100161
<PIL.Image.Image image mode=RGB size=600x600 at 0x79C77DBEB4D0>,Female,,Lace,Long Sleeved,,Round Neck,Peplum,Blouses,1001612
<PIL.Image.Image image mode=RGB size=600x600 at 0x79C77DBC35F0>,Female,,Denim,Long Sleeved,,,,Jumpsuits Overalls & Rompers,1001614
<PIL.Image.Image image mode=RGB size=600x600 at 0x79C77DBCE600>,Female,,,Sleeveless,,V-Necks,Summer,Dresses,1001616
<PIL.Image.Image image mode=RGB size=600x590 at 0x79C77DBC09B0>,Male,,Cotton,,,,,Trousers,1001617
<PIL.Image.Image image mode=RGB size=268x500 at 0x79C77DBEBEF0>,Neutral,Black,Nylon,Long Sleeved,,,,Capes & Capelets,1001618
<PIL.Image.Image image mode=RGB size=390x378 at 0x79C77DBC3380>,Neutral,Black Red,,,,,,Capes & Capelets,100162
<PIL.Image.Image image mode=RGB size=600x600 at 0x79C77DBCDFA0>,Female,Black White,Lace Silk,Sleeveless,,Square Necked,Hollow-Out,Dresses,1001620
<PIL.Image.Image image mode=RGB size=600x600 at 0x79C77DBF0AA0>,Male,Black Blue Gray Green Red,,Long Sleeved,,Collared,,Jackets,1001621
<PIL.Image.Image image mode=RGB size=432x600 at 0x79C77DBF0DA0>,Female,,,,,Turtlenecks,Vintage Retro,Dresses,1001622
<PIL.Image.Image image mode=RGB size=600x576 at 0x79C77DBF1130>,Female,White,Chiffon,Long Sleeved,Floral,Round Neck,Peplum,Blouses,1001623
<PIL.Image.Image image mode=RGB size=600x600 at 0x79C77DBF1460>,Female,,,,,Shoulder Drapes,Summer,Skirts,1001624
<PIL.Image.Image image mode=RGB size=600x600 at 0x79C77DBEB440>,Male,Black Gray,Cotton,,Camouflage,,,Athletic Shorts,1001626
<PIL.Image.Image image mode=RGB size=587x400 at 0x79C77DBEB7D0>,Female,,,Sleeveless,,Round Neck,Hollow-Out,,1001627
<PIL.Image.Image image mode=RGB size=600x600 at 0x79C77DBEB6B0>,Female,Black Blue,Chiffon,Sleeveless,Chevron,Round Neck,,,1001628
<PIL.Image.Image image mode=RGB size=450x600 at 0x79C77DBEAF00>,Neutral,White,,Long Sleeved,,,,Petticoats,100163
<PIL.Image.Image image mode=RGB size=600x600 at 0x79C77DBF24E0>,Female,Black Red,,Long Sleeved,,V-Necks,Bodycon,Dresses,1001631
<PIL.Image.Image image mode=RGB size=400x600 at 0x79C77DBF2840>,Female,,Wool,Sleeveless,Ruched,Round Neck,Vintage Retro,Dresses,1001632
<PIL.Image.Image image mode=RGB size=600x600 at 0x79C77DBF2BA0>,Male,,Denim,,,,Printed,,1001633
<PIL.Image.Image image mode=RGB size=600x600 at 0x79C77DBF2ED0>,Female,,Cotton,Long Sleeved,Stripes,Round Neck,,Maternity,1001634
<PIL.Image.Image image mode=RGB size=600x600 at 0x79C77DBF3230>,Male,Black,Cotton,,,,Printed,Harem Pants,1001636
<PIL.Image.Image image mode=RGB size=429x600 at 0x79C77DBF35C0>,Female,Red,Silk,Short Sleeves,Ruched,Shoulder Drapes,Bodycon,,1001638
<PIL.Image.Image image mode=RGB size=600x600 at 0x79C77DBF1640>,Female,Gray Green,Cotton Linen,Short Sleeves,Floral,,Summer,Casual Dresses,1001639
<PIL.Image.Image image mode=RGB size=600x600 at 0x79C77DBF1400>,Female,,Polyester,Sleeveless,,Round Neck,Pleated,Casual Dresses,100164
<PIL.Image.Image image mode=RGB size=600x600 at 0x79C77DBF3EF0>,Female,Black Blue Purple Red,,Sleeveless,Ruffles,Sweetheart Neckline,Pleated,Skirts,1001640
<PIL.Image.Image image mode=RGB size=308x308 at 0x79C77DBF1550>,Female,,,Long Sleeved,,V-Necks,Bodycon,Casual Dresses,1001641
<PIL.Image.Image image mode=RGB size=473x468 at 0x79C77DBF2720>,Female,Black,Chiffon Lace Silk,Sleeveless,Mesh,V-Necks,Hollow-Out,Nightgowns,1001642
<PIL.Image.Image image mode=RGB size=600x600 at 0x79C77DBF22D0>,Male,,,Long Sleeved,,Collared,,Dress Shirts,1001643
<PIL.Image.Image image mode=RGB size=566x566 at 0x79C77DBC1340>,Female,Black,,,,,,Pencil Skirts,1001644
<PIL.Image.Image image mode=RGB size=599x600 at 0x79C77DBF22A0>,Female,,,Short Sleeves,,V-Necks,Bandage,Casual Dresses,1001645
<PIL.Image.Image image mode=RGB size=600x598 at 0x79C77DBC3170>,Female,,,Sleeveless,Paisley,V-Necks,Summer,Dresses,1001646
<PIL.Image.Image image mode=RGB size=600x600 at 0x79C77DBB4950>,Female,,,Long Sleeved,,V-Necks,,Suits & Blazers,1001647
<PIL.Image.Image image mode=RGB size=600x600 at 0x79C77DBF37A0>,Female,Black White,Nylon Polyester,,,,,Swimsuits,1001648
<PIL.Image.Image image mode=RGB size=600x600 at 0x79C77DBC3590>,Female,White,Polyester,Long Sleeved,,Round Neck,Peplum,Blouses,1001649
<PIL.Image.Image image mode=RGB size=600x600 at 0x79C77DBF3C20>,Neutral,,Cotton,,Camouflage,Collared,Furry,Bubble Coats,1001650
<PIL.Image.Image image mode=RGB size=299x474 at 0x79C77DBEAAE0>,Female,,Polyester Spandex,,Galaxy,Backless Dresses,,Bikinis,1001651
<PIL.Image.Image image mode=RGB size=600x600 at 0x79C77DBF3710>,Female,,Nylon Polyester,,,,,Shorts,1001652
<PIL.Image.Image image mode=RGB size=600x600 at 0x79C77DBFCD70>,Female,,Chiffon,Long Sleeved,,V-Necks,Summer,Dresses,1001653
<PIL.Image.Image image mode=RGB size=600x600 at 0x79C77DBFD0A0>,Female,Blue,Cotton,,,,,Jumpsuits Overalls & Rompers,1001654
<PIL.Image.Image image mode=RGB size=439x592 at 0x79C77DBFD3A0>,Male,,,Long Sleeved,,Collared,,Dress Shirts,1001655
<PIL.Image.Image image mode=RGB size=600x600 at 0x79C77DBFD700>,Female,Black Green Pink Red White,Chiffon,Sleeveless,,V-Necks,Pleated,Casual Dresses,1001656
<PIL.Image.Image image mode=RGB size=328x498 at 0x79C77DBFDA30>,Male,Black Blue Brown Gray Green Purple Red,Cotton,Long Sleeved,Ruched,Turtlenecks,,,1001658
<PIL.Image.Image image mode=RGB size=600x600 at 0x79C77DBEB830>,Neutral,White,Cotton,Short Sleeves,,Round Neck,Vintage Retro,Jerseys,1001659
<PIL.Image.Image image mode=RGB size=600x600 at 0x79C77DD9AE10>,Male,Beige Blue Green Orange Red Yellow,,Long Sleeved,,Off The Shoulder,,,1001660
<PIL.Image.Image image mode=RGB size=600x600 at 0x79C77DBCFA10>,Neutral,White,Faux Fur,Long Sleeved,,,Furry,Capes & Capelets,1001661
<PIL.Image.Image image mode=RGB size=600x600 at 0x79C77DBFE690>,Male,,,,,,,Cargo Pants,1001662
<PIL.Image.Image image mode=RGB size=600x600 at 0x79C77DBFE9F0>,Female,,Cotton,Short Sleeves,,V-Necks,Summer,Casual Dresses,1001663
<PIL.Image.Image image mode=RGB size=600x600 at 0x79C77DBFED20>,Female,Black Green,,,Ripped,,,Cargo Pants,1001664
<PIL.Image.Image image mode=RGB size=600x600 at 0x79C77DBFF020>,Male,Blue,,,Stripes,,,Skirts,1001665
<PIL.Image.Image image mode=RGB size=587x400 at 0x79C77DBFF350>,Female,,Lace Tulle,Strapless,,Sweetheart Neckline,Bodycon,Wedding Dresses,1001666
<PIL.Image.Image image mode=RGB size=400x600 at 0x79C77DBFF6B0>,Female,,Velvet,Sleeveless,,Off The Shoulder,Bodycon,Dresses,1001667
<PIL.Image.Image image mode=RGB size=600x600 at 0x79C77DBFFA40>,Female,Black Gray Green,Knit,Long Sleeved,,V-Necks,Tunic,Dresses,1001669
<PIL.Image.Image image mode=RGB size=495x534 at 0x79C77DBFDC40>,Female,,Leather,,,,Vintage Retro,Jackets,100167
<PIL.Image.Image image mode=RGB size=600x600 at 0x79C77DBFD340>,Female,Blue Red,Polyester,Long Sleeved,Ruched,V-Necks,Pleated,Dresses,1001670
<PIL.Image.Image image mode=RGB size=388x579 at 0x79C77DBFDD30>,Female,,Denim,,Ripped,,Vintage Retro,Skinny Jeans,1001671
<PIL.Image.Image image mode=RGB size=259x500 at 0x79C77DBFDC70>,Male,,,,,,,Costumes & Cosplay,1001672
<PIL.Image.Image image mode=RGB size=600x600 at 0x79C77DBFD820>,Female,,Cotton,Long Sleeved,,V-Necks,Printed,Jackets,1001673
<PIL.Image.Image image mode=RGB size=600x600 at 0x79C77DC14E30>,Female,Black,Polyester,Long Sleeved,,V-Necks,Bodycon,Dresses,1001674
<PIL.Image.Image image mode=RGB size=600x600 at 0x79C77DC15160>,Female,,Chiffon,Sleeveless,,Round Neck,Bodycon,,1001675
<PIL.Image.Image image mode=RGB size=600x600 at 0x79C77DC15460>,Female,,,Short Sleeves,,Round Neck,,T-Shirts,1001676
<PIL.Image.Image image mode=RGB size=587x400 at 0x79C77DC157C0>,Female,,Polyester,Puff Sleeves,Ruched,Round Neck,Peplum,Dresses,1001677
<PIL.Image.Image image mode=RGB size=400x400 at 0x79C77DC15AC0>,Male,Black Gray,Wool,Long Sleeved,,Turtlenecks,,Trench Coats,1001678
<PIL.Image.Image image mode=RGB size=388x587 at 0x79C77DBE93D0>,Male,,Wool,Long Sleeved,,V-Necks,,Peacoats,1001679
<PIL.Image.Image image mode=RGB size=587x400 at 0x79C77DBF18E0>,Female,Black Green Orange Red,Cotton,,,,Printed,Casual Pants,100168
<PIL.Image.Image image mode=RGB size=461x600 at 0x79C77DBF1EE0>,Female,,Lace,Short Sleeves,,Square Necked,Bodycon,Dresses,1001683
<PIL.Image.Image image mode=RGB size=600x600 at 0x79C77DBE8320>,Neutral,,Canvas,,,,Embroidered,Dresses,1001684
<PIL.Image.Image image mode=RGB size=600x600 at 0x79C77DBFE300>,Female,,Cotton Polyester Spandex,Short Sleeves,Galaxy,Round Neck,Printed,T-Shirts,1001685
<PIL.Image.Image image mode=RGB size=600x600 at 0x79C77DBFCC80>,Female,Black Blue Purple Red,Lace Satin,,,V-Necks,,Nightgowns,1001686
<PIL.Image.Image image mode=RGB size=459x600 at 0x79C77DBFFC50>,Female,,,Sleeveless,Sequins,Sweetheart Neckline,Pleated,Casual Dresses,1001688
<PIL.Image.Image image mode=RGB size=600x600 at 0x79C77DBFC5F0>,Female,White,Nylon,Short Sleeves,,V-Necks,Bodycon,Dresses,1001689
<PIL.Image.Image image mode=RGB size=330x475 at 0x79C77DBFFAA0>,Female,Black Red,Lace Satin,,,Sweetheart Neckline,,Corsets,100169
<PIL.Image.Image image mode=RGB size=500x500 at 0x79C77DBFF8C0>,Female,,Lace,Long Sleeved,Crochet,Round Neck,Peplum,Blouses,1001691
<PIL.Image.Image image mode=RGB size=600x600 at 0x79C77DC15EE0>,Neutral,Black,Polyester,Long Sleeved,,V-Necks,,Kimonos,1001692
<PIL.Image.Image image mode=RGB size=600x600 at 0x79C77DC15A30>,Female,Black,Polyester,,,,,Swimsuits,1001693
<PIL.Image.Image image mode=RGB size=600x600 at 0x79C77DC16BD0>,Female,,Lace,Short Sleeves,,V-Necks,,Dresses,1001694
<PIL.Image.Image image mode=RGB size=487x482 at 0x79C77DC16F30>,Male,,Cotton,,Quilted,Collared,,Jackets,1001695
<PIL.Image.Image image mode=RGB size=600x554 at 0x79C77DC17200>,Male,Black White,Cotton Polyester,Long Sleeved,,Collared,,Casual Shirts,1001697
<PIL.Image.Image image mode=RGB size=476x600 at 0x79C77DC17560>,Female,Pink,Lace,Sleeveless,Mesh,Round Neck,Pleated,Dresses,1001698
<PIL.Image.Image image mode=RGB size=600x600 at 0x79C77DC17860>,Neutral,Black Blue Green Orange Purple Red White Yellow,,,Sequins,,,Dance Wear,1001699
<PIL.Image.Image image mode=RGB size=500x500 at 0x79C77DC17B90>,Female,,Leather,,,,Printed,Casual Shoes,10017
<PIL.Image.Image image mode=RGB size=450x600 at 0x79C77DC17BF0>,Female,White,Chiffon,Sleeveless,,V-Necks,Pleated,Dresses,100170
<PIL.Image.Image image mode=RGB size=600x600 at 0x79C77DC17B30>,Female,,Satin,Strapless,,Sweetheart Neckline,Bodycon,Corsets,1001700
<PIL.Image.Image image mode=RGB size=600x600 at 0x79C77DC165D0>,Female,Gray Pink Red,Velvet,Long Sleeved,,Round Neck,Furry,Dresses,1001701
<PIL.Image.Image image mode=RGB size=439x600 at 0x79C77DC15070>,Female,,,Sleeveless,,Off The Shoulder,Pleated,Casual Dresses,1001702
<PIL.Image.Image image mode=RGB size=405x600 at 0x79C77DC16330>,Male,Blue,,,,,,Suits & Blazers,1001703
<PIL.Image.Image image mode=RGB size=587x400 at 0x79C77DC167E0>,Female,Black White,Lace,Strapless,,,,Tube Tops,1001707
<PIL.Image.Image image mode=RGB size=600x600 at 0x79C77DC14050>,Female,Black Purple Red,,,,,,Corsets,1001708
<PIL.Image.Image image mode=RGB size=600x600 at 0x79C77DC21370>,Female,,,Long Sleeved,,Round Neck,Asymmetric,,1001709
<PIL.Image.Image image mode=RGB size=600x600 at 0x79C77DC21670>,Female,Black Gray Purple,Nylon,,,,,Fashion Sets,1001710
<PIL.Image.Image image mode=RGB size=337x600 at 0x79C77DC219A0>,Female,White,Tulle,Sleeveless,Ruched,Sweetheart Neckline,Rhinestone Studded,Prom Dresses,1001711
<PIL.Image.Image image mode=RGB size=600x600 at 0x79C77DC21CD0>,Female,Blue Gold Red White,Polyester,Sleeveless,Sequins,V-Necks,Bodycon,Dresses,1001713
<PIL.Image.Image image mode=RGB size=413x600 at 0x79C77DC21FD0>,Female,Black,Polyester Spandex,Short Sleeves,,Round Neck,Hollow-Out,Clubbing Dresses,1001714
<PIL.Image.Image image mode=RGB size=600x600 at 0x79C77DC205F0>,Female,,,,,,,Maternity,1001715
<PIL.Image.Image image mode=RGB size=600x600 at 0x79C77DC20080>,Male,Black Brown Red,Corduroy,Long Sleeved,,Collared,,Suits & Blazers,1001716
<PIL.Image.Image image mode=RGB size=599x600 at 0x79C77DC227B0>,Female,,Spandex,,Ripped,,,Baggy Jeans,1001717
<PIL.Image.Image image mode=RGB size=600x600 at 0x79C77DC22AB0>,Male,,,,Camouflage,,Printed,Cargo Shorts,100172
<PIL.Image.Image image mode=RGB size=600x600 at 0x79C77DC22DE0>,Female,White,Lace,Strapless,,Sweetheart Neckline,Rhinestone Studded,Wedding Dresses,1001720
<PIL.Image.Image image mode=RGB size=600x600 at 0x79C77DC230B0>,Male,Black Gray Red White,,Long Sleeved,,Collared,,Dress Shirts,1001722
<PIL.Image.Image image mode=RGB size=480x480 at 0x79C77DC142F0>,Female,,,Long Sleeved,,Round Neck,,Cardigans,1001725
<PIL.Image.Image image mode=RGB size=429x600 at 0x79C77DC15880>,Neutral,White,Chiffon,Sleeveless,,Off The Shoulder,Pleated,Skirts,1001726
<PIL.Image.Image image mode=RGB size=600x600 at 0x79C77DC17680>,Female,Blue,Denim,Long Sleeved,,,,,1001727
<PIL.Image.Image image mode=RGB size=587x400 at 0x79C77DBFFE90>,Male,,,,,,,Athletic Shorts,1001728
<PIL.Image.Image image mode=RGB size=600x600 at 0x79C77DC15BE0>,Male,,Polyester,Long Sleeved,Polka Dot,Off The Shoulder,Bodycon,Blouses,1001729
<PIL.Image.Image image mode=RGB size=400x400 at 0x79C77DC21460>,Female,,Spandex,,,,,Athletic Sets,100173
<PIL.Image.Image image mode=RGB size=600x600 at 0x79C77DC22AE0>,Female,,,Sleeveless,,Round Neck,Summer,Dresses,1001730
<PIL.Image.Image image mode=RGB size=600x600 at 0x79C77DC20620>,Male,,Fleece,,Camouflage,Turtlenecks,,Jackets,1001731
<PIL.Image.Image image mode=RGB size=455x455 at 0x79C77DC216D0>,Female,Black Blue,,Long Sleeved,,Round Neck,Hollow-Out,,1001732
<PIL.Image.Image image mode=RGB size=600x600 at 0x79C77DC23680>,Female,,Polyester,Long Sleeved,Floral,V-Necks,Spaghetti Straps,Jumpsuits Overalls & Rompers,1001733
<PIL.Image.Image image mode=RGB size=596x600 at 0x79C77DC239E0>,Male,,Denim,,Ripped,,,Jeans,1001734
<PIL.Image.Image image mode=RGB size=600x600 at 0x79C77DC23D40>,Female,,Lace,Sleeveless,Ruched,Off The Shoulder,Bodycon,Formal Dresses,1001735
<PIL.Image.Image image mode=RGB size=410x600 at 0x79C77DC23980>,Female,,Cotton,Sleeveless,,Backless Dresses,Peplum,Tank Tops,1001736
<PIL.Image.Image image mode=RGB size=600x600 at 0x79C77DC22480>,Female,,,Short Sleeves,,Round Neck,,Tank Tops,1001737
<PIL.Image.Image image mode=RGB size=600x600 at 0x79C77DBFF9B0>,Neutral,White,Lace Polyester,,,,Embroidered,Wedding Dresses,1001738
<PIL.Image.Image image mode=RGB size=600x600 at 0x79C77DC23140>,Female,Black,,Long Sleeved,Floral,Collared,Embroidered,Capes & Capelets,1001739
<PIL.Image.Image image mode=RGB size=398x600 at 0x79C77DBFF530>,Female,,Lace,Sleeveless,Ruffles,Sweetheart Neckline,Peplum,Dresses,100174
<PIL.Image.Image image mode=RGB size=429x458 at 0x79C77DBE84D0>,Male,,Cotton,Short Sleeves,,Collared,Embroidered,Polos,1001740
<PIL.Image.Image image mode=RGB size=296x277 at 0x79C77DC39400>,Female,,Suede,,,,Two-Tone,Wedges & Platforms,1001741
<PIL.Image.Image image mode=RGB size=600x600 at 0x79C77DC39730>,Female,,Chiffon,Long Sleeved,,Round Neck,Vintage Retro,Blouses,1001744
<PIL.Image.Image image mode=RGB size=365x448 at 0x79C77DC39AC0>,Female,Blue,Denim,,Ripped,,,Jumpsuits Overalls & Rompers,1001745
<PIL.Image.Image image mode=RGB size=600x600 at 0x79C77DC39DC0>,Male,Black Blue Gray,Knit Velvet,Long Sleeved,,V-Necks,,Hoodies & Sweatshirts,1001747
<PIL.Image.Image image mode=RGB size=600x600 at 0x79C77DC3A120>,Female,Black,Lace,,Floral,,Embroidered,,1001748
<PIL.Image.Image image mode=RGB size=600x600 at 0x79C77DC3A450>,Female,,Lace,,,V-Necks,,Bodysuits,100175
<PIL.Image.Image image mode=RGB size=600x600 at 0x79C77DC38560>,Female,Black White,,Sleeveless,,V-Necks,Pleated,,1001750
<PIL.Image.Image image mode=RGB size=325x585 at 0x79C77DC38140>,Female,Brown White,Faux Fur Plush,Long Sleeved,Leopard And Cheetah,,Furry,Costumes & Cosplay,1001752
<PIL.Image.Image image mode=RGB size=600x600 at 0x79C77DC3ADE0>,Female,,Knit,Sleeveless,Fringe,Backless Dresses,,Tank Tops,1001756
<PIL.Image.Image image mode=RGB size=600x600 at 0x79C77DC3B0B0>,Female,,Polyester,Sleeveless,,Racerback,,Tank Tops,1001757
<PIL.Image.Image image mode=RGB size=315x306 at 0x79C77DC3B3E0>,Female,,Lace,Sleeveless,Floral,Racerback,Spaghetti Straps,Tank Tops,100176
<PIL.Image.Image image mode=RGB size=600x600 at 0x79C77DC3B740>,Female,White,Polyester,Long Sleeved,,Round Neck,Peplum,Blouses,1001761
<PIL.Image.Image image mode=RGB size=388x369 at 0x79C77DC3BA40>,Female,Black,Chiffon Tulle,Short Sleeves,Mesh,Round Neck,Hollow-Out,Blouses,1001763
<PIL.Image.Image image mode=RGB size=600x600 at 0x79C77DC3BDA0>,Female,Yellow,Spandex,Long Sleeved,,Round Neck,Bandage,Clubbing Dresses,1001764
<PIL.Image.Image image mode=RGB size=600x600 at 0x79C77DC3B9E0>,Male,Black,,Long Sleeved,,Turtlenecks,,Hoodies & Sweatshirts,1001765
<PIL.Image.Image image mode=RGB size=600x600 at 0x79C77DC3B0E0>,Female,Black White,Lace,Sleeveless,,Round Neck,Bodycon,Cocktail Dresses,1001766
<PIL.Image.Image image mode=RGB size=600x600 at 0x79C77DC3A630>,Male,,,Short Sleeves,,Round Neck,,T-Shirts,1001767
<PIL.Image.Image image mode=RGB size=600x600 at 0x79C77DC39D60>,Female,Black,Cotton,Sleeveless,Ruched,V-Necks,Spaghetti Straps,Vests,1001769
<PIL.Image.Image image mode=RGB size=600x600 at 0x79C77DC3A720>,Female,Black Blue Purple,,Long Sleeved,,Off The Shoulder,,Blouses,100177
<PIL.Image.Image image mode=RGB size=380x500 at 0x79C77DBF3F50>,Female,,Satin Silk,Sleeveless,Ruffles,Shoulder Drapes,Rhinestone Studded,Cocktail Dresses,1001770
<PIL.Image.Image image mode=RGB size=400x600 at 0x79C77DC21B50>,Female,,Nylon Rayon Spandex,Sleeveless,,V-Necks,Bandage,Dresses,1001772
<PIL.Image.Image image mode=RGB size=331x448 at 0x79C77DC221B0>,Male,Black,,Long Sleeved,,Round Neck,Printed,Jackets,1001773
<PIL.Image.Image image mode=RGB size=600x600 at 0x79C77DC17320>,Female,Gray Red White,Polyester,Sleeveless,Floral,V-Necks,Asymmetric,Dresses,1001775
<PIL.Image.Image image mode=RGB size=421x600 at 0x79C77DD82B10>,Female,,Polyester Spandex,Short Sleeves,,V-Necks,Bodycon,Skirts,1001776
<PIL.Image.Image image mode=RGB size=400x600 at 0x79C77DC17A10>,Female,Teal,,Sleeveless,,Off The Shoulder,Wrap,Party Dresses,1001777
<PIL.Image.Image image mode=RGB size=600x600 at 0x79C77DC39A30>,Female,Gray,,Sleeveless,,V-Necks,Asymmetric,Casual Dresses,1001778
<PIL.Image.Image image mode=RGB size=400x400 at 0x79C77DC165A0>,Female,,,,,,Furry,Winter Boots,1001779
<PIL.Image.Image image mode=RGB size=600x600 at 0x79C77DC44380>,Female,Purple,,,,,,,100178
<PIL.Image.Image image mode=RGB size=600x600 at 0x79C77DC44EC0>,Female,Gray Pink Red,Polyester,Sleeveless,Ruched,V-Necks,Pleated,Dresses,1001780
<PIL.Image.Image image mode=RGB size=500x500 at 0x79C77DC454C0>,Male,Black,,,,,,Drawstring Pants,1001782
<PIL.Image.Image image mode=RGB size=600x600 at 0x79C77DC457F0>,Female,,Polyester,Sleeveless,,Off The Shoulder,Bodycon,Dresses,1001783
<PIL.Image.Image image mode=RGB size=600x600 at 0x79C77DC45B20>,Female,Black Blue Red White,Cotton,Long Sleeved,,Round Neck,Peplum,,1001786
<PIL.Image.Image image mode=RGB size=500x500 at 0x79C77DC45E80>,Female,Black Blue Brown White,Faux Fur,Sleeveless,Quilted,V-Necks,Furry,,1001787
<PIL.Image.Image image mode=RGB size=587x400 at 0x79C77DC46150>,Male,Black White,,,,,,Harem Pants,1001788
<PIL.Image.Image image mode=RGB size=600x408 at 0x79C77DC46480>,Female,,,Long Sleeved,,Turtlenecks,Peplum,,1001789
<PIL.Image.Image image mode=RGB size=600x600 at 0x79C77DC46780>,Female,,Cotton Polyester,Sleeveless,,Backless Dresses,Summer,Casual Dresses,1001790
<PIL.Image.Image image mode=RGB size=600x600 at 0x79C77DC39880>,Female,,,Long Sleeved,,Shoulder Drapes,,Blouses,1001791
<PIL.Image.Image image mode=RGB size=480x600 at 0x79C77DC44DD0>,Female,,Spandex,,,,,Thongs,1001793
<PIL.Image.Image image mode=RGB size=600x600 at 0x79C77DC38980>,Male,,Cotton,Sleeveless,,U-Necks,Spaghetti Straps,Vests,1001794
<PIL.Image.Image image mode=RGB size=600x600 at 0x79C77DC474D0>,Female,Black,Nylon,,Mesh,,,"Hosiery, Stockings, Tights",1001795
<PIL.Image.Image image mode=RGB size=600x600 at 0x79C77DC47770>,Male,Black Blue,Nylon Spandex,,,,,Sweatpants,1001796
<PIL.Image.Image image mode=RGB size=600x600 at 0x79C77DC47A70>,Female,,Cotton,Long Sleeved,,Collared,,Suits & Blazers,1001797
<PIL.Image.Image image mode=RGB size=400x600 at 0x79C77DC47DD0>,Female,Red White,Lace,Short Sleeves,Mesh,Sweetheart Neckline,Bodycon,Skirts,1001798
<PIL.Image.Image image mode=RGB size=600x600 at 0x79C77DC47BF0>,Neutral,,,,,Round Neck,,Hoodies & Sweatshirts,1001799
<PIL.Image.Image image mode=RGB size=600x600 at 0x79C77DC47AD0>,Female,Black White,Lace,Long Sleeved,Crochet,Round Neck,,Blouses,100180
<PIL.Image.Image image mode=RGB size=600x600 at 0x79C77DC47BC0>,Female,,,Long Sleeved,Stripes,Turtlenecks,Tunic,Casual Dresses,1001801
<PIL.Image.Image image mode=RGB size=484x484 at 0x79C77DC46A80>,Female,Black White,Cotton Polyester Rayon,Sleeveless,Hearts,Round Neck,Printed,T-Shirts,1001803
<PIL.Image.Image image mode=RGB size=600x536 at 0x79C77DC468D0>,Female,,,Sleeveless,,Off The Shoulder,Summer,Casual Dresses,1001804
<PIL.Image.Image image mode=RGB size=600x600 at 0x79C77DC46A20>,Female,Blue Green Red,,Sleeveless,,Round Neck,Summer,Casual Dresses,1001805
<PIL.Image.Image image mode=RGB size=600x600 at 0x79C77DC465A0>,Male,Black Green,Cotton,Long Sleeved,,Collared,,Hoodies & Sweatshirts,1001807
<PIL.Image.Image image mode=RGB size=600x600 at 0x79C77DC51490>,Male,Black White,,Long Sleeved,,Collared,Embroidered,Dress Shirts,1001809
<PIL.Image.Image image mode=RGB size=600x600 at 0x79C77DC51760>,Female,Blue Green Orange Purple White,Polyester Spandex,,,,,Yoga Pants,100181
<PIL.Image.Image image mode=RGB size=600x600 at 0x79C77DC51A90>,Male,White,Cotton Polyester,Short Sleeves,,Round Neck,,,1001810
<PIL.Image.Image image mode=RGB size=600x600 at 0x79C77DC51DF0>,Neutral,,Polyester,Sleeveless,Floral,Off The Shoulder,Summer,Dresses,1001812
<PIL.Image.Image image mode=RGB size=600x600 at 0x79C77DC52120>,Male,,Faux Fur,Long Sleeved,Quilted,,Furry,Bubble Coats,1001815
<PIL.Image.Image image mode=RGB size=489x600 at 0x79C77DC52420>,Female,Green Pink,,Sleeveless,,Sweetheart Neckline,Beaded,Wedding Dresses,1001816
<PIL.Image.Image image mode=RGB size=600x600 at 0x79C77D93D880>,Female,Black,,Long Sleeved,Crochet,V-Necks,Bodycon,Dresses,1001817
<PIL.Image.Image image mode=RGB size=600x600 at 0x79C77DC44FB0>,Female,Black,Leather,,,,,Leggings,1001818
<PIL.Image.Image image mode=RGB size=600x600 at 0x79C77DC44650>,Neutral,,,Sleeveless,,Sweetheart Neckline,Peplum,Dresses,1001819
<PIL.Image.Image image mode=RGB size=600x600 at 0x79C77DC47020>,Female,Blue,Denim,,Ripped,,,Skinny Jeans,100182
<PIL.Image.Image image mode=RGB size=600x600 at 0x79C77DC3A390>,Female,,,,,,,Lingerie Sleepwear & Underwear,1001821
<PIL.Image.Image image mode=RGB size=600x600 at 0x79C77DC3ACC0>,Female,,Lace Tulle,Strapless,Sequins,Sweetheart Neckline,Rhinestone Studded,Wedding Dresses,1001822
<PIL.Image.Image image mode=RGB size=600x600 at 0x79C77DC21F40>,Neutral,Black Blue Pink Purple White,Lace,Sleeveless,Mesh,Backless Dresses,Spaghetti Straps,Lingerie Sleepwear & Underwear,1001823
<PIL.Image.Image image mode=RGB size=600x600 at 0x79C77DC3B350>,Female,Gray Green,Cotton,,,Round Neck,,Jumpsuits Overalls & Rompers,1001824
<PIL.Image.Image image mode=RGB size=600x600 at 0x79C77DC23410>,Female,,Satin,Strapless,,Sweetheart Neckline,Bodycon,Dresses,1001826
<PIL.Image.Image image mode=RGB size=600x600 at 0x79C77DC50470>,Female,White,Polyester,Short Sleeves,,Round Neck,Summer,Casual Dresses,1001827
<PIL.Image.Image image mode=RGB size=491x491 at 0x79C77DC52300>,Female,Green,,Sleeveless,,,,Swimsuits,1001828
<PIL.Image.Image image mode=RGB size=336x600 at 0x79C77DC523F0>,Female,,,Long Sleeved,Leopard And Cheetah,Turtlenecks,Bodycon,,1001831
<PIL.Image.Image image mode=RGB size=390x518 at 0x79C77DC53380>,Female,Black Red,,,,,Hollow-Out,Heels,1001832
<PIL.Image.Image image mode=RGB size=600x600 at 0x79C77DC53650>,Female,Black Blue Red White,Polyester,,,,,,1001834
<PIL.Image.Image image mode=RGB size=600x600 at 0x79C77DC53980>,Female,Black Green Red White,Knit,Long Sleeved,,V-Necks,,Cardigans,1001835
<PIL.Image.Image image mode=RGB size=600x600 at 0x79C77DC53C50>,Female,,Cotton Spandex,,,,,Capri Pants,1001836
<PIL.Image.Image image mode=RGB size=600x600 at 0x79C77DC53D40>,Female,White,Polyester,Long Sleeved,,Round Neck,Bodycon,Party Dresses,1001837
<PIL.Image.Image image mode=RGB size=600x600 at 0x79C77DC53A40>,Female,Black Blue Pink White,Polyester Spandex,Sleeveless,Ruched,V-Necks,Pleated,Party Dresses,1001838
<PIL.Image.Image image mode=RGB size=600x600 at 0x79C77DC53C80>,Female,Black Pink Purple Red White,Tulle,,Sequins,,,Tutus,1001839
<PIL.Image.Image image mode=RGB size=400x600 at 0x79C77DC68920>,Female,,,Strapless,,Off The Shoulder,Summer,Dresses,100184
<PIL.Image.Image image mode=RGB size=600x600 at 0x79C77DC517C0>,Neutral,,,Sleeveless,,Off The Shoulder,Bodycon,Dresses,1001841
<PIL.Image.Image image mode=RGB size=600x472 at 0x79C77DC52FF0>,Female,,Lace,Long Sleeved,,Off The Shoulder,Pleated,Skirts,1001843
<PIL.Image.Image image mode=RGB size=332x600 at 0x79C77DC52DE0>,Female,,Polyester,Sleeveless,,V-Necks,Spaghetti Straps,Underwear,1001844
<PIL.Image.Image image mode=RGB size=600x600 at 0x79C77DC53FB0>,Female,Black Red White,,Sleeveless,,V-Necks,Spaghetti Straps,Jumpsuits Overalls & Rompers,1001846
<PIL.Image.Image image mode=RGB size=600x600 at 0x79C77DC699D0>,Neutral,,Satin,,Ruffles,Collared,Peplum,Dance Wear,1001847
<PIL.Image.Image image mode=RGB size=600x600 at 0x79C77DC69CD0>,Female,Black,,,Mesh,,,Yoga Pants,1001848
<PIL.Image.Image image mode=RGB size=356x600 at 0x79C77DC6A000>,Male,Black,,,,,,Raincoats,1001849
<PIL.Image.Image image mode=RGB size=600x600 at 0x79C77DC6A2D0>,Neutral,Black,,,,,,Athletic Pants,1001851
<PIL.Image.Image image mode=RGB size=600x600 at 0x79C77DC6A660>,Female,,Polyester,Sleeveless,,V-Necks,Bodycon,Dresses,1001852
<PIL.Image.Image image mode=RGB size=600x593 at 0x79C77DC6A990>,Female,,Denim,,Ripped,,,Skinny Jeans,1001853
<PIL.Image.Image image mode=RGB size=600x600 at 0x79C77DC68BC0>,Neutral,White,Cotton,Short Sleeves,,Round Neck,,T-Shirts,1001855
<PIL.Image.Image image mode=RGB size=483x598 at 0x79C77DC68680>,Neutral,,,,,,,Costumes & Cosplay,1001856
<PIL.Image.Image image mode=RGB size=600x600 at 0x79C77DC6B1A0>,Male,,Cotton,Short Sleeves,,Round Neck,,Athletic Shirts,1001857
<PIL.Image.Image image mode=RGB size=600x600 at 0x79C77DC6B470>,Male,,,,,,,Cargo Shorts,1001859
<PIL.Image.Image image mode=RGB size=600x600 at 0x79C77DC6B7A0>,Neutral,,Lace,Sleeveless,,V-Necks,Spaghetti Straps,Nightgowns,100186
<PIL.Image.Image image mode=RGB size=600x476 at 0x79C77DC6BAA0>,Female,Purple,Chiffon,Sleeveless,Ruched,Sweetheart Neckline,Rhinestone Studded,Formal Dresses,1001860
<PIL.Image.Image image mode=RGB size=600x600 at 0x79C77DC6BDA0>,Neutral,Blue White,Flannel Fleece,,,,,Robes,1001862
<PIL.Image.Image image mode=RGB size=600x600 at 0x79C77DC6BA40>,Female,Black Red,Spandex,Strapless,,V-Necks,Peplum,,1001863
<PIL.Image.Image image mode=RGB size=600x600 at 0x79C77DC6B620>,Male,Black,,Sleeveless,,Round Neck,,,1001864
<PIL.Image.Image image mode=RGB size=429x541 at 0x79C77DC68A70>,Female,,Cashmere,Long Sleeved,,,,Trench Coats,1001865
<PIL.Image.Image image mode=RGB size=400x600 at 0x79C77DC6A810>,Male,,Leather,,,,,Casual Pants,1001866
<PIL.Image.Image image mode=RGB size=600x600 at 0x79C77DC6AA20>,Female,,Polyester,,,,,Kimonos,100187
<PIL.Image.Image image mode=RGB size=600x600 at 0x79C77DC6AC90>,Female,,Cotton,Sleeveless,,Off The Shoulder,Summer,Party Dresses,1001870
<PIL.Image.Image image mode=RGB size=600x600 at 0x79C77DC6A8D0>,Female,Blue Green White,,Short Sleeves,Floral,Off The Shoulder,Summer,Casual Dresses,1001871
<PIL.Image.Image image mode=RGB size=600x600 at 0x79C77DC52C00>,Female,Black White,Chiffon,Long Sleeved,,Round Neck,Asymmetric,Blouses,1001872
<PIL.Image.Image image mode=RGB size=508x508 at 0x79C77DC526C0>,Female,Black Blue Brown Gray Green Pink White,Knit,Long Sleeved,,Turtlenecks,,Pullover Sweaters,1001873
<PIL.Image.Image image mode=RGB size=600x600 at 0x79C77DC454F0>,Female,,,,,,Printed,Leggings,1001875
<PIL.Image.Image image mode=RGB size=500x500 at 0x79C77DC17D40>,Female,Black,Lace,Long Sleeved,Mesh,Sweetheart Neckline,Bodycon,Party Dresses,1001877
<PIL.Image.Image image mode=RGB size=587x400 at 0x79C77DC46030>,Female,Black White,,Sleeveless,,Racerback,,Tank Tops,100188
<PIL.Image.Image image mode=RGB size=600x600 at 0x79C77DC74AD0>,Female,Gray Red,,Long Sleeved,Ruched,Turtlenecks,Pleated,Dresses,1001880
<PIL.Image.Image image mode=RGB size=424x572 at 0x79C77DC458B0>,Female,,Nylon Spandex,,,,Spaghetti Straps,Bikinis,1001881
<PIL.Image.Image image mode=RGB size=600x600 at 0x79C77DC696A0>,Female,Pink,,,,Round Neck,Pleated,Skirts,1001882
<PIL.Image.Image image mode=RGB size=474x600 at 0x79C77DC521B0>,Female,Black White,Polyester,Strapless,Sequins,Sweetheart Neckline,Bodycon,Clubbing Dresses,1001883
<PIL.Image.Image image mode=RGB size=600x600 at 0x79C77DC51A00>,Male,,Cotton,Long Sleeved,,Turtlenecks,Tunic,Jackets,1001884
<PIL.Image.Image image mode=RGB size=600x600 at 0x79C77DC75BB0>,Female,Black,Rayon,Strapless,Polka Dot,Off The Shoulder,,Dresses,1001885
<PIL.Image.Image image mode=RGB size=600x600 at 0x79C77DC75EE0>,Neutral,,Spandex,Short Sleeves,,Round Neck,,Jerseys,1001886
<PIL.Image.Image image mode=RGB size=600x600 at 0x79C77DC761E0>,Female,,,Sleeveless,,Off The Shoulder,Spaghetti Straps,Jumpsuits Overalls & Rompers,1001887
<PIL.Image.Image image mode=RGB size=349x520 at 0x79C77DC76510>,Male,,,Long Sleeved,,V-Necks,Two-Tone,Polos,1001889
<PIL.Image.Image image mode=RGB size=450x600 at 0x79C77DC76840>,Female,Black White,,Long Sleeved,,Round Neck,Bodycon,Dresses,100189
<PIL.Image.Image image mode=RGB size=600x600 at 0x79C77DC76BD0>,Female,Black Red,Lace,,Floral,V-Necks,,Pajamas,1001891
<PIL.Image.Image image mode=RGB size=600x600 at 0x79C77DC74EC0>,Female,Black,,,,,,Yoga Pants,1001892
<PIL.Image.Image image mode=RGB size=600x600 at 0x79C77DC74C50>,Female,Black White,,Short Sleeves,Floral,Round Neck,Vintage Retro,,1001893
<PIL.Image.Image image mode=RGB size=532x530 at 0x79C77DC774D0>,Female,,,Sleeveless,Ruched,Sweetheart Neckline,Pleated,Dresses,1001894
<PIL.Image.Image image mode=RGB size=600x600 at 0x79C77DC77830>,Neutral,Black,Lace,,Mesh,,,Lingerie Sleepwear & Underwear,1001896
<PIL.Image.Image image mode=RGB size=600x600 at 0x79C77DC77B60>,Female,Blue,Polyester,Sleeveless,Ruched,V-Necks,Wrap,Casual Dresses,1001898
<PIL.Image.Image image mode=RGB size=600x600 at 0x79C77DC77E30>,Female,,Polyester,,,,,Leggings,1001899
<PIL.Image.Image image mode=RGB size=600x600 at 0x79C77DC77B00>,Female,,,,Sequins,,,Casual Shorts,100190
<PIL.Image.Image image mode=RGB size=600x600 at 0x79C77DC77950>,Male,Black Gray Red White,Cotton,,,,,Sweatpants,1001901
<PIL.Image.Image image mode=RGB size=600x600 at 0x79C77DC77E90>,Female,,,Sleeveless,,V-Necks,Wrap,Dresses,1001902
<PIL.Image.Image image mode=RGB size=600x600 at 0x79C77DC80AA0>,Female,Black,Polyester,Short Sleeves,Floral,Round Neck,Bodycon,Party Dresses,1001903
<PIL.Image.Image image mode=RGB size=600x600 at 0x79C77DC76AE0>,Female,Black,Lace,Long Sleeved,Mesh,Round Neck,Hollow-Out,Formal Dresses,1001908
<PIL.Image.Image image mode=RGB size=600x600 at 0x79C77DC76B40>,Male,,Polyester,Short Sleeves,,Round Neck,,Jerseys,1001909
<PIL.Image.Image image mode=RGB size=600x600 at 0x79C77DC76EA0>,Female,Black Blue Pink Red,Polyester,Sleeveless,,Off The Shoulder,Bodycon,Casual Dresses,1001910
<PIL.Image.Image image mode=RGB size=600x600 at 0x79C77DC76A80>,Female,Green Red White,,,,,,Casual Pants,1001912
<PIL.Image.Image image mode=RGB size=357x535 at 0x79C77DC81820>,Female,Blue,,Strapless,Pin Stripes,Off The Shoulder,,,1001913
<PIL.Image.Image image mode=RGB size=600x600 at 0x79C77DC81AF0>,Male,,,,,,,Sweatpants,1001914
<PIL.Image.Image image mode=RGB size=461x600 at 0x79C77DC81DF0>,Male,,,,,,Embroidered,Casual Shoes,1001915
<PIL.Image.Image image mode=RGB size=600x600 at 0x79C77DC820F0>,Female,,Polyester Spandex,Short Sleeves,,,Bodycon,Cocktail Dresses,1001916
<PIL.Image.Image image mode=RGB size=600x600 at 0x79C77DC82420>,Male,,Cotton,Short Sleeves,Galaxy,Round Neck,,T-Shirts,1001917
<PIL.Image.Image image mode=RGB size=600x597 at 0x79C77DC82750>,Female,Blue,Cotton Polyester,Short Sleeves,Ruffles,Off The Shoulder,Summer,Dresses,100192
<PIL.Image.Image image mode=RGB size=600x600 at 0x79C77DC76C60>,Female,,Spandex,,,,,Swimsuits,1001922
<PIL.Image.Image image mode=RGB size=598x600 at 0x79C77DC749E0>,Neutral,Green Multi Color,Twill,,Camouflage,,,Cargo Pants,1001923
<PIL.Image.Image image mode=RGB size=600x600 at 0x79C77DC76480>,Male,Black Blue Gray Green Yellow,Cotton,Long Sleeved,,Collared,,Hoodies & Sweatshirts,1001924
<PIL.Image.Image image mode=RGB size=345x350 at 0x79C77DC46BD0>,Male,,Cotton,Short Sleeves,,Collared,,Polos,1001925
<PIL.Image.Image image mode=RGB size=600x600 at 0x79C77DC75010>,Female,Black Blue Gray Green Pink Purple Red White Yellow,Cotton,Long Sleeved,,Turtlenecks,,,1001927
<PIL.Image.Image image mode=RGB size=600x600 at 0x79C77DC52D80>,Female,Black Blue Pink,,Long Sleeved,,V-Necks,,Blouses,1001928
<PIL.Image.Image image mode=RGB size=600x600 at 0x79C77DC3A960>,Female,,,Sleeveless,,Backless Dresses,Pleated,Fashion Sets,100193
<PIL.Image.Image image mode=RGB size=600x600 at 0x79C77DC6A600>,Female,Green Teal,Tulle,Strapless,Sequins,Sweetheart Neckline,Beaded,Prom Dresses,1001930
<PIL.Image.Image image mode=RGB size=473x596 at 0x79C77DC75760>,Male,,Cotton,Long Sleeved,,V-Necks,,,1001931
<PIL.Image.Image image mode=RGB size=600x600 at 0x79C77DC6AA80>,Female,Black Red,Lace,Long Sleeved,,,Bodycon,Formal Dresses,1001932
<PIL.Image.Image image mode=RGB size=600x600 at 0x79C77DC82960>,Neutral,,Cotton Polyester,Sleeveless,,Racerback,,Tank Tops,1001934
<PIL.Image.Image image mode=RGB size=600x600 at 0x79C77DC82540>,Female,,Chiffon,,,,Pleated,Skirts,1001936
<PIL.Image.Image image mode=RGB size=600x600 at 0x79C77DC831A0>,Male,,,,,,,Drawstring Pants,1001937
<PIL.Image.Image image mode=RGB size=600x600 at 0x79C77DC834A0>,Female,,,Short Sleeves,,Off The Shoulder,,Blouses,1001938
<PIL.Image.Image image mode=RGB size=600x600 at 0x79C77DC83770>,Male,,,Short Sleeves,,Round Neck,,Athletic Shirts,1001939
<PIL.Image.Image image mode=RGB size=400x600 at 0x79C77DC83B00>,Female,,Lace,Long Sleeved,Crochet,V-Necks,Bodycon,Party Dresses,100194
<PIL.Image.Image image mode=RGB size=600x600 at 0x79C77DC83E00>,Female,,,Long Sleeved,Polka Dot Ruffles,Off The Shoulder,Summer,,1001940
<PIL.Image.Image image mode=RGB size=600x600 at 0x79C77DC83AA0>,Female,,Tulle,Sleeveless,,Sweetheart Neckline,Asymmetric,Formal Dresses,1001942
<PIL.Image.Image image mode=RGB size=600x600 at 0x79C77DC83B60>,Female,,Polyester Spandex,Sleeveless,,Round Neck,Asymmetric,Dresses,1001943
<PIL.Image.Image image mode=RGB size=416x600 at 0x79C77DC83E60>,Male,,,,Plaid,,,Swim Trunks,1001944
<PIL.Image.Image image mode=RGB size=600x600 at 0x79C77DC80DD0>,Female,Black White,Polyester Spandex,Sleeveless,,Backless Dresses,Spaghetti Straps,Crop Tops,1001946
<PIL.Image.Image image mode=RGB size=600x474 at 0x79C77DC82300>,Female,Black Brown,,Long Sleeved,,Round Neck,Tunic,Dresses,1001947
<PIL.Image.Image image mode=RGB size=600x600 at 0x79C77DC80A40>,Female,Blue Green Pink Yellow,,Long Sleeved,,Off The Shoulder,Pleated,Casual Dresses,1001948
<PIL.Image.Image image mode=RGB size=600x600 at 0x79C77DC818B0>,Female,,Knit,,Geometric,,,Leggings,100195
<PIL.Image.Image image mode=RGB size=600x600 at 0x79C77DC955E0>,Female,Beige,Knit,Sleeveless,,Turtlenecks,Bodycon,,1001950
<PIL.Image.Image image mode=RGB size=409x600 at 0x79C77DC958B0>,Male,Black Blue,,Long Sleeved,,,,Athletic Shirts,1001952
<PIL.Image.Image image mode=RGB size=600x600 at 0x79C77DC95BE0>,Male,,Cotton,Long Sleeved,,,,Cardigans,1001953
<PIL.Image.Image image mode=RGB size=600x600 at 0x79C77DC95EB0>,Female,Beige Black,,Long Sleeved,,Off The Shoulder,,,1001954
<PIL.Image.Image image mode=RGB size=600x600 at 0x79C77DC961B0>,Female,,Knit,Long Sleeved,Camouflage,,,Cardigans,1001955
<PIL.Image.Image image mode=RGB size=600x600 at 0x79C77DC96480>,Female,Black Blue,,Long Sleeved,,Collared,,Trench Coats,1001956
<PIL.Image.Image image mode=RGB size=600x600 at 0x79C77DC94890>,Female,Black,,Sleeveless,,V-Necks,Spaghetti Straps,Dresses,1001957
<PIL.Image.Image image mode=RGB size=500x500 at 0x79C77DC96DB0>,Male,,Cotton,Short Sleeves,,Collared,,Polos,1001958
<PIL.Image.Image image mode=RGB size=600x600 at 0x79C77DC971A0>,Female,,Polyester,Sleeveless,Floral,Sweetheart Neckline,Summer,Dresses,100196
<PIL.Image.Image image mode=RGB size=600x600 at 0x79C77DC974D0>,Female,Black Blue,,Short Sleeves,,Round Neck,Pleated,Dresses,1001960
<PIL.Image.Image image mode=RGB size=557x600 at 0x79C77DC97800>,Female,,Polyester,,Floral,,,Corsets,1001962
<PIL.Image.Image image mode=RGB size=600x588 at 0x79C77DC97B30>,Female,Black White,,Long Sleeved,Floral,Round Neck,Bodycon,Casual Dresses,1001964
<PIL.Image.Image image mode=RGB size=600x600 at 0x79C77DC97E90>,Female,,Denim,,Ripped,,,Jeans,1001969
<PIL.Image.Image image mode=RGB size=600x600 at 0x79C77DC97AD0>,Female,Black,Cotton Linen,Long Sleeved,,Round Neck,Tunic,Maternity,100197
<PIL.Image.Image image mode=RGB size=400x600 at 0x79C77DC971D0>,Female,Purple,,Long Sleeved,,Round Neck,Bodycon,,1001970
<PIL.Image.Image image mode=RGB size=450x600 at 0x79C77DC97EC0>,Female,,Chiffon,Short Sleeves,,Round Neck,Printed,Skirts,1001972
<PIL.Image.Image image mode=RGB size=600x600 at 0x79C77DC81B80>,Male,Blue Green,Cotton,Short Sleeves,,Collared,,Dress Shirts,1001974
<PIL.Image.Image image mode=RGB size=558x600 at 0x79C77DC827B0>,Female,Black Blue,Lace,Strapless,,Sweetheart Neckline,Bodycon,Party Dresses,1001975
<PIL.Image.Image image mode=RGB size=384x600 at 0x79C77DC83FE0>,Female,,,Sleeveless,Zebra,V-Necks,Spaghetti Straps,Nightgowns,1001976
<PIL.Image.Image image mode=RGB size=600x600 at 0x79C77DC6A9C0>,Female,,Polyester,Sleeveless,Leopard And Cheetah,V-Necks,Summer,Dresses,1001977
<PIL.Image.Image image mode=RGB size=600x600 at 0x79C77DC750D0>,Female,,Denim,,,,Pleated,Skirts,1001978
<PIL.Image.Image image mode=RGB size=600x600 at 0x79C77DC47230>,Male,White,Cotton,Short Sleeves,,Round Neck,Printed,T-Shirts,100198
<PIL.Image.Image image mode=RGB size=484x484 at 0x79C77DC771A0>,Female,Black,Cotton Polyester Rayon,Sleeveless,Paisley,Racerback,Printed,Tank Tops,1001980
<PIL.Image.Image image mode=RGB size=600x600 at 0x79C77DC97E00>,Male,White,Cotton,Short Sleeves,Pin Stripes,V-Necks,,Casual Shirts,1001981
<PIL.Image.Image image mode=RGB size=570x571 at 0x79C77DC94A70>,Female,Pink,Tulle,Sleeveless,Sequins,Sweetheart Neckline,Beaded,Formal Dresses,1001982
<PIL.Image.Image image mode=RGB size=587x400 at 0x79C77DC95E20>,Male,,Denim,Long Sleeved,,Collared,,Jumpsuits Overalls & Rompers,1001983
<PIL.Image.Image image mode=RGB size=498x585 at 0x79C77DC97D70>,Female,,Chiffon,Sleeveless,,Round Neck,Summer,Dresses,1001984
<PIL.Image.Image image mode=RGB size=600x600 at 0x79C77DCA0980>,Female,Black Blue Green Red,Lace,Long Sleeved,,U-Necks,Tunic,,1001985
<PIL.Image.Image image mode=RGB size=600x600 at 0x79C77DCA11F0>,Female,,,Long Sleeved,,,,Jumpsuits Overalls & Rompers,1001987
<PIL.Image.Image image mode=RGB size=500x500 at 0x79C77DCA1520>,Female,,,Long Sleeved,,V-Necks,,Jumpsuits Overalls & Rompers,1001988
<PIL.Image.Image image mode=RGB size=600x600 at 0x79C77DCA17F0>,Female,Red,Cotton Linen,Long Sleeved,Checkered,Round Neck,Printed,Casual Dresses,1001989
<PIL.Image.Image image mode=RGB size=484x484 at 0x79C77DCA1AF0>,Neutral,,,Long Sleeved,,Round Neck,Printed,T-Shirts,1001990
<PIL.Image.Image image mode=RGB size=600x600 at 0x79C77DCA1DC0>,Female,,Nylon Spandex,,,,,Sports Bras,1001991
<PIL.Image.Image image mode=RGB size=458x456 at 0x79C77DCA20C0>,Female,Black Blue Red,Lace,Long Sleeved,Floral,Round Neck,Pleated,Casual Dresses,1001993
<PIL.Image.Image image mode=RGB size=600x600 at 0x79C77DCA23F0>,Female,Silver,,Sleeveless,,V-Necks,,Nightgowns,1001994
<PIL.Image.Image image mode=RGB size=600x600 at 0x79C77DCA2720>,Female,,Polyester,Long Sleeved,,Backless Dresses,Pleated,Dresses,1001995
<PIL.Image.Image image mode=RGB size=390x520 at 0x79C77DC97770>,Female,Black Blue,Knit,Long Sleeved,Stripes,Shoulder Drapes,Hollow-Out,Dresses,1001999
<PIL.Image.Image image mode=RGB size=600x600 at 0x79C77DC95FD0>,Neutral,,,,,Backless Dresses,,,1002
<PIL.Image.Image image mode=RGB size=415x438 at 0x79C77DC94E90>,Male,,,Short Sleeves,,Round Neck,,Athletic Sets,10020
<PIL.Image.Image image mode=RGB size=600x600 at 0x79C77DC94530>,Female,,Polyester,Long Sleeved,Stripes,Shoulder Drapes,Bodycon,Dresses,100200
<PIL.Image.Image image mode=RGB size=600x600 at 0x79C77DCA3680>,Female,White,Chiffon Lace,Sleeveless,Ruffles Sequins,V-Necks,Pleated,Wedding Dresses,1002000
<PIL.Image.Image image mode=RGB size=600x600 at 0x79C77DCA3980>,Neutral,,,,,,,Petticoats,1002002
<PIL.Image.Image image mode=RGB size=600x600 at 0x79C77DCA3D10>,Female,,Chiffon,Sleeveless,Floral,Backless Dresses,Summer,Casual Dresses,1002003
<PIL.Image.Image image mode=RGB size=497x497 at 0x79C77DCA3A40>,Female,Blue,Faux Fur Wool,Long Sleeved,,,Furry,,1002004
<PIL.Image.Image image mode=RGB size=600x527 at 0x79C77DCA39E0>,Female,Black White,Lace,,Mesh,,,Fashion Sets,1002005
<PIL.Image.Image image mode=RGB size=600x600 at 0x79C77DCA30E0>,Female,Black Blue White,,Sleeveless,Ruffles,Off The Shoulder,Bodycon,Dresses,1002006
<PIL.Image.Image image mode=RGB size=600x600 at 0x79C77DCA25A0>,Female,Black White,Chiffon,Sleeveless,,Backless Dresses,Summer,Dresses,1002008
<PIL.Image.Image image mode=RGB size=600x600 at 0x79C77DCA27B0>,Neutral,,,Short Sleeves,,Round Neck,,Jerseys,100201
<PIL.Image.Image image mode=RGB size=600x600 at 0x79C77DCA2A20>,Female,,Polyester Spandex,,Floral,,,Swimsuits,1002010
<PIL.Image.Image image mode=RGB size=600x600 at 0x79C77DCA2660>,Female,Black Blue,Wool,Long Sleeved,,,Furry,Trench Coats,1002012
<PIL.Image.Image image mode=RGB size=310x310 at 0x79C77DAB5670>,Male,,,Long Sleeved,,,Reversible,Jackets,1002013
<PIL.Image.Image image mode=RGB size=600x600 at 0x79C77DAB59A0>,Female,Black Blue Red,,Sleeveless,,V-Necks,Bodycon,,1002015
<PIL.Image.Image image mode=RGB size=600x600 at 0x79C77DAB5D00>,Female,Black,,Short Sleeves,,Round Neck,Bodycon,T-Shirts,1002017
<PIL.Image.Image image mode=RGB size=400x600 at 0x79C77DAB6060>,Female,,Lace,Short Sleeves,Chevron,Off The Shoulder,,Dresses,1002018
<PIL.Image.Image image mode=RGB size=546x600 at 0x79C77DAB6330>,Male,,,Long Sleeved,,Round Neck,,Bubble Coats,1002019
<PIL.Image.Image image mode=RGB size=400x600 at 0x79C77DAB6690>,Female,,Taffeta,Strapless,Ruched,Sweetheart Neckline,Bodycon,Custom Made Clothing,100202
<PIL.Image.Image image mode=RGB size=600x600 at 0x79C77DAB49B0>,Neutral,,Denim,,Ripped,,Embroidered,Baggy Jeans,1002020
<PIL.Image.Image image mode=RGB size=600x580 at 0x79C77DAB4110>,Male,,Leather,Long Sleeved,,Round Neck,Spaghetti Straps,Nightgowns,1002021
<PIL.Image.Image image mode=RGB size=587x400 at 0x79C77DCA2120>,Female,,,,,,,Capri Pants,1002024
<PIL.Image.Image image mode=RGB size=600x600 at 0x79C77DCA12E0>,Female,Black Gray Pink Red,Knit,Long Sleeved,,Turtlenecks,Bodycon,,1002025
<PIL.Image.Image image mode=RGB size=600x600 at 0x79C77DCA05F0>,Female,,Silk,,,,,Pajamas,1002026
<PIL.Image.Image image mode=RGB size=587x400 at 0x79C77DCA27E0>,Female,Black,,Sleeveless,,V-Necks,Bodycon,Cocktail Dresses,1002027
<PIL.Image.Image image mode=RGB size=600x600 at 0x79C77DC957C0>,Female,Black,,Long Sleeved,,Round Neck,Bodycon,Party Dresses,1002029
<PIL.Image.Image image mode=RGB size=400x600 at 0x79C77DC96570>,Female,Black Orange,,,,,Printed,Leggings,100203
<PIL.Image.Image image mode=RGB size=600x600 at 0x79C77DC80E00>,Female,,Chiffon,Long Sleeved,Chevron,Shoulder Drapes,Asymmetric,Blouses,1002030
<PIL.Image.Image image mode=RGB size=500x500 at 0x79C77DC74DA0>,Female,Red,,Sleeveless,Sequins,V-Necks,Bodycon,Dresses,1002032
<PIL.Image.Image image mode=RGB size=600x600 at 0x79C77DC82F00>,Female,Black Blue,,,,,,Leggings,1002033
<PIL.Image.Image image mode=RGB size=500x500 at 0x79C77DAB6720>,Female,,Cotton,Sleeveless,,Racerback,,Blouses,1002034
<PIL.Image.Image image mode=RGB size=314x303 at 0x79C77DAB7350>,Female,White,Chiffon,,Floral,V-Necks,,Kimonos,1002035
<PIL.Image.Image image mode=RGB size=600x582 at 0x79C77DAB7680>,Female,,,,,,Printed,Leggings,1002036
<PIL.Image.Image image mode=RGB size=600x600 at 0x79C77DAB7A10>,Female,Black White,Lace,Sleeveless,,V-Necks,Bodycon,Dresses,1002039
<PIL.Image.Image image mode=RGB size=600x600 at 0x79C77DAB7CE0>,Female,Black White,Polyester,Sleeveless,Floral,Backless Dresses,Bodycon,Bodysuits,100204
<PIL.Image.Image image mode=RGB size=329x465 at 0x79C77DAB7DD0>,Male,,,Short Sleeves,Checkered,Round Neck,Printed,T-Shirts,1002040
<PIL.Image.Image image mode=RGB size=587x400 at 0x79C77DAB7860>,Male,,Twill,,,,,Cargo Pants,1002041
<PIL.Image.Image image mode=RGB size=421x555 at 0x79C77DAB7D40>,Male,,,Short Sleeves,,Collared,,Dress Shirts,1002042
<PIL.Image.Image image mode=RGB size=600x600 at 0x79C77DAC88F0>,Female,Black Blue Red,Polyester,Short Sleeves,,Off The Shoulder,Bodycon,Dresses,1002043
<PIL.Image.Image image mode=RGB size=600x600 at 0x79C77DAB6FC0>,Female,,Polyester,Sleeveless,,,Bodycon,Uniforms,1002045
<PIL.Image.Image image mode=RGB size=587x400 at 0x79C77DAB5220>,Male,,Denim,,Ripped,,,Baggy Jeans,1002047
<PIL.Image.Image image mode=RGB size=415x416 at 0x79C77DAB4830>,Female,Black White,Lace,Strapless,,Sweetheart Neckline,,Tube Tops,1002049
<PIL.Image.Image image mode=RGB size=600x600 at 0x79C77DAB70B0>,Female,,Chiffon,Long Sleeved,,Round Neck,,Batwing Tops,100205
<PIL.Image.Image image mode=RGB size=600x600 at 0x79C77DAC9730>,Female,Blue Red,Polyester,Long Sleeved,,Collared,Pleated,Casual Dresses,1002050
<PIL.Image.Image image mode=RGB size=600x600 at 0x79C77DAC9A30>,Neutral,,Polyester,Short Sleeves,,,,Jerseys,1002051
<PIL.Image.Image image mode=RGB size=600x600 at 0x79C77DAC9D30>,Female,,Lace Polyester,Sleeveless,,Backless Dresses,,Jumpsuits Overalls & Rompers,1002052
<PIL.Image.Image image mode=RGB size=600x600 at 0x79C77DACA090>,Female,,Denim,,Ripped,,,Shorts,1002053
<PIL.Image.Image image mode=RGB size=600x600 at 0x79C77DACA3C0>,Female,Black Green Pink Purple Red White,Chiffon,Sleeveless,,Off The Shoulder,Spaghetti Straps,Dresses,1002054
<PIL.Image.Image image mode=RGB size=600x600 at 0x79C77DACA6C0>,Female,,,Long Sleeved,,Off The Shoulder,Peplum,,1002055
<PIL.Image.Image image mode=RGB size=302x310 at 0x79C77DAC8C20>,Female,Black Gray White,Cotton Knit,,,,,Thigh Highs,1002057
<PIL.Image.Image image mode=RGB size=600x583 at 0x79C77DACA450>,Female,Red,Chiffon,Sleeveless,,Collared,Summer,Blouses,1002058
<PIL.Image.Image image mode=RGB size=600x597 at 0x79C77DACAFF0>,Female,,,,Leopard And Cheetah,Sweetheart Neckline,,Corsets,1002059
<PIL.Image.Image image mode=RGB size=600x385 at 0x79C77DACB2F0>,Male,Black Blue Green,Cotton,,,,,Trousers,1002063
<PIL.Image.Image image mode=RGB size=600x600 at 0x79C77DACB5F0>,Male,,,Sleeveless,,V-Necks,,Athletic Sets,1002064
<PIL.Image.Image image mode=RGB size=420x538 at 0x79C77DACB8F0>,Female,Black Red White,,Sleeveless,,Sweetheart Neckline,Bodycon,Party Dresses,1002065
<PIL.Image.Image image mode=RGB size=600x600 at 0x79C77DACBBF0>,Female,,,Long Sleeved,,Off The Shoulder,Summer,Casual Dresses,1002066
<PIL.Image.Image image mode=RGB size=600x600 at 0x79C77DACBEF0>,Female,Black Gray Yellow,Polyester Spandex,Long Sleeved,,Collared,Wrap,Casual Dresses,1002068
<PIL.Image.Image image mode=RGB size=600x600 at 0x79C77DACBB90>,Female,Black,,Sleeveless,Leopard And Cheetah,Square Necked,Spaghetti Straps,Tank Tops,1002069
<PIL.Image.Image image mode=RGB size=600x600 at 0x79C77DACBC50>,Male,,,Long Sleeved,,Turtlenecks,Printed,Bubble Coats,100207
<PIL.Image.Image image mode=RGB size=400x600 at 0x79C77DACA600>,Neutral,Black,,,,,,Fashion Sets,1002071
<PIL.Image.Image image mode=RGB size=425x600 at 0x79C77DACAC00>,Female,,Polyester,Sleeveless,,V-Necks,Wrap,Dresses,1002072
<PIL.Image.Image image mode=RGB size=600x600 at 0x79C77DACAA80>,Female,,Cotton Polyester,Short Sleeves,,Round Neck,,T-Shirts,1002073
<PIL.Image.Image image mode=RGB size=461x461 at 0x79C77DAB7EC0>,Neutral,,,Strapless,Ruffles,Off The Shoulder,,Jumpsuits Overalls & Rompers,1002076
<PIL.Image.Image image mode=RGB size=474x474 at 0x79C77DAB75C0>,Male,,,,,,,Casual Pants,1002078
<PIL.Image.Image image mode=RGB size=600x600 at 0x79C77DC82570>,Female,,Polyester,Long Sleeved,,Round Neck,Wrap,Dresses,1002079
<PIL.Image.Image image mode=RGB size=600x600 at 0x79C77DCA3CE0>,Male,,Cotton Spandex,Sleeveless,,Racerback,,Undershirts,100208
<PIL.Image.Image image mode=RGB size=600x600 at 0x79C77DAB6BD0>,Neutral,Blue Green Peach Red Yellow,,,,,,Dance Wear,1002080
<PIL.Image.Image image mode=RGB size=400x600 at 0x79C77DC960C0>,Female,,Denim,Long Sleeved,,Collared,Vintage Retro,Dress Shirts,1002081
<PIL.Image.Image image mode=RGB size=600x600 at 0x79C77DC97C50>,Female,White,,,,,,Yoga Pants,1002083
<PIL.Image.Image image mode=RGB size=400x600 at 0x79C77DCA2C90>,Female,Black,Cotton,Long Sleeved,,Round Neck,,Casual Dresses,1002084
<PIL.Image.Image image mode=RGB size=600x600 at 0x79C77DAD4E30>,Female,White,Lace,Sleeveless,,V-Necks,Pleated,Dresses,1002085
<PIL.Image.Image image mode=RGB size=600x408 at 0x79C77DAD51C0>,Female,,Polyester,Strapless,,Off The Shoulder,Bodycon,Clubbing Dresses,1002086
<PIL.Image.Image image mode=RGB size=500x500 at 0x79C77DAD5580>,Male,Blue,Denim,,Ripped,,,Jeans,1002087
<PIL.Image.Image image mode=RGB size=450x600 at 0x79C77DAD58B0>,Male,,Wool,Long Sleeved,,Turtlenecks,Furry,Peacoats,1002088
<PIL.Image.Image image mode=RGB size=600x597 at 0x79C77DAD5BB0>,Female,Black White,,Long Sleeved,,,Peplum,Cardigans,1002089
<PIL.Image.Image image mode=RGB size=600x600 at 0x79C77DAD5F40>,Female,,Cotton,Sleeveless,Quilted,Round Neck,Furry,Vests,100209
<PIL.Image.Image image mode=RGB size=600x600 at 0x79C77DAD6270>,Female,,Cotton,Sleeveless,,Off The Shoulder,Spaghetti Straps,Dresses,1002090
<PIL.Image.Image image mode=RGB size=600x600 at 0x79C77DAD65D0>,Neutral,Black,Cotton,Sleeveless,,U-Necks,,Tank Tops,1002091
<PIL.Image.Image image mode=RGB size=600x600 at 0x79C77DAD6900>,Female,,Lace,Long Sleeved,,V-Necks,,Trench Coats,1002092
<PIL.Image.Image image mode=RGB size=367x414 at 0x79C77DAC8C80>,Female,,Nylon Spandex,,,,,Swimsuits,1002093
<PIL.Image.Image image mode=RGB size=600x600 at 0x79C77DAC9280>,Neutral,,,,,,Tunic,Slippers,1002094
<PIL.Image.Image image mode=RGB size=600x473 at 0x79C77DACA2A0>,Male,Black Green,,,,,,Cargo Pants,1002095
<PIL.Image.Image image mode=RGB size=600x600 at 0x79C77DACB7D0>,Female,Green Orange Pink White,Tulle,Sleeveless,,,Pleated,Tutus,1002096
<PIL.Image.Image image mode=RGB size=600x600 at 0x79C77DAD7560>,Female,,Cotton Silk,Sleeveless,,V-Necks,Summer,Casual Dresses,1002097
<PIL.Image.Image image mode=RGB size=292x600 at 0x79C77DAD7860>,Female,,,,,,Printed,Leggings,1002098
<PIL.Image.Image image mode=RGB size=600x600 at 0x79C77DAD7B60>,Neutral,,,,,Round Neck,,Costumes & Cosplay,1002099
<PIL.Image.Image image mode=RGB size=500x600 at 0x79C77DAD7EC0>,Female,,,Long Sleeved,Galaxy,Round Neck,Bodycon,Dresses,10021
<PIL.Image.Image image mode=RGB size=600x600 at 0x79C77DAD7B00>,Female,,Polyester,,,,,Fashion Sets,100210
<PIL.Image.Image image mode=RGB size=460x460 at 0x79C77DAD6FC0>,Male,,Cotton,Short Sleeves,Plaid,Collared,,Dress Shirts,1002100
<PIL.Image.Image image mode=RGB size=600x600 at 0x79C77DAD6A50>,Female,Blue,Denim,,Ripped,,Embroidered,,1002102
<PIL.Image.Image image mode=RGB size=600x600 at 0x79C77DAD6DE0>,Female,,,Strapless,Sequins,Sweetheart Neckline,Summer,Casual Dresses,1002103
<PIL.Image.Image image mode=RGB size=600x600 at 0x79C77DAD67E0>,Female,Blue Pink White Yellow,,,Floral,,,Kimonos,1002104
<PIL.Image.Image image mode=RGB size=450x450 at 0x79C77DAD6870>,Female,,Nylon Spandex,Strapless,,,Bandeaus,Bikinis,1002105
<PIL.Image.Image image mode=RGB size=512x518 at 0x79C77DAE9520>,Female,Black Blue Pink Purple,,,Leopard And Cheetah,,,Corsets,1002106
<PIL.Image.Image image mode=RGB size=600x600 at 0x79C77DAE97F0>,Neutral,,Nylon Spandex,,,,,Swim Trunks,1002107
<PIL.Image.Image image mode=RGB size=600x600 at 0x79C77DAE9B50>,Female,Black Blue White,,Short Sleeves,,Round Neck,Pleated,Dresses,1002108
<PIL.Image.Image image mode=RGB size=512x586 at 0x79C77DAE9EB0>,Female,,,Long Sleeved,,V-Necks,Pleated,Dresses,100211
<PIL.Image.Image image mode=RGB size=600x600 at 0x79C77DAEA180>,Female,Black White,,,,,Bandeaus,,1002111
<PIL.Image.Image image mode=RGB size=460x460 at 0x79C77DAEA480>,Female,Black Pink White,Chiffon Cotton,Sleeveless,,Round Neck,Summer,Casual Dresses,1002112
<PIL.Image.Image image mode=RGB size=600x600 at 0x79C77DAE87D0>,Female,Black Gray Red,Fleece,Long Sleeved,,Round Neck,,Hoodies & Sweatshirts,1002113
<PIL.Image.Image image mode=RGB size=600x600 at 0x79C77DAE8530>,Female,,Chiffon,,Floral,,Summer,Kimonos,1002114
<PIL.Image.Image image mode=RGB size=600x600 at 0x79C77DAEAE70>,Female,Red White,,Sleeveless,,Off The Shoulder,Spaghetti Straps,Tank Tops,1002116
<PIL.Image.Image image mode=RGB size=384x384 at 0x79C77DAD6630>,Female,,Nylon Spandex,,,,Bandeaus,Bikinis,1002118
<PIL.Image.Image image mode=RGB size=600x600 at 0x79C77DAD6000>,Female,Black White,,Long Sleeved,,Turtlenecks,Bodycon,Dresses,1002119
<PIL.Image.Image image mode=RGB size=364x548 at 0x79C77DAD4FE0>,Female,,Lace,Long Sleeved,,Round Neck,Bodycon,Dresses,1002121
<PIL.Image.Image image mode=RGB size=600x600 at 0x79C77DAD4E60>,Female,,,Sleeveless,Sequins,V-Necks,Spaghetti Straps,Jumpsuits Overalls & Rompers,1002122
<PIL.Image.Image image mode=RGB size=600x600 at 0x79C77DAD50A0>,Male,,,,Camouflage,,,Cargo Pants,1002123
<PIL.Image.Image image mode=RGB size=600x600 at 0x79C77DAC9940>,Male,,,,,Round Neck,,Jerseys,1002124
<PIL.Image.Image image mode=RGB size=600x600 at 0x79C77DC94620>,Female,Clear,Chiffon,Long Sleeved,,Round Neck,Pleated,Blouses,1002125
<PIL.Image.Image image mode=RGB size=600x600 at 0x79C77DACA150>,Female,Blue Green Purple,Wool,Long Sleeved,,V-Necks,,Trench Coats,1002127
<PIL.Image.Image image mode=RGB size=600x600 at 0x79C77DAE9E50>,Female,Black,Chiffon Leather,Sleeveless,Mesh,Backless Dresses,Spaghetti Straps,,1002128
<PIL.Image.Image image mode=RGB size=500x500 at 0x79C77DAE9340>,Neutral,,Leather,,,,Printed,Jackets,1002129
<PIL.Image.Image image mode=RGB size=600x600 at 0x79C77DAEB3E0>,Female,Blue,Cotton,Long Sleeved,,Collared,Bodycon,Dresses,100213
<PIL.Image.Image image mode=RGB size=390x600 at 0x79C77DAEB6E0>,Female,,Denim,,,,,Baggy Jeans,1002130
<PIL.Image.Image image mode=RGB size=600x600 at 0x79C77DAEBA10>,Neutral,,,Long Sleeved,,Round Neck,Bodycon,Dresses,1002131
<PIL.Image.Image image mode=RGB size=513x600 at 0x79C77DAEBCE0>,Male,,,,,,,Capri Pants,1002132
<PIL.Image.Image image mode=RGB size=600x600 at 0x79C77DAEB680>,Female,,Lace,,Mesh,,,Nightgowns,1002133
<PIL.Image.Image image mode=RGB size=600x600 at 0x79C77DAEB800>,Neutral,Red White,Velvet,,,,Furry,Capes & Capelets,1002135
<PIL.Image.Image image mode=RGB size=600x600 at 0x79C77DAEBD10>,Female,,,,,V-Necks,Pleated,Skirts,1002136
<PIL.Image.Image image mode=RGB size=600x600 at 0x79C77DAE8500>,Female,,,Sleeveless,,Racerback,Spaghetti Straps,Blouses,1002137
<PIL.Image.Image image mode=RGB size=587x400 at 0x79C77DAEAC60>,Female,Black,,Sleeveless,,Round Neck,Peplum,Dresses,1002142
<PIL.Image.Image image mode=RGB size=600x600 at 0x79C77DAEAED0>,Female,Black White,Lace,,,,,Shorts,1002143
<PIL.Image.Image image mode=RGB size=400x400 at 0x79C77DAB7D10>,Male,,Wool,Long Sleeved,Plaid,V-Necks,,Peacoats,1002144
<PIL.Image.Image image mode=RGB size=600x600 at 0x79C77DAF5610>,Female,,Cotton Linen,,Polka Dot,,Pleated,Skirts,1002145
<PIL.Image.Image image mode=RGB size=600x600 at 0x79C77DAF5940>,Female,,,Long Sleeved,Ruffles,Collared,Embroidered,Blouses,1002146
<PIL.Image.Image image mode=RGB size=600x600 at 0x79C77DAF5C40>,Male,,,Long Sleeved,,Collared,,T-Shirts,1002148
<PIL.Image.Image image mode=RGB size=600x600 at 0x79C77DAF5F40>,Female,Black,Polyester,Sleeveless,,Backless Dresses,,Tank Tops,1002149
<PIL.Image.Image image mode=RGB size=461x600 at 0x79C77DAF62A0>,Female,Red,,Sleeveless,,Round Neck,Printed,Casual Dresses,100215
<PIL.Image.Image image mode=RGB size=600x525 at 0x79C77DAF6570>,Female,,Chiffon Lace,Long Sleeved,,Off The Shoulder,,,1002151
<PIL.Image.Image image mode=RGB size=600x600 at 0x79C77DAF4980>,Female,Black Blue,Denim,,,,,,1002153
<PIL.Image.Image image mode=RGB size=344x458 at 0x79C77DAF4530>,Female,,Denim,,Ripped,,,Shorts,1002154
<PIL.Image.Image image mode=RGB size=600x600 at 0x79C77DAF6F00>,Female,Black White,Chiffon,Sleeveless,,Backless Dresses,Spaghetti Straps,,1002155
<PIL.Image.Image image mode=RGB size=380x322 at 0x79C77DAF7230>,Female,Black White,Cotton,Short Sleeves,,Round Neck,Printed,T-Shirts,1002156
<PIL.Image.Image image mode=RGB size=600x600 at 0x79C77DAF7530>,Female,,Polyester,Long Sleeved,,Round Neck,Bodycon,Casual Dresses,1002157
<PIL.Image.Image image mode=RGB size=600x598 at 0x79C77DAF7890>,Female,Black,,Long Sleeved,,Turtlenecks,Bodycon,Dresses,1002158
<PIL.Image.Image image mode=RGB size=596x579 at 0x79C77DAF7BC0>,Female,,Denim,,Ripped,,,Skinny Jeans,100216
<PIL.Image.Image image mode=RGB size=464x600 at 0x79C77DAF7E90>,Male,,,,Camouflage,,,Cargo Shorts,1002160
<PIL.Image.Image image mode=RGB size=424x600 at 0x79C77DAF7A40>,Female,Black,Lace,Sleeveless,Argyle,Round Neck,Asymmetric,Casual Dresses,1002162
<PIL.Image.Image image mode=RGB size=600x600 at 0x79C77DAF79B0>,Female,,Denim,Long Sleeved,,Collared,Embroidered,,1002163
<PIL.Image.Image image mode=RGB size=600x600 at 0x79C77DAF6840>,Male,,Nylon Spandex,,Stripes,,,Swim Trunks,1002164
<PIL.Image.Image image mode=RGB size=600x600 at 0x79C77DAF6960>,Female,,,Sleeveless,,V-Necks,Spaghetti Straps,,1002165
<PIL.Image.Image image mode=RGB size=600x600 at 0x79C77DAF67E0>,Female,Black Blue Green Red White,,Short Sleeves,,V-Necks,Asymmetric,,1002166
<PIL.Image.Image image mode=RGB size=600x600 at 0x79C77DAF6480>,Female,Blue White,,Sleeveless,,V-Necks,Summer,Casual Dresses,1002167
<PIL.Image.Image image mode=RGB size=600x593 at 0x79C77DAEBBC0>,Female,,Denim,Sleeveless,Ripped,Off The Shoulder,Bodycon,Jumpsuits Overalls & Rompers,1002168
<PIL.Image.Image image mode=RGB size=600x441 at 0x79C77DAEA960>,Female,Multi Color,Cotton Polyester,Sleeveless,,Round Neck,Spaghetti Straps,Party Dresses,1002169
<PIL.Image.Image image mode=RGB size=600x600 at 0x79C77DAEBEF0>,Female,Black White,Cotton Polyester,Long Sleeved,,Round Neck,Bodycon,Dresses,100217
<PIL.Image.Image image mode=RGB size=600x408 at 0x79C77DAD6AB0>,Male,,,,,,,Casual Shorts,1002171
<PIL.Image.Image image mode=RGB size=596x600 at 0x79C77DAEA390>,Female,Black White,,Long Sleeved,,Round Neck,,,1002174
<PIL.Image.Image image mode=RGB size=600x600 at 0x79C77DAD7350>,Male,,Denim,,Ripped,,,Casual Pants,1002176
<PIL.Image.Image image mode=RGB size=600x600 at 0x79C77DAEB350>,Female,,Chiffon,Sleeveless,Floral,V-Necks,Bandage,Jumpsuits Overalls & Rompers,1002179
<PIL.Image.Image image mode=RGB size=599x600 at 0x79C77DB00290>,Male,,Cotton,Short Sleeves,,Collared,,Polos,100218
<PIL.Image.Image image mode=RGB size=450x600 at 0x79C77DB01040>,Female,White,Chiffon,Strapless,,Sweetheart Neckline,Summer,Dresses,1002180
<PIL.Image.Image image mode=RGB size=600x600 at 0x79C77DB01310>,Female,,,Sleeveless,,Backless Dresses,Spaghetti Straps,Crop Tops,1002181
<PIL.Image.Image image mode=RGB size=600x600 at 0x79C77DB01610>,Female,White,Lace Satin,Sleeveless,Mesh,Sweetheart Neckline,Asymmetric,Wedding Dresses,1002182
<PIL.Image.Image image mode=RGB size=600x600 at 0x79C77DB01940>,Female,Black,Cotton,Long Sleeved,,Round Neck,,,1002184
<PIL.Image.Image image mode=RGB size=600x600 at 0x79C77DB01C40>,Female,Blue Orange Purple,Nylon,,,,,Yoga Pants,1002185
<PIL.Image.Image image mode=RGB size=600x600 at 0x79C77DB01F40>,Female,Black Blue Gray Red,Knit,Long Sleeved,,Turtlenecks,,,1002187
<PIL.Image.Image image mode=RGB size=600x600 at 0x79C77DB022A0>,Female,White,Chiffon,Long Sleeved,,,,Blouses,1002188
<PIL.Image.Image image mode=RGB size=600x600 at 0x79C77DB025D0>,Female,Black,Polyester,Puff Sleeves,Polka Dot Ruffles,Off The Shoulder,,Blouses,1002189
<PIL.Image.Image image mode=RGB size=587x400 at 0x79C77DAF7B30>,Female,Pink,Chiffon,Long Sleeved,,V-Necks,Asymmetric,,1002190
<PIL.Image.Image image mode=RGB size=399x600 at 0x79C77DAF5A30>,Female,,,Puff Sleeves,Floral,V-Necks,Embroidered,Casual Dresses,1002191
<PIL.Image.Image image mode=RGB size=600x600 at 0x79C77DAF4B60>,Female,Black,Satin,,,V-Necks,Spaghetti Straps,Pajamas,1002192
<PIL.Image.Image image mode=RGB size=600x600 at 0x79C77DAF6D20>,Male,Beige Blue Gray Red,Cotton,,,,,Casual Shorts,1002193
<PIL.Image.Image image mode=RGB size=600x600 at 0x79C77DB03500>,Female,,Cotton,Short Sleeves,,Backless Dresses,,,1002198
<PIL.Image.Image image mode=RGB size=600x480 at 0x79C77DB03800>,Female,,Silk,,,,,"Hosiery, Stockings, Tights",10022
<PIL.Image.Image image mode=RGB size=600x600 at 0x79C77DB03B30>,Male,Black Blue Green Red,Cotton Fleece,,Quilted,Turtlenecks,,Bubble Coats,100220
<PIL.Image.Image image mode=RGB size=600x600 at 0x79C77DB03E30>,Female,,Polyester Spandex,,,,Bandeaus,Bikinis,1002201
<PIL.Image.Image image mode=RGB size=600x600 at 0x79C77DB03AD0>,Male,,,,Camouflage,,,Athletic Pants,1002203
<PIL.Image.Image image mode=RGB size=600x600 at 0x79C77DB03B90>,Female,,,Sleeveless,,V-Necks,Vintage Retro,,1002204
<PIL.Image.Image image mode=RGB size=600x600 at 0x79C77DB02480>,Female,Red,Lace,Sleeveless,,V-Necks,Bodycon,Formal Dresses,1002205
<PIL.Image.Image image mode=RGB size=600x600 at 0x79C77DB02450>,Female,,Denim,,Ripped,,,Jeans,1002207
<PIL.Image.Image image mode=RGB size=600x600 at 0x79C77DB02990>,Female,Black Tan,Faux Fur Wool,Long Sleeved,,V-Necks,Furry,Trench Coats,1002208
<PIL.Image.Image image mode=RGB size=500x500 at 0x79C77DB02510>,Female,Black,Cotton Polyester,Sleeveless,,V-Necks,Spaghetti Straps,,1002209
<PIL.Image.Image image mode=RGB size=600x600 at 0x79C77DB15760>,Female,,Cotton,Sleeveless,,Off The Shoulder,Summer,Dresses,100221
<PIL.Image.Image image mode=RGB size=450x600 at 0x79C77DB15AC0>,Female,Black,,Sleeveless,Mesh,Round Neck,Bodycon,Cocktail Dresses,1002211
<PIL.Image.Image image mode=RGB size=600x600 at 0x79C77DB15DC0>,Female,Beige Black Red,Cotton Linen,,,,,Trousers,1002212
<PIL.Image.Image image mode=RGB size=600x580 at 0x79C77DB160F0>,Female,Blue,Wool,Long Sleeved,,,,Trench Coats,1002213
<PIL.Image.Image image mode=RGB size=600x600 at 0x79C77DB16450>,Female,,,Short Sleeves,Ruched,V-Necks,Peplum,,1002215
<PIL.Image.Image image mode=RGB size=600x600 at 0x79C77DB167B0>,Female,Pink,Suede,Long Sleeved,Fringe,Round Neck,Pleated,Skirts,1002216
<PIL.Image.Image image mode=RGB size=397x600 at 0x79C77DB14350>,Female,Black Pink,,Sleeveless,,V-Necks,Bandage,Dresses,1002217
<PIL.Image.Image image mode=RGB size=600x600 at 0x79C77DB143E0>,Female,,Polyester Spandex,,Camouflage,Round Neck,,Jerseys,1002218
<PIL.Image.Image image mode=RGB size=600x600 at 0x79C77DB17080>,Female,,,,,,Pleated,Skirts,1002220
<PIL.Image.Image image mode=RGB size=567x600 at 0x79C77DB173E0>,Female,White,Chiffon,Short Sleeves,,Off The Shoulder,,Blouses,1002223
<PIL.Image.Image image mode=RGB size=600x600 at 0x79C77DB01EE0>,Male,Black White,Cotton,Long Sleeved,,Round Neck,,,1002224
<PIL.Image.Image image mode=RGB size=460x460 at 0x79C77DB01E20>,Female,,,Long Sleeved,Ruched,Round Neck,Asymmetric,Dresses,1002225
<PIL.Image.Image image mode=RGB size=600x560 at 0x79C77DB01400>,Female,Black,,Long Sleeved,,V-Necks,Peplum,Suits & Blazers,1002226
<PIL.Image.Image image mode=RGB size=442x600 at 0x79C77DB00F20>,Male,,,Long Sleeved,,Turtlenecks,Printed,,1002227
<PIL.Image.Image image mode=RGB size=600x600 at 0x79C77DAF6A50>,Female,Black,Chiffon,,,,Pleated,,1002228
<PIL.Image.Image image mode=RGB size=116x140 at 0x79C77DAD6D50>,Female,,Polyester,,Galaxy,,,Leggings,1002229
<PIL.Image.Image image mode=RGB size=600x600 at 0x79C77DAF7110>,Male,Black Gray,,,,Round Neck,,Casual Pants,100223
<PIL.Image.Image image mode=RGB size=600x600 at 0x79C77DB16780>,Female,White,,Strapless,,Off The Shoulder,Summer,Dresses,1002230
<PIL.Image.Image image mode=RGB size=572x527 at 0x79C77DB174A0>,Male,,,Long Sleeved,Polka Dot,Round Neck,,Dress Shirts,1002231
<PIL.Image.Image image mode=RGB size=600x600 at 0x79C77DB14B00>,Female,Green Red,,,,,,Sweatpants,1002232
<PIL.Image.Image image mode=RGB size=600x600 at 0x79C77DB15D30>,Female,,,Long Sleeved,Polka Dot,Round Neck,,Dresses,1002233
<PIL.Image.Image image mode=RGB size=587x400 at 0x79C77DB17980>,Female,,Chiffon,Sleeveless,,,Summer,Maternity,1002234
<PIL.Image.Image image mode=RGB size=600x600 at 0x79C77DB17CB0>,Female,,,Long Sleeved,,Off The Shoulder,Bodycon,Skirts,1002235
<PIL.Image.Image image mode=RGB size=600x600 at 0x79C77DB15B50>,Female,,Cotton,Sleeveless,,Racerback,,Tank Tops,1002236
<PIL.Image.Image image mode=RGB size=600x600 at 0x79C77DB15190>,Female,Green Red,,Long Sleeved,,V-Necks,,Suits & Blazers,1002237
<PIL.Image.Image image mode=RGB size=600x600 at 0x79C77DB17D10>,Female,White,,Sleeveless,,Round Neck,,,1002238
<PIL.Image.Image image mode=RGB size=600x600 at 0x79C77DB177D0>,Female,,,,Ruffles,Square Necked,Pleated,Uniforms,1002239
<PIL.Image.Image image mode=RGB size=600x600 at 0x79C77DB17380>,Male,,Cotton Spandex,,,,,Thermal Underwear,1002241
<PIL.Image.Image image mode=RGB size=600x600 at 0x79C77DAEAD80>,Female,Black Blue Pink,Polyester,Sleeveless,,Round Neck,Pleated,Dresses,1002242
<PIL.Image.Image image mode=RGB size=600x600 at 0x79C77DB001D0>,Female,Clear,Nylon Spandex,,,,,Athletic Shorts,1002243
<PIL.Image.Image image mode=RGB size=600x600 at 0x79C77DB215E0>,Female,,Polyester,,,,,Suits & Blazers,1002244
<PIL.Image.Image image mode=RGB size=263x240 at 0x79C77DB218E0>,Female,,,Sleeveless,,V-Necks,,Crop Tops,1002245
<PIL.Image.Image image mode=RGB size=294x600 at 0x79C77DB21C40>,Neutral,White,,Long Sleeved,,Turtlenecks,Asymmetric,Dresses,1002246
<PIL.Image.Image image mode=RGB size=600x600 at 0x79C77DB21FD0>,Female,,Lace,Long Sleeved,Chevron,Round Neck,Bandage,Blouses,1002247
<PIL.Image.Image image mode=RGB size=600x600 at 0x79C77DB22330>,Female,,Lace,Sleeveless,,Racerback,Peplum,Blouses,1002248
<PIL.Image.Image image mode=RGB size=600x600 at 0x79C77DB22660>,Female,Black,Chiffon,Long Sleeved,,Round Neck,Asymmetric,Casual Dresses,1002249
<PIL.Image.Image image mode=RGB size=600x600 at 0x79C77DB20890>,Female,,Cotton,,,,,Maternity,100225
<PIL.Image.Image image mode=RGB size=600x600 at 0x79C77DB20350>,Female,Black White,Lace,Long Sleeved,,V-Necks,,Suits & Blazers,1002252
<PIL.Image.Image image mode=RGB size=600x600 at 0x79C77DB22ED0>,Female,,,Long Sleeved,,Off The Shoulder,,Blouses,1002253
<PIL.Image.Image image mode=RGB size=400x400 at 0x79C77DB23200>,Female,,,Sleeveless,Chevron,Round Neck,Summer,Casual Dresses,1002254
<PIL.Image.Image image mode=RGB size=398x600 at 0x79C77DB23500>,Female,,Denim,,Floral Ripped,,Embroidered,,1002255
<PIL.Image.Image image mode=RGB size=600x573 at 0x79C77DB23800>,Male,,,Long Sleeved,,V-Necks,,,1002256
<PIL.Image.Image image mode=RGB size=423x600 at 0x79C77DB23B30>,Female,Red White,Organza,Strapless,,Sweetheart Neckline,Asymmetric,Wedding Dresses,1002258
<PIL.Image.Image image mode=RGB size=600x600 at 0x79C77DB23E90>,Female,Yellow,,,,Off The Shoulder,Pleated,Skirts,1002259
<PIL.Image.Image image mode=RGB size=600x600 at 0x79C77DB23AD0>,Male,Blue Pink,Cotton,Long Sleeved,,Collared,,Casual Shirts,100226
<PIL.Image.Image image mode=RGB size=600x600 at 0x79C77DB23260>,Male,,,Long Sleeved,,Collared,,Dress Shirts,1002260
<PIL.Image.Image image mode=RGB size=600x600 at 0x79C77DB224E0>,Female,Red,,,Leopard And Cheetah,,,Athletic Shorts,1002261
<PIL.Image.Image image mode=RGB size=600x600 at 0x79C77DB22630>,Female,Green,,Sleeveless,,Off The Shoulder,Summer,Dresses,1002263
<PIL.Image.Image image mode=RGB size=600x600 at 0x79C77DB226F0>,Neutral,,,,,Collared,,Suits & Blazers,1002266
<PIL.Image.Image image mode=RGB size=600x600 at 0x79C77DB22510>,Female,White,,Sleeveless,Floral,Backless Dresses,Spaghetti Straps,,1002267
<PIL.Image.Image image mode=RGB size=600x600 at 0x79C77DB21D00>,Male,,,Long Sleeved,,Round Neck,,Athletic Shirts,1002268
<PIL.Image.Image image mode=RGB size=600x600 at 0x79C77DB22F60>,Female,,,Long Sleeved,,Off The Shoulder,Bodycon,Party Dresses,1002269
<PIL.Image.Image image mode=RGB size=600x561 at 0x79C77DB22210>,Female,Black White,Polyester,Sleeveless,,Round Neck,Bodycon,Skirts,100227
<PIL.Image.Image image mode=RGB size=600x600 at 0x79C77DB210D0>,Female,Black Blue Red White,,Sleeveless,,V-Necks,Pleated,Skirts,1002271
<PIL.Image.Image image mode=RGB size=600x600 at 0x79C77DB203B0>,Female,Pink,Nylon Spandex,,,V-Necks,,Swimsuits,1002272
<PIL.Image.Image image mode=RGB size=500x500 at 0x79C77DB23EF0>,Female,,,Sleeveless,Chevron,Off The Shoulder,Summer,Party Dresses,1002273
<PIL.Image.Image image mode=RGB size=600x540 at 0x79C77DB21700>,Female,Blue Pink Purple Red,Chiffon Lace,Sleeveless,Ruched,Sweetheart Neckline,Spaghetti Straps,Cocktail Dresses,1002274
<PIL.Image.Image image mode=RGB size=600x600 at 0x79C77DB206B0>,Neutral,,,,,Round Neck,,Capes & Capelets,1002275
<PIL.Image.Image image mode=RGB size=461x600 at 0x79C77DB2C1D0>,Female,Multi Color,Polyester,Strapless,,Off The Shoulder,Summer,Casual Dresses,1002278
<PIL.Image.Image image mode=RGB size=600x600 at 0x79C77DB2D340>,Female,,Spandex,Sleeveless,,Round Neck,,Swimsuits,1002279
<PIL.Image.Image image mode=RGB size=534x534 at 0x79C77DB2D520>,Female,,Lace,Long Sleeved,,Round Neck,Bodycon,Dresses,100228
<PIL.Image.Image image mode=RGB size=600x600 at 0x79C77DB2D880>,Female,Beige Black Blue Gray Green Pink Purple Red White Yellow,,Sleeveless,,V-Necks,Bodycon,Dresses,1002281
<PIL.Image.Image image mode=RGB size=600x600 at 0x79C77DB2DB80>,Female,,,Long Sleeved,,Collared,Vintage Retro,Blouses,1002283
<PIL.Image.Image image mode=RGB size=600x599 at 0x79C77DB2DEB0>,Male,Black,,Sleeveless,,V-Necks,,Jumpsuits Overalls & Rompers,1002285
<PIL.Image.Image image mode=RGB size=600x600 at 0x79C77DB2E210>,Female,,Lace,Short Sleeves,,Round Neck,Peplum,Blouses,1002286
<PIL.Image.Image image mode=RGB size=429x600 at 0x79C77DB2E510>,Neutral,Red,Lace Tulle,Long Sleeved,,Square Necked,Asymmetric,Wedding Dresses,1002287
<PIL.Image.Image image mode=RGB size=600x600 at 0x79C77DB15610>,Female,Blue,Polyester,Sleeveless,,V-Necks,Bodycon,,1002288
<PIL.Image.Image image mode=RGB size=599x600 at 0x79C77DB175C0>,Female,Blue Pink,Polyester,Long Sleeved,,V-Necks,Vintage Retro,,1002289
<PIL.Image.Image image mode=RGB size=600x600 at 0x79C77DAF6540>,Male,Blue Red,,,,,,Jackets,100229
<PIL.Image.Image image mode=RGB size=600x600 at 0x79C77DAF6930>,Female,,Knit,Long Sleeved,,,,Cardigans,1002291
<PIL.Image.Image image mode=RGB size=599x600 at 0x79C77DB2F500>,Female,,,,Floral,,,Kimonos,1002292
<PIL.Image.Image image mode=RGB size=514x502 at 0x79C77DB2F860>,Male,,Fleece,Long Sleeved,,Turtlenecks,,Jackets,1002293
<PIL.Image.Image image mode=RGB size=587x400 at 0x79C77DB2FB90>,Female,,,Sleeveless,,Round Neck,Bandage,Cocktail Dresses,1002294
<PIL.Image.Image image mode=RGB size=600x519 at 0x79C77DB2FE90>,Male,White,,,,,,Casual Shorts,1002295
<PIL.Image.Image image mode=RGB size=600x600 at 0x79C77DB2FB30>,Male,White,,Short Sleeves,,Round Neck,Printed,T-Shirts,1002298
<PIL.Image.Image image mode=RGB size=594x600 at 0x79C77DB2FBF0>,Female,,Chiffon Lace,Sleeveless,,V-Necks,Peplum,Blouses,1002299
<PIL.Image.Image image mode=RGB size=600x600 at 0x79C77DB2E7B0>,Female,,,Sleeveless,Chevron,U-Necks,Spaghetti Straps,,10023
<PIL.Image.Image image mode=RGB size=480x519 at 0x79C77DB2E870>,Female,Black Green Pink Red,Chiffon,Long Sleeved,Mesh,Round Neck,Peplum,,100230
<PIL.Image.Image image mode=RGB size=600x600 at 0x79C77DB2E750>,Female,,,,,,,,1002304
<PIL.Image.Image image mode=RGB size=600x600 at 0x79C77DB2DE50>,Female,Black Pink Red,,,,,Pleated,Skirts,1002306
<PIL.Image.Image image mode=RGB size=600x600 at 0x79C77DB45430>,Female,,Spandex,,,,,Athletic Pants,1002307
<PIL.Image.Image image mode=RGB size=600x600 at 0x79C77DB45790>,Male,Black,Wool,Long Sleeved,Plaid,,,Trench Coats,1002309
<PIL.Image.Image image mode=RGB size=600x600 at 0x79C77DB45A90>,Female,,,Long Sleeved,,V-Necks,,Cardigans,100231
<PIL.Image.Image image mode=RGB size=600x600 at 0x79C77DB45DC0>,Female,,,,,,Printed,,1002310
<PIL.Image.Image image mode=RGB size=600x598 at 0x79C77DB460F0>,Female,,Chiffon,Short Sleeves,,Round Neck,Hollow-Out,Blouses,1002311
<PIL.Image.Image image mode=RGB size=600x600 at 0x79C77DB46420>,Female,Blue White,Chiffon Organza,Short Sleeves,,Round Neck,Summer,Fashion Sets,1002315
<PIL.Image.Image image mode=RGB size=600x600 at 0x79C77DB44830>,Female,White,Cotton,Sleeveless,,Round Neck,,Maternity,1002316
<PIL.Image.Image image mode=RGB size=600x600 at 0x79C77DB442C0>,Female,Black White,Cotton,Sleeveless,,Backless Dresses,Spaghetti Straps,Crop Tops,1002317
<PIL.Image.Image image mode=RGB size=400x533 at 0x79C77DB46E10>,Female,Gold,Chiffon,Sleeveless,,V-Necks,Summer,Casual Dresses,1002318
<PIL.Image.Image image mode=RGB size=600x600 at 0x79C77DB470E0>,Female,,,,,,,,1002319
<PIL.Image.Image image mode=RGB size=600x600 at 0x79C77DB47440>,Female,Blue,,Sleeveless,Ruffles,Off The Shoulder,Asymmetric,Dresses,100232
<PIL.Image.Image image mode=RGB size=433x417 at 0x79C77D99F470>,Male,White,Cotton,Short Sleeves,,Round Neck,,T-Shirts,1002321
<PIL.Image.Image image mode=RGB size=400x600 at 0x79C77DB2FA70>,Female,,,,Galaxy,Round Neck,,,1002322
<PIL.Image.Image image mode=RGB size=600x600 at 0x79C77DB2D700>,Female,Black Gold Pink Red,,Sleeveless,,Off The Shoulder,Spaghetti Straps,Dresses,1002323
<PIL.Image.Image image mode=RGB size=587x400 at 0x79C77DB2C200>,Female,Black Blue Gray Purple Red White,,,,V-Necks,,Trench Coats,1002324
<PIL.Image.Image image mode=RGB size=600x600 at 0x79C77DB2E270>,Female,Blue,,Sleeveless,,Off The Shoulder,Wrap,Dresses,1002325
<PIL.Image.Image image mode=RGB size=600x600 at 0x79C77DB2DE20>,Female,Black White,,Long Sleeved,,Round Neck,Pleated,Casual Dresses,1002326
<PIL.Image.Image image mode=RGB size=600x600 at 0x79C77DB463F0>,Female,,,,,,,Corsets,1002328
<PIL.Image.Image image mode=RGB size=598x600 at 0x79C77DB47680>,Female,,,Long Sleeved,,Round Neck,Bodycon,Casual Dresses,1002329
<PIL.Image.Image image mode=RGB size=600x600 at 0x79C77DB46D80>,Female,Black Gray Red White,,Sleeveless,,Backless Dresses,Spaghetti Straps,Pajamas,100233
<PIL.Image.Image image mode=RGB size=460x457 at 0x79C77DB45D30>,Neutral,Blue Red,Cotton,Sleeveless,,Round Neck,Summer,Dresses,1002330
<PIL.Image.Image image mode=RGB size=600x600 at 0x79C77DB477A0>,Female,Black White,Nylon Spandex,,,,,Swimsuits,1002331
<PIL.Image.Image image mode=RGB size=600x600 at 0x79C77DB47AA0>,Female,,,Short Sleeves,,Off The Shoulder,Pleated,Party Dresses,1002332
<PIL.Image.Image image mode=RGB size=600x600 at 0x79C77DB47E30>,Female,Black White,Polyester,Sleeveless,,V-Necks,Bodycon,Dresses,1002333
<PIL.Image.Image image mode=RGB size=600x600 at 0x79C77DB47A70>,Male,Black Blue Red,,,,,,Jackets,1002334
<PIL.Image.Image image mode=RGB size=587x400 at 0x79C77DB47B60>,Female,Pink,,Puff Sleeves,Ruffles,Sweetheart Neckline,Pleated,Skirts,1002338
<PIL.Image.Image image mode=RGB size=600x600 at 0x79C77DB229C0>,Male,Blue Brown Red,Faux Fur,Long Sleeved,Quilted,Collared,Furry,Jackets,1002339
<PIL.Image.Image image mode=RGB size=397x600 at 0x79C77DB225D0>,Female,Black Blue Purple Red White,Satin,Short Sleeves,,V-Necks,Wrap,Robes,100234
<PIL.Image.Image image mode=RGB size=393x600 at 0x79C77DB01100>,Female,,Lace,Sleeveless,Mesh Ruffles,,Hollow-Out,Lingerie Sleepwear & Underwear,1002340
<PIL.Image.Image image mode=RGB size=600x600 at 0x79C77DB2C980>,Female,,,Long Sleeved,Floral,V-Necks,Asymmetric,Casual Dresses,1002344
<PIL.Image.Image image mode=RGB size=600x600 at 0x79C77DB55490>,Female,,Knit,Long Sleeved,,Off The Shoulder,,,1002346
<PIL.Image.Image image mode=RGB size=600x600 at 0x79C77DB55790>,Female,,Spandex,Long Sleeved,,Off The Shoulder,,Hoodies & Sweatshirts,1002347
<PIL.Image.Image image mode=RGB size=600x600 at 0x79C77DB55AF0>,Female,,Wool,Long Sleeved,,V-Necks,,,1002348
<PIL.Image.Image image mode=RGB size=508x600 at 0x79C77DB55DC0>,Male,,,,,,,Casual Shorts,1002349
<PIL.Image.Image image mode=RGB size=600x600 at 0x79C77DB560C0>,Female,,,,,,Pleated,Pencil Skirts,1002351
<PIL.Image.Image image mode=RGB size=600x600 at 0x79C77DB563C0>,Female,Beige Black Pink Purple Red White,Lace Silk,,Mesh,,,"Hosiery, Stockings, Tights",1002352
<PIL.Image.Image image mode=RGB size=600x600 at 0x79C77DB54770>,Female,,,Sleeveless,,Racerback,,Tank Tops,1002353
<PIL.Image.Image image mode=RGB size=600x600 at 0x79C77DB54110>,Female,,Nylon Polyester Spandex,Sleeveless,,Racerback,Furry,Tank Tops,1002354
<PIL.Image.Image image mode=RGB size=450x600 at 0x79C77DB56CF0>,Female,Blue,Tulle,Strapless,Sequins,Sweetheart Neckline,Beaded,Prom Dresses,1002356
<PIL.Image.Image image mode=RGB size=469x600 at 0x79C77DB57080>,Female,Black,Tulle,Sleeveless,Sequins,Sweetheart Neckline,,Tutus,1002357
<PIL.Image.Image image mode=RGB size=600x600 at 0x79C77DB57380>,Female,Black Red White,,Strapless,,Sweetheart Neckline,,Corsets,100236
<PIL.Image.Image image mode=RGB size=600x600 at 0x79C77DB57680>,Female,Black Green Red White Yellow,Chiffon,Sleeveless,,,Spaghetti Straps,Swimsuit Cover-ups,1002361
<PIL.Image.Image image mode=RGB size=600x576 at 0x79C77DB57980>,Male,,Cotton,Long Sleeved,,Collared,,Dress Shirts,1002362
<PIL.Image.Image image mode=RGB size=600x467 at 0x79C77DB57C50>,Female,,Cotton,Long Sleeved,,,,Bubble Coats,1002363
<PIL.Image.Image image mode=RGB size=460x460 at 0x79C77DB57D40>,Female,,Cotton Faux Fur,Long Sleeved,Leopard And Cheetah,Collared,Furry,Jackets,1002366
<PIL.Image.Image image mode=RGB size=487x600 at 0x79C77DB57BF0>,Female,,Chiffon,Long Sleeved,Leopard And Cheetah,,,Blouses,1002367
<PIL.Image.Image image mode=RGB size=600x600 at 0x79C77DB56630>,Female,Green,,,,,,Yoga Pants,1002368
<PIL.Image.Image image mode=RGB size=600x600 at 0x79C77DB55E80>,Neutral,Blue,Cotton,Long Sleeved,,Round Neck,Peplum,,1002369
<PIL.Image.Image image mode=RGB size=596x592 at 0x79C77DB565D0>,Male,Red,Fleece,Long Sleeved,Quilted,V-Necks,,Hoodies & Sweatshirts,1002371
<PIL.Image.Image image mode=RGB size=600x600 at 0x79C77DB57C80>,Female,,Denim,Sleeveless,,Off The Shoulder,Summer,Casual Dresses,1002372
<PIL.Image.Image image mode=RGB size=600x600 at 0x79C77DB61340>,Female,,Lace Spandex,Long Sleeved,,Round Neck,Bodycon,Party Dresses,1002373
<PIL.Image.Image image mode=RGB size=600x600 at 0x79C77DB61640>,Female,Black White,Polyester,Long Sleeved,Mesh,Round Neck,Bodycon,Dresses,1002374
<PIL.Image.Image image mode=RGB size=600x600 at 0x79C77E677830>,Female,Black Green,Lace,Long Sleeved,,Turtlenecks,Vintage Retro,Dresses,1002375
<PIL.Image.Image image mode=RGB size=459x600 at 0x79C77DB545C0>,Male,Gray,,Long Sleeved,,Collared,,Suits & Blazers,1002376
<PIL.Image.Image image mode=RGB size=600x600 at 0x79C77DB556A0>,Female,Black Red White,Knit,,,Off The Shoulder,,Bodysuits,1002377
<PIL.Image.Image image mode=RGB size=600x600 at 0x79C77DB559D0>,Female,Red,,Strapless,,Sweetheart Neckline,Vintage Retro,Corsets,1002378
<PIL.Image.Image image mode=RGB size=591x600 at 0x79C77DB2FF50>,Female,,Spandex,Sleeveless,Galaxy,Racerback,Printed,Tank Tops,1002379
<PIL.Image.Image image mode=RGB size=600x600 at 0x79C77DB46960>,Female,Blue Green Orange Pink,Nylon,,,,,Swimsuits,100238
<PIL.Image.Image image mode=RGB size=600x540 at 0x79C77DCA3110>,Female,,Chiffon,Sleeveless,,Round Neck,Pleated,Skirts,1002381
<PIL.Image.Image image mode=RGB size=323x332 at 0x79C77DB573E0>,Female,,Polyester,Long Sleeved,Quilted,,Furry,Jackets,1002382
<PIL.Image.Image image mode=RGB size=600x600 at 0x79C77DB61550>,Female,Beige Blue,Polyester,Long Sleeved,,Off The Shoulder,Vintage Retro,Blouses,1002383
<PIL.Image.Image image mode=RGB size=399x600 at 0x79C77DB61940>,Female,,,Long Sleeved,,Square Necked,Bandage,Costumes & Cosplay,1002384
<PIL.Image.Image image mode=RGB size=600x600 at 0x79C77DB619D0>,Neutral,,Polyester,Short Sleeves,,Round Neck,,Jerseys,1002385
<PIL.Image.Image image mode=RGB size=600x600 at 0x79C77DB61DF0>,Female,,,,,V-Necks,,Swimsuits,1002386
<PIL.Image.Image image mode=RGB size=375x600 at 0x79C77DB62150>,Female,,Silk,Sleeveless,,V-Necks,Summer,Casual Dresses,1002388
<PIL.Image.Image image mode=RGB size=600x600 at 0x79C77DB62480>,Female,,,,,,Summer,Shorts,1002390
<PIL.Image.Image image mode=RGB size=500x500 at 0x79C77DB47170>,Female,,Wool,Long Sleeved,,V-Necks,,Trench Coats,1002391
<PIL.Image.Image image mode=RGB size=600x600 at 0x79C77DB547D0>,Male,,,Long Sleeved,,Round Neck,,T-Shirts,1002392
<PIL.Image.Image image mode=RGB size=600x600 at 0x79C77DB47320>,Female,,,Long Sleeved,,Turtlenecks,,,1002394
<PIL.Image.Image image mode=RGB size=600x600 at 0x79C77DB47E90>,Male,Blue,Cotton,,Ripped,,,Jumpsuits Overalls & Rompers,1002396
<PIL.Image.Image image mode=RGB size=600x600 at 0x79C77DB63350>,Female,,Cotton Polyester,Long Sleeved,,V-Necks,,Crop Tops,1002397
<PIL.Image.Image image mode=RGB size=489x489 at 0x79C77DB636B0>,Female,Black Red,Knit,Long Sleeved,,V-Necks,,Jackets,1002398
<PIL.Image.Image image mode=RGB size=600x600 at 0x79C77DB639E0>,Neutral,,,,,V-Necks,,Sweatpants,10024
<PIL.Image.Image image mode=RGB size=400x600 at 0x79C77DB63D40>,Female,,,Long Sleeved,Ruched,V-Necks,Bandage,Clubbing Dresses,100240
<PIL.Image.Image image mode=RGB size=585x585 at 0x79C77DB63980>,Female,,,Sleeveless,Zebra,Round Neck,Asymmetric,Dresses,1002400
<PIL.Image.Image image mode=RGB size=600x399 at 0x79C77DB62060>,Female,Pink,,,,,,Underwear,1002401
<PIL.Image.Image image mode=RGB size=600x600 at 0x79C77DB62390>,Female,,Velvet,Long Sleeved,,V-Necks,Tunic,Dresses,1002402
<PIL.Image.Image image mode=RGB size=474x480 at 0x79C77DB62AE0>,Female,,Knit,Long Sleeved,,Turtlenecks,Pleated,Pullover Sweaters,1002403
<PIL.Image.Image image mode=RGB size=600x600 at 0x79C77DB62840>,Female,Black Yellow,Cotton,Short Sleeves,Pin Stripes,V-Necks,,,1002404
<PIL.Image.Image image mode=RGB size=600x600 at 0x79C77DB62300>,Female,,Cotton,Long Sleeved,,Round Neck,Tunic,Hoodies & Sweatshirts,1002405
<PIL.Image.Image image mode=RGB size=499x600 at 0x79C77DB71520>,Female,,Chiffon,Sleeveless,Geometric,V-Necks,,Tank Tops,100241
<PIL.Image.Image image mode=RGB size=600x600 at 0x79C77DB717F0>,Female,,,Long Sleeved,,Off The Shoulder,,Jumpsuits Overalls & Rompers,1002410
<PIL.Image.Image image mode=RGB size=600x600 at 0x79C77DB71AF0>,Male,,,,,,,Sweatpants,1002411
<PIL.Image.Image image mode=RGB size=400x600 at 0x79C77DB71E50>,Female,Black,Lace,Long Sleeved,Crochet,Round Neck,Summer,Dresses,1002412
<PIL.Image.Image image mode=RGB size=400x600 at 0x79C77DB721B0>,Female,Black,,Sleeveless,Mesh,,Spaghetti Straps,Dresses,1002413
<PIL.Image.Image image mode=RGB size=600x600 at 0x79C77DB72510>,Female,Black,,Long Sleeved,,Shoulder Drapes,Tunic,Blouses,1002414
<PIL.Image.Image image mode=RGB size=540x600 at 0x79C77DB70620>,Female,Yellow,Rayon,Sleeveless,,V-Necks,Summer,Casual Dresses,1002415
<PIL.Image.Image image mode=RGB size=393x600 at 0x79C77DB703B0>,Female,Black White,,,,,,Thigh Highs,1002417
<PIL.Image.Image image mode=RGB size=600x600 at 0x79C77DB72E70>,Female,White,,Long Sleeved,,Round Neck,,Blouses,1002418
<PIL.Image.Image image mode=RGB size=311x333 at 0x79C77DB731D0>,Female,,Leather,Sleeveless,,Sweetheart Neckline,Bodycon,Dresses,1002419
<PIL.Image.Image image mode=RGB size=600x600 at 0x79C77DB73530>,Female,Blue,Denim,,Ripped,,,Casual Shorts,1002420
<PIL.Image.Image image mode=RGB size=600x600 at 0x79C77DB73800>,Male,,,Long Sleeved,,,,Suits & Blazers,1002421
<PIL.Image.Image image mode=RGB size=384x600 at 0x79C77DB73B60>,Female,,,Long Sleeved,Polka Dot,Round Neck,Tunic,Blouses,1002422
<PIL.Image.Image image mode=RGB size=600x600 at 0x79C77DB63F50>,Female,Black Pink Red White,Lace,,,Sweetheart Neckline,Spaghetti Straps,Lingerie Sleepwear & Underwear,1002423
<PIL.Image.Image image mode=RGB size=400x400 at 0x79C77DB61160>,Neutral,,Cotton,Long Sleeved,Quilted,Round Neck,Furry,Bubble Coats,1002424
<PIL.Image.Image image mode=RGB size=320x600 at 0x79C77DB63C20>,Neutral,,Cotton,Short Sleeves,,Round Neck,,Maternity,1002425
<PIL.Image.Image image mode=RGB size=600x600 at 0x79C77DB625D0>,Female,Black White,Lace,Sleeveless,,Backless Dresses,,,1002427
<PIL.Image.Image image mode=RGB size=600x600 at 0x79C77DB60170>,Female,Black,,Sleeveless,,,,Swimsuits,1002428
<PIL.Image.Image image mode=RGB size=600x600 at 0x79C77DB72570>,Female,Black Blue Red,Knit,,Geometric,,,Capes & Capelets,100243
<PIL.Image.Image image mode=RGB size=470x600 at 0x79C77DB73950>,Female,,,,,,,Harem Pants,1002430
<PIL.Image.Image image mode=RGB size=600x600 at 0x79C77DB70350>,Female,Black Blue,,Long Sleeved,,,,Uniforms,1002431
<PIL.Image.Image image mode=RGB size=600x600 at 0x79C77DB71730>,Female,,Knit Spandex,Sleeveless,,Racerback,Spaghetti Straps,Tank Tops,1002432
<PIL.Image.Image image mode=RGB size=497x497 at 0x79C77DB737A0>,Female,,Cotton,Sleeveless,Galaxy,Racerback,Spaghetti Straps,Tank Tops,1002433
<PIL.Image.Image image mode=RGB size=600x600 at 0x79C77DB73D40>,Female,,Wool,Long Sleeved,,V-Necks,Printed,Cardigans,1002434
<PIL.Image.Image image mode=RGB size=600x444 at 0x79C77DB73C50>,Female,,,Long Sleeved,,V-Necks,Wrap,Casual Dresses,1002435
<PIL.Image.Image image mode=RGB size=600x600 at 0x79C77DB723C0>,Female,Black,Polyester,Sleeveless,,,Embroidered,Dresses,1002437
<PIL.Image.Image image mode=RGB size=253x281 at 0x79C77DB44320>,Male,,,Long Sleeved,,V-Necks,,Suits & Blazers,1002438
<PIL.Image.Image image mode=RGB size=600x600 at 0x79C77DB2D760>,Female,Black White,,Sleeveless,Crochet,Backless Dresses,,Crop Tops,1002439
<PIL.Image.Image image mode=RGB size=600x600 at 0x79C77DB61130>,Female,,,Sleeveless,,Backless Dresses,Summer,Dresses,1002442
<PIL.Image.Image image mode=RGB size=401x600 at 0x79C77DB55970>,Female,,,Sleeveless,Mesh,Sweetheart Neckline,Bodycon,Lingerie Sleepwear & Underwear,1002444
<PIL.Image.Image image mode=RGB size=600x600 at 0x79C77DB81430>,Female,,,Short Sleeves,Tie Dye,Off The Shoulder,Summer,Casual Dresses,1002447
<PIL.Image.Image image mode=RGB size=600x600 at 0x79C77DB81760>,Female,,Cotton,,,,,Jackets,100245
<PIL.Image.Image image mode=RGB size=600x600 at 0x79C77DB81A90>,Male,Blue Green,Cotton Linen,,,,,Shorts,1002450
<PIL.Image.Image image mode=RGB size=400x600 at 0x79C77DB81DC0>,Female,White,Lace Satin,,,V-Necks,,Robes,1002451
<PIL.Image.Image image mode=RGB size=600x398 at 0x79C77DB82120>,Female,,,Long Sleeved,,Round Neck,Hollow-Out,Dresses,1002452
<PIL.Image.Image image mode=RGB size=368x600 at 0x79C77DB82450>,Female,,,Sleeveless,,Racerback,Pleated,Dresses,1002454
